{"MELOS/USDT": {"last": 0.005689, "ask": 0.005738, "bid": 0.005632}, "MMC/USDT": {"last": 0.049082, "ask": 0.049082, "bid": 0.046731}, "ETH3S/USDT": {"last": 0.6501, "ask": 0.6511, "bid": 0.6501}, "SYNR/USDT": {"last": 0.001096, "ask": 0.001101, "bid": 0.001089}, "MEE/USDT": {"last": 0.004277, "ask": 0.004281, "bid": 0.004274}, "TIME/USDT": {"last": 24.9562, "ask": 25.5086, "bid": 24.9624}, "VINU/USDT": {"last": 9.99e-09, "ask": 1.002e-08, "bid": 9.97e-09}, "EOS2L/USDT": {"last": 2.628, "ask": 2.628, "bid": 2.6145}, "USTC/USDT": {"last": 0.01479, "ask": 0.01484, "bid": 0.01479}, "PIP/USDT": {"last": 0.24733, "ask": 0.24778, "bid": 0.24733}, "DOT3S/USDT": {"last": 2.4673, "ask": 2.4647, "bid": 2.4573}, "DZOO/USDT": {"last": 0.01211, "ask": 0.012362, "bid": 0.012054}, "IME/USDT": {"last": 0.000152, "ask": 0.00015, "bid": 0.00014899}, "LING/USDT": {"last": 0.00312, "ask": 0.003136, "bid": 0.003077}, "MX/USDT": {"last": 2.5997, "ask": 2.6111, "bid": 2.5968}, "AVAX2L/USDT": {"last": 4.3962, "ask": 4.4114, "bid": 4.3994}, "APE2L/USDT": {"last": 1.9314, "ask": 1.936, "bid": 1.9306}, "ROND/USDT": {"last": 0.004346, "ask": 0.004375, "bid": 0.004346}, "ACS/USDT": {"last": 0.0040228, "ask": 0.0040228, "bid": 0.0040108}, "ATOM2L/USDT": {"last": 5.7032, "ask": 5.7132, "bid": 5.7008}, "TAP/USDT": {"last": 0.004005, "ask": 0.004027, "bid": 0.004002}, "CGPT/USDT": {"last": 0.154283, "ask": 0.1544, "bid": 0.154022}, "CEL/USDT": {"last": 0.2125, "ask": 0.2137, "bid": 0.2127}, "DOT3L/USDT": {"last": 0.7147, "ask": 0.7178, "bid": 0.7156}, "SAITAMA/USDT": {"last": 0.0009702, "ask": 0.0009705, "bid": 0.0009704}, "EOS2S/USDT": {"last": 8.0227, "ask": 8.0224, "bid": 7.9795}, "MBX/USDT": {"last": 0.897, "ask": 0.9, "bid": 0.894}, "RACA/USDT": {"last": 0.00014859, "ask": 0.00014877, "bid": 0.0001477}, "STRM/USDT": {"last": 0.01225, "ask": 0.0123, "bid": 0.012246}, "VPAD/USDT": {"last": 0.02849, "ask": 0.0285, "bid": 0.02849}, "PRIMAL/USDT": {"last": 0.00245, "ask": 0.002466, "bid": 0.00242}, "THN/USDT": {"last": 0.034302, "ask": 0.034578, "bid": 0.034188}, "ETH3L/USDT": {"last": 1.1606, "ask": 1.1627, "bid": 1.1606}, "CULT/USDT": {"last": 3.696e-06, "ask": 3.735e-06, "bid": 3.657e-06}, "MTK/USDT": {"last": 0.0147, "ask": 0.0149, "bid": 0.01462}, "CUSD/USDT": {"last": 0.9945, "ask": 0.9984, "bid": 0.9945}, "XYM/USDT": {"last": 0.02927, "ask": 0.02927, "bid": 0.02905}, "XDC/USDT": {"last": 0.0335, "ask": 0.0335, "bid": 0.03348}, "FB/USDT": {"last": 1.117, "ask": 1.125, "bid": 1.108}, "TON/USDT": {"last": 1.8068, "ask": 1.8079, "bid": 1.8076}, "XEC/USDT": {"last": 2.678e-05, "ask": 2.684e-05, "bid": 2.677e-05}, "DFI/USDT": {"last": 0.3629, "ask": 0.368, "bid": 0.3643}, "GMT2S/USDT": {"last": 4.601, "ask": 4.6103, "bid": 4.5972}, "GALFT/USDT": {"last": 4.02072, "ask": 4.02072, "bid": 3.97377}, "LTC2S/USDT": {"last": 0.7846, "ask": 0.786, "bid": 0.7839}, "PUMLX/USDT": {"last": 0.01775, "ask": 0.01781, "bid": 0.01771}, "LINK2S/USDT": {"last": 3.4538, "ask": 3.4584, "bid": 3.4487}, "STETH/USDT": {"last": 1777.06, "ask": 1780.53, "bid": 1777.06}, "LUNC/USDT": {"last": 8.93e-05, "ask": 8.934e-05, "bid": 8.928e-05}, "UMA/USDT": {"last": 2.3546, "ask": 2.3546, "bid": 2.3378}, "JUV/USDT": {"last": 2.5725, "ask": 2.5836, "bid": 2.5725}, "USDD/USDT": {"last": 0.9984, "ask": 0.9982, "bid": 0.9958}, "BONK/USDT": {"last": 3.695e-07, "ask": 3.703e-07, "bid": 3.695e-07}, "GMT2L/USDT": {"last": 0.2469, "ask": 0.247, "bid": 0.2461}, "DICE/USDT": {"last": 0.0349, "ask": 0.03535, "bid": 0.0349}, "MIBR/USDT": {"last": 0.2465, "ask": 0.245, "bid": 0.242}, "TRIBE/USDT": {"last": 0.2869, "ask": 0.2869, "bid": 0.286}, "DCR/USDT": {"last": 17.5069, "ask": 17.4468, "bid": 17.362}, "KMON/USDT": {"last": 0.009473, "ask": 0.009895, "bid": 0.009572}, "SRM/USDT": {"last": 0.0779, "ask": 0.0784, "bid": 0.078}, "NFT/USDT": {"last": 3.562e-07, "ask": 3.573e-07, "bid": 3.562e-07}, "KOK/USDT": {"last": 0.03994, "ask": 0.03994, "bid": 0.039}, "3P/USDT": {"last": 2.801e-08, "ask": 2.85e-08, "bid": 2.801e-08}, "TEL/USDT": {"last": 0.001731, "ask": 0.00176, "bid": 0.001597}, "ETC2L/USDT": {"last": 1.8607, "ask": 1.8687, "bid": 1.8619}, "PTU/USDT": {"last": 0.346, "ask": 0.3463, "bid": 0.3452}, "TRVL/USDT": {"last": 0.031304, "ask": 0.031304, "bid": 0.0311}, "OBX/USDT": {"last": 0.001503, "ask": 0.001521, "bid": 0.001503}, "XRP3L/USDT": {"last": 3.1339, "ask": 3.1352, "bid": 3.1264}, "1SOL/USDT": {"last": 0.003911, "ask": 0.00398, "bid": 0.003911}, "ERTHA/USDT": {"last": 0.002493, "ask": 0.002497, "bid": 0.002447}, "OKG/USDT": {"last": 0.002541, "ask": 0.00257, "bid": 0.00254}, "CHRP/USDT": {"last": 0.005224, "ask": 0.005278, "bid": 0.005211}, "GSTS/USDT": {"last": 0.003686, "ask": 0.0039, "bid": 0.003686}, "CAKE/USDT": {"last": 1.7962, "ask": 1.7974, "bid": 1.7972}, "ATOM2S/USDT": {"last": 3.0528, "ask": 3.0542, "bid": 3.0467}, "FTT/USDT": {"last": 1.088, "ask": 1.089, "bid": 1.0822}, "APE2S/USDT": {"last": 3.1626, "ask": 3.157, "bid": 3.1489}, "QNT/USDT": {"last": 105.3, "ask": 105.4, "bid": 105.3}, "POKT/USDT": {"last": 0.04075, "ask": 0.041, "bid": 0.04076}, "BNT/USDT": {"last": 0.4173, "ask": 0.4193, "bid": 0.4163}, "APEX/USDT": {"last": 0.3353, "ask": 0.3354, "bid": 0.3352}, "BAR/USDT": {"last": 3.6865, "ask": 3.6865, "bid": 3.6629}, "PLY/USDT": {"last": 0.0003507, "ask": 0.0003502, "bid": 0.0003466}, "GGM/USDT": {"last": 0.005166, "ask": 0.005165, "bid": 0.005067}, "LGX/USDT": {"last": 0.004461, "ask": 0.004462, "bid": 0.004433}, "AGI/USDT": {"last": 0.10092, "ask": 0.10178, "bid": 0.10023}, "LADYS/USDT": {"last": 5.19e-08, "ask": 5.22e-08, "bid": 5.2e-08}, "OKSE/USDT": {"last": 0.04497, "ask": 0.04529, "bid": 0.04494}, "AGLA/USDT": {"last": 0.0544, "ask": 0.05339, "bid": 0.05039}, "HVH/USDT": {"last": 0.02731, "ask": 0.02789, "bid": 0.02731}, "BTC3L/USDT": {"last": 0.9016, "ask": 0.903, "bid": 0.9016}, "FLOKI/USDT": {"last": 3.5198e-05, "ask": 3.5273e-05, "bid": 3.5227e-05}, "MIX/USDT": {"last": 0.002117, "ask": 0.002114, "bid": 0.0021}, "SHILL/USDT": {"last": 0.01116, "ask": 0.01125, "bid": 0.01116}, "VRA/USDT": {"last": 0.0045, "ask": 0.004508, "bid": 0.004492}, "STAT/USDT": {"last": 0.1082, "ask": 0.109, "bid": 0.1069}, "DOME/USDT": {"last": 0.000841, "ask": 0.000848, "bid": 0.000841}, "SAND2L/USDT": {"last": 1.0058, "ask": 1.0074, "bid": 1.0073}, "LUNA/USDT": {"last": 0.9233, "ask": 0.9237, "bid": 0.9231}, "LTC2L/USDT": {"last": 18.6853, "ask": 18.7439, "bid": 18.7011}, "QMALL/USDT": {"last": 0.2009, "ask": 0.2023, "bid": 0.2009}, "GENE/USDT": {"last": 0.4706, "ask": 0.4706, "bid": 0.4683}, "MVL/USDT": {"last": 0.003354, "ask": 0.003371, "bid": 0.003336}, "PSP/USDT": {"last": 0.032899, "ask": 0.032508, "bid": 0.031555}, "LINK2L/USDT": {"last": 4.2534, "ask": 4.2644, "bid": 4.2521}, "MCRT/USDT": {"last": 0.002269, "ask": 0.002278, "bid": 0.002269}, "FTM2S/USDT": {"last": 0.6242, "ask": 0.6257, "bid": 0.6241}, "PSTAKE/USDT": {"last": 0.04815, "ask": 0.04951, "bid": 0.04814}, "MPLX/USDT": {"last": 0.03012, "ask": 0.03015, "bid": 0.02937}, "WAXP/USDT": {"last": 0.05552, "ask": 0.05553, "bid": 0.05535}, "SOLO/USDT": {"last": 0.1209, "ask": 0.1212, "bid": 0.1205}, "DOGE2L/USDT": {"last": 5.1616, "ask": 5.1795, "bid": 5.1662}, "CMP/USDT": {"last": 0.03789, "ask": 0.03899, "bid": 0.03785}, "ECOX/USDT": {"last": 0.4015, "ask": 0.4044, "bid": 0.403}, "PLAY/USDT": {"last": 0.0639, "ask": 0.06429, "bid": 0.0639}, "AVAX2S/USDT": {"last": 0.9395, "ask": 0.9414, "bid": 0.939}, "RLTM/USDT": {"last": 0.02404, "ask": 0.02408, "bid": 0.02401}, "WBTC/USDT": {"last": 26445.3, "ask": 26445.32, "bid": 26314.94}, "MATIC2S/USDT": {"last": 1.7481, "ask": 1.745, "bid": 1.7401}, "FIDA/USDT": {"last": 0.3346, "ask": 0.3355, "bid": 0.3338}, "DEVT/USDT": {"last": 0.00316, "ask": 0.00316, "bid": 0.00314}, "DEFY/USDT": {"last": 0.004051, "ask": 0.004071, "bid": 0.004051}, "XETA/USDT": {"last": 0.03421, "ask": 0.03416, "bid": 0.03358}, "KARATE/USDT": {"last": 0.0016666, "ask": 0.0016798, "bid": 0.0016666}, "SOS/USDT": {"last": 6.58e-08,