{"HVH/USDT": {"last": 0.02791, "ask": 0.02791, "bid": 0.02731}, "LUNC/USDT": {"last": 8.784e-05, "ask": 8.793e-05, "bid": 8.786e-05}, "MBS/USDT": {"last": 0.043103, "ask": 0.043305, "bid": 0.043103}, "DICE/USDT": {"last": 0.0349, "ask": 0.03513, "bid": 0.0349}, "STRM/USDT": {"last": 0.0123, "ask": 0.0123, "bid": 0.012246}, "DOT3S/USDT": {"last": 2.5539, "ask": 2.5604, "bid": 2.5534}, "SRM/USDT": {"last": 0.0771, "ask": 0.0778, "bid": 0.0772}, "OKG/USDT": {"last": 0.002541, "ask": 0.00257, "bid": 0.00254}, "VINU/USDT": {"last": 1.002e-08, "ask": 1.004e-08, "bid": 1e-08}, "PSG/USDT": {"last": 4.6937, "ask": 4.6937, "bid": 4.6605}, "WEMIX/USDT": {"last": 0.7419, "ask": 0.7433, "bid": 0.7413}, "FB/USDT": {"last": 1.108, "ask": 1.117, "bid": 1.105}, "CRAFT/USDT": {"last": 0.005437, "ask": 0.005562, "bid": 0.005437}, "TEL/USDT": {"last": 0.001731, "ask": 0.00176, "bid": 0.001597}, "GODS/USDT": {"last": 0.16782, "ask": 0.16782, "bid": 0.16642}, "SAND2L/USDT": {"last": 0.9659, "ask": 0.965, "bid": 0.9608}, "VPAD/USDT": {"last": 0.02849, "ask": 0.0285, "bid": 0.02849}, "SOLO/USDT": {"last": 0.12, "ask": 0.1204, "bid": 0.12}, "XDC/USDT": {"last": 0.03354, "ask": 0.03354, "bid": 0.03348}, "STETH/USDT": {"last": 1758.95, "ask": 1763.49, "bid": 1760.54}, "MMC/USDT": {"last": 0.049082, "ask": 0.049082, "bid": 0.046632}, "EOS2S/USDT": {"last": 8.18, "ask": 8.18, "bid": 8.1362}, "CEL/USDT": {"last": 0.2103, "ask": 0.2103, "bid": 0.2093}, "ETH3L/USDT": {"last": 1.128, "ask": 1.1289, "bid": 1.1269}, "LING/USDT": {"last": 0.00307, "ask": 0.00317, "bid": 0.003039}, "DAI/USDT": {"last": 0.9993, "ask": 0.9994, "bid": 0.9993}, "GALFT/USDT": {"last": 3.93988, "ask": 3.98373, "bid": 3.90726}, "SHIB/USDT": {"last": 8.5751e-06, "ask": 8.5775e-06, "bid": 8.577e-06}, "MELOS/USDT": {"last": 0.005685, "ask": 0.005876, "bid": 0.005635}, "CITY/USDT": {"last": 5.3924, "ask": 5.3825, "bid": 5.3395}, "LINK2L/USDT": {"last": 4.1506, "ask": 4.1466, "bid": 4.1341}, "BONK/USDT": {"last": 3.623e-07, "ask": 3.623e-07, "bid": 3.616e-07}, "SAND2S/USDT": {"last": 3.3389, "ask": 3.3525, "bid": 3.3389}, "GGM/USDT": {"last": 0.00519, "ask": 0.005184, "bid": 0.005059}, "XYM/USDT": {"last": 0.02899, "ask": 0.02926, "bid": 0.02901}, "KASTA/USDT": {"last": 0.01771, "ask": 0.01773, "bid": 0.01765}, "AZY/USDT": {"last": 0.01043, "ask": 0.0106, "bid": 0.01036}, "TON/USDT": {"last": 1.795, "ask": 1.7964, "bid": 1.795}, "USTC/USDT": {"last": 0.01459, "ask": 0.01459, "bid": 0.01455}, "ROND/USDT": {"last": 0.004334, "ask": 0.004417, "bid": 0.004334}, "CWAR/USDT": {"last": 0.01069, "ask": 0.01068, "bid": 0.01056}, "LADYS/USDT": {"last": 5.19e-08, "ask": 5.2e-08, "bid": 5.19e-08}, "HERO/USDT": {"last": 0.003165, "ask": 0.003164, "bid": 0.003131}, "ERTHA/USDT": {"last": 0.002472, "ask": 0.002498, "bid": 0.002454}, "FTM2L/USDT": {"last": 4.2302, "ask": 4.2302, "bid": 4.2189}, "POKT/USDT": {"last": 0.041, "ask": 0.041, "bid": 0.04086}, "APE2S/USDT": {"last": 3.2318, "ask": 3.2383, "bid": 3.23}, "ETC2L/USDT": {"last": 1.8123, "ask": 1.8177, "bid": 1.8111}, "ACS/USDT": {"last": 0.0040004, "ask": 0.0040098, "bid": 0.0040004}, "EOS2L/USDT": {"last": 2.5655, "ask": 2.5788, "bid": 2.5653}, "PLT/USDT": {"last": 0.06733, "ask": 0.06734, "bid": 0.06703}, "MX/USDT": {"last": 2.5823, "ask": 2.5808, "bid": 2.5761}, "CMP/USDT": {"last": 0.03785, "ask": 0.039, "bid": 0.03777}, "COT/USDT": {"last": 0.01478, "ask": 0.01487, "bid": 0.014782}, "TAMA/USDT": {"last": 0.01646, "ask": 0.01646, "bid": 0.01642}, "GSTS/USDT": {"last": 0.003687, "ask": 0.003958, "bid": 0.003686}, "DOT3L/USDT": {"last": 0.6883, "ask": 0.6884, "bid": 0.6865}, "MPLX/USDT": {"last": 0.03006, "ask": 0.02989, "bid": 0.0293}, "LUNA/USDT": {"last": 0.9035, "ask": 0.9049, "bid": 0.9041}, "XRP3L/USDT": {"last": 3.0088, "ask": 3.0107, "bid": 3.0028}, "MIBR/USDT": {"last": 0.2465, "ask": 0.245, "bid": 0.24}, "BTT/USDT": {"last": 5.851e-07, "ask": 5.9e-07, "bid": 5.855e-07}, "SYNR/USDT": {"last": 0.001095, "ask": 0.001101, "bid": 0.001089}, "SHILL/USDT": {"last": 0.01119, "ask": 0.01119, "bid": 0.01116}, "KMON/USDT": {"last": 0.009473, "ask": 0.009873, "bid": 0.009572}, "LFW/USDT": {"last": 0.010542, "ask": 0.010612, "bid": 0.010473}, "AFC/USDT": {"last": 1.5841, "ask": 1.5847, "bid": 1.5768}, "GST/USDT": {"last": 0.01611, "ask": 0.01589, "bid": 0.01583}, "DOGE2L/USDT": {"last": 4.9762, "ask": 4.994, "bid": 4.98}, "MEE/USDT": {"last": 0.004254, "ask": 0.004253, "bid": 0.004251}, "SAITAMA/USDT": {"last": 0.0009704, "ask": 0.0009705, "bid": 0.000966}, "BAR/USDT": {"last": 3.629, "ask": 3.629, "bid": 3.6016}, "ORT/USDT": {"last": 0.004346, "ask": 0.004345, "bid": 0.004314}, "KCAL/USDT": {"last": 0.2398, "ask": 0.2496, "bid": 0.2398}, "SLG/USDT": {"last": 0.021418, "ask": 0.021423, "bid": 0.021195}, "FIDA/USDT": {"last": 0.3264, "ask": 0.3276, "bid": 0.327}, "SEOR/USDT": {"last": 0.001899, "ask": 0.001899, "bid": 0.001898}, "DOGE2S/USDT": {"last": 0.7475, "ask": 0.7485, "bid": 0.7471}, "XWG/USDT": {"last": 0.0011933, "ask": 0.0011991, "bid": 0.00119}, "AVAX2L/USDT": {"last": 4.2642, "ask": 4.261, "bid": 4.2493}, "DCR/USDT": {"last": 17.476, "ask": 17.5169, "bid": 17.346}, "FTM2S/USDT": {"last": 0.6431, "ask": 0.6451, "bid": 0.6431}, "PERP/USDT": {"last": 0.5995, "ask": 0.5996, "bid": 0.5992}, "STAT/USDT": {"last": 0.1135, "ask": 0.114, "bid": 0.1117}, "SIDUS/USDT": {"last": 0.0012085, "ask": 0.0012175, "bid": 0.0012091}, "RLTM/USDT": {"last": 0.02404, "ask": 0.02408, "bid": 0.024}, "ZBC/USDT": {"last": 0.014637, "ask": 0.014613, "bid": 0.014569}, "ACM/USDT": {"last": 2.2644, "ask": 2.2854, "bid": 2.2685}, "RACA/USDT": {"last": 0.00014703, "ask": 0.0001472, "bid": 0.00014643}, "GMT2L/USDT": {"last": 0.2358, "ask": 0.2367, "bid": 0.236}, "ADA2L/USDT": {"last": 3.447, "ask": 3.447, "bid": 3.4357}, "QNT/USDT": {"last": 103.9, "ask": 104.2, "bid": 103.9}, "MV/USDT": {"last": 0.12703, "ask": 0.12738, "bid": 0.12687}, "KUNCI/USDT": {"last": 0.010223, "ask": 0.010502, "bid": 0.010224}, "USDD/USDT": {"last": 0.9984, "ask": 0.9982, "bid": 0.9958}, "MVL/USDT": {"last": 0.003332, "ask": 0.003355, "bid": 0.003308}, "AGI/USDT": {"last": 0.10057, "ask": 0.10057, "bid": 0.10009}, "DPX/USDT": {"last": 126.31, "ask": 126.34, "bid": 123.14}, "ADA2S/USDT": {"last": 4.4676, "ask": 4.481, "bid": 4.4657}, "KON/USDT": {"last": 0.07636, "ask": 0.07636, "bid": 0.07632}, "DZOO/USDT": {"last": 0.011927, "ask": 0.011927, "bid": 0.011821}, "TIME/USDT": {"last": 24.8498, "ask": 24.8468, "bid": 24.3487}, "AVA/USDT": {"last": 0.5355, "ask": 0.5356, "bid": 0.5322}, "ECOX/USDT": {"last": 0.4033, "ask": 0.4001, "bid": 0.3989}, "TAP/USDT": {"last": 0.004011, "ask": 0.004027, "bid": 0.004002}, "KOK/USDT": {"last": 0.03987, "ask": 0.03989, "bid": 0.03819}, "INTER/USDT": {"last": 2.7044, "ask": 2.706, "bid": 2.6791}, "ATOM2L/USDT": {"last": 5.5465, "ask": 5.5662, "bid": 5.5533}, "BABYDOGE/USDT": {"last": 2.238e-09, "ask": 2.238e-09, "bid": 2.223e-09}, "GNS/USDT": {"last": 4.6752, "ask": 4.7094, "bid": 4.6772}, "OKSE/USDT": {"last": 0.04515, "ask": 0.0455, "bid": 0.04515}, "REAL/USDT": {"last": 0.07985, "ask": 0.08091, "bid": 0.08}, "VRA/USDT": {"last": 0.004399, "ask": 0.004416, "bid": 0.004391}, "ZAM/USDT": {"last": 0.004341, "ask": 0.004348, "bid": 0.004307}, "ETC2S/USDT": {"last": 4.7016, "ask": 4.7044, "bid": 4.6876}, "BNT/USDT": {"last": 0.4145, "ask": 0.4144, "bid": 0.4127}, "FLOKI/USDT": {"last": 3.4387e-05, "ask": 3.4259e-05, "bid": 3.4215e-05}, "PLY/USDT": {"last": 0.0003555, "ask": 0.0003503, "bid": 0.0003472}, "DLC/USDT": {"last": 0.13019, "ask": 0.1303, "bid": 0.13}, "MOVR/USDT": {"last": 6.2952, "ask": 6.2952, "bid": 6.2742}, "PRIME/USDT": {"last": 1.31, "ask": 1.305, "bid": 1.3}, "MBX/USDT": {"last": 0.897, "ask": 0.899, "bid": 0.894}, "LINK2S/USDT": {"last": 3.5429, "ask": 3.5451, "bid": 3.535}, "EVER/USDT": {"last": 0.03878, "ask": 0.03879, "bid": 0.03878}, "JUV/USDT": {"last": 2.5578, "ask": 2.55, "bid": 2.534}, "PEPE/USDT": {"last": 1.4227e-06, "ask": 1.4243e-06, "bid": 1.4206e-06},