{"PUMLX/USDT": {"last": 0.01776, "ask": 0.01781, "bid": 0.01771}, "WWY/USDT": {"last": 0.005722, "ask": 0.005724, "bid": 0.005711}, "WBTC/USDT": {"last": 26389.16, "ask": 26426.51, "bid": 26297.93}, "AVAX2S/USDT": {"last": 0.9438, "ask": 0.9451, "bid": 0.9426}, "APE2L/USDT": {"last": 1.9345, "ask": 1.9391, "bid": 1.9337}, "BTG/USDT": {"last": 12.7659, "ask": 12.8434, "bid": 12.7659}, "MCRT/USDT": {"last": 0.002279, "ask": 0.002278, "bid": 0.002269}, "LIS/USDT": {"last": 0.014, "ask": 0.014, "bid": 0.013813}, "MATIC2S/USDT": {"last": 1.7544, "ask": 1.752, "bid": 1.7472}, "DFI/USDT": {"last": 0.3681, "ask": 0.3681, "bid": 0.3642}, "KARATE/USDT": {"last": 0.00155, "ask": 0.0015485, "bid": 0.0015143}, "PIP/USDT": {"last": 0.24765, "ask": 0.24982, "bid": 0.24766}, "CGPT/USDT": {"last": 0.155314, "ask": 0.155337, "bid": 0.154845}, "PLAY/USDT": {"last": 0.0639, "ask": 0.06419, "bid": 0.06378}, "DEVT/USDT": {"last": 0.00314, "ask": 0.00316, "bid": 0.00314}, "GCAKE/USDT": {"last": 4.292e-07, "ask": 4.291e-07, "bid": 4.235e-07}, "LTC2L/USDT": {"last": 18.6026, "ask": 18.6647, "bid": 18.6172}, "THN/USDT": {"last": 0.034584, "ask": 0.034599, "bid": 0.034188}, "INSUR/USDT": {"last": 0.0707, "ask": 0.07188, "bid": 0.07077}, "SON/USDT": {"last": 0.0002885, "ask": 0.000293, "bid": 0.0002871}, "XAVA/USDT": {"last": 0.2854, "ask": 0.2895, "bid": 0.2809}, "SOS/USDT": {"last": 6.39e-08, "ask": 6.54e-08, "bid": 6.39e-08}, "ETH3S/USDT": {"last": 0.654, "ask": 0.6535, "bid": 0.6523}, "PSP/USDT": {"last": 0.032577, "ask": 0.032577, "bid": 0.031867}, "PTU/USDT": {"last": 0.3452, "ask": 0.3464, "bid": 0.3452}, "UMA/USDT": {"last": 2.3345, "ask": 2.3397, "bid": 2.3209}, "1SOL/USDT": {"last": 0.004, "ask": 0.004, "bid": 0.00398}, "GMT2S/USDT": {"last": 4.6403, "ask": 4.6403, "bid": 4.6272}, "APEX/USDT": {"last": 0.335, "ask": 0.3351, "bid": 0.335}, "IZI/USDT": {"last": 0.016443, "ask": 0.016443, "bid": 0.016329}, "OBX/USDT": {"last": 0.001503, "ask": 0.001521, "bid": 0.001503}, "TOMI/USDT": {"last": 3.922, "ask": 4.048, "bid": 3.923}, "3P/USDT": {"last": 2.801e-08, "ask": 2.801e-08, "bid": 2.8e-08}, "QMALL/USDT": {"last": 0.2003, "ask": 0.2028, "bid": 0.1986}, "BTC3L/USDT": {"last": 0.8995, "ask": 0.9023, "bid": 0.9007}, "SFUND/USDT": {"last": 1.01686, "ask": 1.02598, "bid": 1.01682}, "BTC3S/USDT": {"last": 4.7313, "ask": 4.7337, "bid": 4.7252}, "MOVEZ/USDT": {"last": 0.00175, "ask": 0.001765, "bid": 0.00176}, "ELT/USDT": {"last": 0.000727, "ask": 0.000745, "bid": 0.000727}, "TRVL/USDT": {"last": 0.031304, "ask": 0.031304, "bid": 0.0311}, "CHRP/USDT": {"last": 0.005234, "ask": 0.005277, "bid": 0.005211}, "CUSD/USDT": {"last": 0.9945, "ask": 0.9984, "bid": 0.9945}, "LTC2S/USDT": {"last": 0.7876, "ask": 0.7893, "bid": 0.787}, "WLKN/USDT": {"last": 0.0314, "ask": 0.03147, "bid": 0.03131}, "OAS/USDT": {"last": 0.074226, "ask": 0.07445, "bid": 0.074217}, "CAPS/USDT": {"last": 0.017107, "ask": 0.017616, "bid": 0.017098}, "PSTAKE/USDT": {"last": 0.04951, "ask": 0.04951, "bid": 0.0477}, "XETA/USDT": {"last": 0.03421, "ask": 0.03418, "bid": 0.03366}, "MCT/USDT": {"last": 0.03402, "ask": 0.03499, "bid": 0.03402}, "XRP3S/USDT": {"last": 0.2659, "ask": 0.2657, "bid": 0.265}, "DOME/USDT": {"last": 0.000849, "ask": 0.00085, "bid": 0.00084}, "MNZ/USDT": {"last": 0.0004452, "ask": 0.0004452, "bid": 0.0004449}, "FAME/USDT": {"last": 0.001287, "ask": 0.001321, "bid": 0.001287}, "NEXO/USDT": {"last": 0.669, "ask": 0.669, "bid": 0.6676}, "MATIC2L/USDT": {"last": 6.5964, "ask": 6.6304, "bid": 6.6151}, "MTK/USDT": {"last": 0.01518, "ask": 0.01518, "bid": 0.0149}, "ATOM2S/USDT": {"last": 3.0969, "ask": 3.0884, "bid": 3.0823}, "AGLA/USDT": {"last": 0.05111, "ask": 0.05361, "bid": 0.05105}, "FORT/USDT": {"last": 0.1721, "ask": 0.1772, "bid": 0.1722}, "FTT/USDT": {"last": 1.088, "ask": 1.0891, "bid": 1.0832}, "IME/USDT": {"last": 0.000152, "ask": 0.00015, "bid": 0.00014899}, "SD/USDT": {"last": 0.9234, "ask": 0.9278, "bid": 0.9234}, "CULT/USDT": {"last": 3.687e-06, "ask": 3.687e-06, "bid": 3.656e-06}, "GM/USDT": {"last": 1.1507e-05, "ask": 1.15071e-05, "bid": 1.1507e-05}, "XCAD/USDT": {"last": 0.9426, "ask": 0.944, "bid": 0.9417}, "RAIN/USDT": {"last": 0.001093, "ask": 0.001109, "bid": 0.001093}, "NFT/USDT": {"last": 3.556e-07, "ask": 3.58e-07, "bid": 3.555e-07}, "DEFY/USDT": {"last": 0.004051, "ask": 0.004071, "bid": 0.004051}, "MIX/USDT": {"last": 0.002106, "ask": 0.002141, "bid": 0.0021}, "PRIMAL/USDT": {"last": 0.00245, "ask": 0.002479, "bid": 0.002441}, "CO/USDT": {"last": 0.008961, "ask": 0.008962, "bid": 0.008961}, "HVH/USDT": {"last": 0.02731, "ask": 0.02789, "bid": 0.02731}, "LUNC/USDT": {"last": 8.951e-05, "ask": 8.956e-05, "bid": 8.952e-05}, "DICE/USDT": {"last": 0.03539, "ask": 0.03539, "bid": 0.03491}, "MBS/USDT": {"last": 0.043018, "ask": 0.043371, "bid": 0.043078}, "STRM/USDT": {"last": 0.01229, "ask": 0.0123, "bid": 0.012246}, "SRM/USDT": {"last": 0.077, "ask": 0.0774, "bid": 0.077}, "DOT3S/USDT": {"last": 2.4649, "ask": 2.4686, "bid": 2.4624}, "OKG/USDT": {"last": 0.002541, "ask": 0.00257, "bid": 0.00254}, "PSG/USDT": {"last": 4.7287, "ask": 4.729, "bid": 4.6893}, "VINU/USDT": {"last": 1e-08, "ask": 1.003e-08, "bid": 9.98e-09}, "WEMIX/USDT": {"last": 0.7336, "ask": 0.7355, "bid": 0.7341}, "CRAFT/USDT": {"last": 0.005436, "ask": 0.005513, "bid": 0.005437}, "FB/USDT": {"last": 1.121, "ask": 1.125, "bid": 1.112}, "TEL/USDT": {"last": 0.001698, "ask": 0.001759, "bid": 0.001602}, "GODS/USDT": {"last": 0.17031, "ask": 0.17031, "bid": 0.16879}, "SAND2L/USDT": {"last": 1.0024, "ask": 1.0069, "bid": 1.003}, "VPAD/USDT": {"last": 0.02849, "ask": 0.0285, "bid": 0.02849}, "SOLO/USDT": {"last": 0.1215, "ask": 0.1216, "bid": 0.1209}, "STETH/USDT": {"last": 1774.75, "ask": 1774.75, "bid": 1774.68}, "XDC/USDT": {"last": 0.03328, "ask": 0.03333, "bid": 0.03326}, "MMC/USDT": {"last": 0.047119, "ask": 0.048906, "bid": 0.0453}, "CEL/USDT": {"last": 0.2117, "ask": 0.2118, "bid": 0.2106}, "EOS2S/USDT": {"last": 8.0607, "ask": 8.0608, "bid": 8.0185}, "LING/USDT": {"last": 0.003083, "ask": 0.003182, "bid": 0.003071}, "ETH3L/USDT": {"last": 1.1538, "ask": 1.1575, "bid": 1.1554}, "DAI/USDT": {"last": 0.9994, "ask": 0.9995, "bid": 0.9994}, "GALFT/USDT": {"last": 3.95953, "ask": 4.01434, "bid": 3.92151}, "SHIB/USDT": {"last": 8.7456e-06, "ask": 8.7476e-06, "bid": 8.7467e-06}, "LINK2L/USDT": {"last": 4.2447, "ask": 4.2492, "bid": 4.2363}, "MELOS/USDT": {"last": 0.005698, "ask": 0.005805, "bid": 0.005692}, "CITY/USDT": {"last": 5.3694, "ask": 5.4125, "bid": 5.3694}, "SAND2S/USDT": {"last": 3.243, "ask": 3.2401, "bid": 3.228}, "BONK/USDT": {"last": 3.719e-07, "ask": 3.726e-07, "bid": 3.71e-07}, "GGM/USDT": {"last": 0.005165, "ask": 0.005166, "bid": 0.005101}, "XYM/USDT": {"last": 0.02926, "ask": 0.02927, "bid": 0.0289}, "AZY/USDT": {"last": 0.01059, "ask": 0.01058, "bid": 0.01031}, "KASTA/USDT": {"last": 0.01768, "ask": 0.01774, "bid": 0.01765}, "TON/USDT": {"last": 1.8131, "ask": 1.8135, "bid": 1.8126}, "USTC/USDT": {"last": 0.01482, "ask": 0.01482, "bid": 0.01479}, "ROND/USDT": {"last": 0.004377, "ask": 0.004381, "bid": 0.004378}, "CWAR/USDT": {"last": 0.01076, "ask": 0.01077, "bid": 0.01062}, "HERO/USDT": {"last": 0.003144, "ask": 0.003197, "bid": 0.003142}, "LADYS/USDT": {"last": 5.29e-08, "ask": 5.3e-08, "bid": 5.29e-08}, "FTM2L/USDT": {"last": 4.339, "ask": 4.3557, "bid": 4.3423}, "ERTHA/USDT": {"last": 0.002493, "ask": 0.002497, "bid": 0.002447}, "POKT/USDT": {"last": 0.04082, "ask": 0.041, "bid": 0.04082}, "APE2S/USDT": {"last": 3.1533, "ask": 3.1533, "bid": 3.1452}, "ETC2L/USDT": {"last": 1.8663, "ask": 1.8662, "bid": 1.8595}, "PLT/USDT": {"last": 0.06734, "ask": 0.06734, "bid": 0.06703}, "ACS/USDT": {"last": 0.0040322, "ask": 0.0040384, "bid": 0.0040316}, "EOS2L/USDT": {"last": 2.6157, "ask": 2.6157, "bid": 2.6026}, "MX/USDT": {"last": 2.594, "ask": 2.6069, "bid": 2.5976}, "CMP/USDT": {"last": 0.0386, "ask": 0.03898, "bid": 0.03796}, "GSTS/USDT": {"last": 0.003686, "ask": 0.0039, "bid": 0.003686},