{"ETC2L/USDT": {"last": 1.8591, "ask": 1.8662, "bid": 1.8591}, "TRVL/USDT": {"last": 0.0311, "ask": 0.031304, "bid": 0.0311}, "ORT/USDT": {"last": 0.004331, "ask": 0.004394, "bid": 0.004314}, "SAND2S/USDT": {"last": 3.2455, "ask": 3.2443, "bid": 3.2332}, "XEC/USDT": {"last": 2.676e-05, "ask": 2.686e-05, "bid": 2.677e-05}, "MEE/USDT": {"last": 0.004269, "ask": 0.004269, "bid": 0.004261}, "1SOL/USDT": {"last": 0.003904, "ask": 0.003979, "bid": 0.003904}, "APEX/USDT": {"last": 0.336, "ask": 0.3361, "bid": 0.336}, "SYNR/USDT": {"last": 0.001097, "ask": 0.001101, "bid": 0.001089}, "ETC2S/USDT": {"last": 4.5905, "ask": 4.5911, "bid": 4.5733}, "SLG/USDT": {"last": 0.02117, "ask": 0.021597, "bid": 0.021199}, "ATOM2L/USDT": {"last": 5.6992, "ask": 5.71, "bid": 5.694}, "USTC/USDT": {"last": 0.01472, "ask": 0.01473, "bid": 0.01468}, "PEPE/USDT": {"last": 1.4915e-06, "ask": 1.497e-06, "bid": 1.4938e-06}, "AGI/USDT": {"last": 0.10057, "ask": 0.10152, "bid": 0.1003}, "FAME/USDT": {"last": 0.001287, "ask": 0.001299, "bid": 0.001287}, "ATOM2S/USDT": {"last": 3.0664, "ask": 3.0578, "bid": 3.0506}, "MTK/USDT": {"last": 0.0149, "ask": 0.0149, "bid": 0.01462}, "ETH3L/USDT": {"last": 1.1632, "ask": 1.1659, "bid": 1.1634}, "RLTM/USDT": {"last": 0.02404, "ask": 0.02408, "bid": 0.024}, "LTC2L/USDT": {"last": 18.5078, "ask": 18.6018, "bid": 18.553}, "DICE/USDT": {"last": 0.0349, "ask": 0.03513, "bid": 0.0349}, "BTC3S/USDT": {"last": 4.7171, "ask": 4.7132, "bid": 4.7053}, "ACM/USDT": {"last": 2.284, "ask": 2.301, "bid": 2.2886}, "MOVR/USDT": {"last": 6.3325, "ask": 6.3455, "bid": 6.3235}, "MBS/USDT": {"last": 0.043107, "ask": 0.043067, "bid": 0.042713}, "INSUR/USDT": {"last": 0.07019, "ask": 0.07094, "bid": 0.07045}, "TRIBE/USDT": {"last": 0.2861, "ask": 0.2871, "bid": 0.2861}, "CAKE/USDT": {"last": 1.7978, "ask": 1.798, "bid": 1.7912}, "MV/USDT": {"last": 0.12712, "ask": 0.12715, "bid": 0.12687}, "SOLO/USDT": {"last": 0.1198, "ask": 0.1204, "bid": 0.1201}, "ERTHA/USDT": {"last": 0.002448, "ask": 0.002488, "bid": 0.002447}, "3P/USDT": {"last": 2.854e-08, "ask": 2.853e-08, "bid": 2.806e-08}, "LINK2S/USDT": {"last": 3.4631, "ask": 3.4597, "bid": 3.4515}, "KMON/USDT": {"last": 0.009473, "ask": 0.009859, "bid": 0.009572}, "MCRT/USDT": {"last": 0.002268, "ask": 0.002275, "bid": 0.002268}, "MATIC2L/USDT": {"last": 6.5891, "ask": 6.624, "bid": 6.6046}, "BTG/USDT": {"last": 12.8046, "ask": 12.8823, "bid": 12.8046}, "REAL/USDT": {"last": 0.07999, "ask": 0.08099, "bid": 0.08002}, "SEOR/USDT": {"last": 0.001895, "ask": 0.001898, "bid": 0.001895}, "SRM/USDT": {"last": 0.0781, "ask": 0.0782, "bid": 0.0777}, "LGX/USDT": {"last": 0.004437, "ask": 0.004462, "bid": 0.004434}, "ROND/USDT": {"last": 0.004346, "ask": 0.004375, "bid": 0.004348}, "XCAD/USDT": {"last": 0.941, "ask": 0.944, "bid": 0.937}, "TON/USDT": {"last": 1.8038, "ask": 1.8038, "bid": 1.8037}, "WEMIX/USDT": {"last": 0.7455, "ask": 0.7466, "bid": 0.7445}, "MOVEZ/USDT": {"last": 0.00171, "ask": 0.001713, "bid": 0.001693}, "OBX/USDT": {"last": 0.001503, "ask": 0.001521, "bid": 0.001503}, "APE2S/USDT": {"last": 3.1773, "ask": 3.1626, "bid": 3.1543}, "CMP/USDT": {"last": 0.03828, "ask": 0.03864, "bid": 0.03778}, "TOMI/USDT": {"last": 3.935, "ask": 4.002, "bid": 3.935}, "TEL/USDT": {"last": 0.001731, "ask": 0.001757, "bid": 0.001597}, "KRL/USDT": {"last": 0.275, "ask": 0.2795, "bid": 0.253}, "PRIME/USDT": {"last": 1.31, "ask": 1.306, "bid": 1.301}, "ADA2L/USDT": {"last": 3.5145, "ask": 3.5305, "bid": 3.5215}, "PLAY/USDT": {"last": 0.06429, "ask": 0.06425, "bid": 0.06378}, "FTT/USDT": {"last": 1.088, "ask": 1.0887, "bid": 1.0825}, "LUNC/USDT": {"last": 8.912e-05, "ask": 8.923e-05, "bid": 8.918e-05}, "DEFY/USDT": {"last": 0.004051, "ask": 0.004071, "bid": 0.004051}, "CEL/USDT": {"last": 0.2155, "ask": 0.2162, "bid": 0.214}, "WWY/USDT": {"last": 0.00571, "ask": 0.005717, "bid": 0.005701}, "STAT/USDT": {"last": 0.1118, "ask": 0.1137, "bid": 0.1117}, "FTM2S/USDT": {"last": 0.6237, "ask": 0.6227, "bid": 0.6211}, "ACA/USDT": {"last": 0.0563, "ask": 0.0565, "bid": 0.0562}, "MVL/USDT": {"last": 0.003354, "ask": 0.00337, "bid": 0.003337}, "CAPS/USDT": {"last": 0.017167, "ask": 0.017649, "bid": 0.0172}, "DLC/USDT": {"last": 0.13019, "ask": 0.1303, "bid": 0.13}, "XRP3L/USDT": {"last": 3.0956, "ask": 3.1198, "bid": 3.1109}, "IZI/USDT": {"last": 0.016443, "ask": 0.016444, "bid": 0.016329}, "LADYS/USDT": {"last": 5.3e-08, "ask": 5.3e-08, "bid": 5.28e-08}, "FTM2L/USDT": {"last": 4.395, "ask": 4.4393, "bid": 4.4028}, "PLY/USDT": {"last": 0.0003555, "ask": 0.0003513, "bid": 0.0003479}, "DEVT/USDT": {"last": 0.00314, "ask": 0.00317, "bid": 0.00314}, "LTC2S/USDT": {"last": 0.7934, "ask": 0.7976, "bid": 0.7894}, "ACS/USDT": {"last": 0.0040026, "ask": 0.0040106, "bid": 0.0040026}, "KOK/USDT": {"last": 0.03994, "ask": 0.03994, "bid": 0.0388}, "DFI/USDT": {"last": 0.3629, "ask": 0.368, "bid": 0.3638}, "HERO/USDT": {"last": 0.003149, "ask": 0.003188, "bid": 0.003149}, "DOME/USDT": {"last": 0.000847, "ask": 0.000848, "bid": 0.000841}, "DOGE2L/USDT": {"last": 5.1796, "ask": 5.1656, "bid": 5.1525}, "BAR/USDT": {"last": 3.6798, "ask": 3.6798, "bid": 3.6483}, "SOS/USDT": {"last": 6.43e-08, "ask": 6.5e-08, "bid": 6.45e-08}, "COT/USDT": {"last": 0.01478, "ask": 0.014875, "bid": 0.014782}, "CULT/USDT": {"last": 3.713e-06, "ask": 3.759e-06, "bid": 3.7e-06}, "GM/USDT": {"last": 1.13914e-05, "ask": 1.14491e-05, "bid": 1.12262e-05}, "CWAR/USDT": {"last": 0.01069, "ask": 0.01069, "bid": 0.01052}, "SAITAMA/USDT": {"last": 0.0009718, "ask": 0.000975, "bid": 0.0009708}, "QNT/USDT": {"last": 105.2, "ask": 105.4, "bid": 105.1}, "BTC3L/USDT": {"last": 0.9073, "ask": 0.9069, "bid": 0.9052}, "CO/USDT": {"last": 0.008961, "ask": 0.008962, "bid": 0.008961}, "SD/USDT": {"last": 0.9272, "ask": 0.9304, "bid": 0.9227}, "MMC/USDT": {"last": 0.049082, "ask": 0.049082, "bid": 0.045818}, "CHRP/USDT": {"last": 0.005223, "ask": 0.005294, "bid": 0.005211}, "AXL/USDT": {"last": 0.5339, "ask": 0.5376, "bid": 0.5361}, "MPLX/USDT": {"last": 0.02991, "ask": 0.03022, "bid": 0.02981}, "CITY/USDT": {"last": 5.4226, "ask": 5.4318, "bid": 5.3766}, "IME/USDT": {"last": 0.000152, "ask": 0.00015, "bid": 0.00014899}, "AGLA/USDT": {"last": 0.055, "ask": 0.055, "bid": 0.05201}, "PIP/USDT": {"last": 0.23905, "ask": 0.23983, "bid": 0.23905}, "STRM/USDT": {"last": 0.01228, "ask": 0.0123, "bid": 0.012246}, "XETA/USDT": {"last": 0.03421, "ask": 0.03416, "bid": 0.03361}, "VINU/USDT": {"last": 1.002e-08, "ask": 1.005e-08, "bid": 1e-08}, "ECOX/USDT": {"last": 0.4015, "ask": 0.4038, "bid": 0.4024}, "MIBR/USDT": {"last": 0.2465, "ask": 0.245, "bid": 0.2423}, "ELT/USDT": {"last": 0.000719, "ask": 0.000719, "bid": 0.000718}, "WAXP/USDT": {"last": 0.0553, "ask": 0.05541, "bid": 0.05518}, "KARATE/USDT": {"last": 0.001668, "ask": 0.0016905, "bid": 0.001668}, "JUV/USDT": {"last": 2.5637, "ask": 2.5637, "bid": 2.5616}, "GNS/USDT": {"last": 4.7295, "ask": 4.7485, "bid": 4.7257}, "EOS2L/USDT": {"last": 2.622, "ask": 2.622, "bid": 2.6083}, "PERP/USDT": {"last": 0.6075, "ask": 0.6093, "bid": 0.608}, "BTT/USDT": {"last": 5.854e-07, "ask": 5.968e-07, "bid": 5.86e-07}, "OKG/USDT": {"last": 0.002541, "ask": 0.00257, "bid": 0.00254}, "BONK/USDT": {"last": 3.685e-07, "ask": 3.69e-07, "bid": 3.676e-07}, "HVH/USDT": {"last": 0.02732, "ask": 0.02789, "bid": 0.02732}, "POKT/USDT": {"last": 0.041, "ask": 0.041, "bid": 0.04086}, "AZY/USDT": {"last": 0.01059, "ask": 0.01058, "bid": 0.01029}, "LINK2L/USDT": {"last": 4.2413, "ask": 4.2605, "bid": 4.2503}, "GMT2S/USDT": {"last": 4.6441, "ask": 4.6291, "bid": 4.616}, "PSP/USDT": {"last": 0.03213, "ask": 0.032384, "bid": 0.031669}, "ZBC/USDT": {"last": 0.014713, "ask": 0.014785, "bid": 0.014746}, "MIX/USDT": {"last": 0.00212, "ask": 0.00212, "bid": 0.0021}, "WBTC/USDT": {"last": 26276.85, "ask": 26487.57, "bid": 26331.47}, "FLOKI/USDT": {"last": 3.5229e-05, "ask": 3.5206e-05, "bid": 3.5154e-05}, "NEXO/USDT": {"last": 0.6651, "ask": 0.6648, "bid": 0.6614}, "FIDA/USDT": {"last": 0.3332,