{"HVH/USDT": {"last": 0.02731, "ask": 0.02791, "bid": 0.02731}, "AZY/USDT": {"last": 0.01043, "ask": 0.01055, "bid": 0.01034}, "PLY/USDT": {"last": 0.0003555, "ask": 0.0003511, "bid": 0.0003476}, "AGI/USDT": {"last": 0.10043, "ask": 0.1006, "bid": 0.10008}, "FTM2S/USDT": {"last": 0.6408, "ask": 0.6407, "bid": 0.6387}, "MNZ/USDT": {"last": 0.0004451, "ask": 0.0004463, "bid": 0.0004449}, "KMON/USDT": {"last": 0.009473, "ask": 0.009794, "bid": 0.009572}, "VRA/USDT": {"last": 0.004401, "ask": 0.004423, "bid": 0.004404}, "ETH3S/USDT": {"last": 0.6656, "ask": 0.6663, "bid": 0.6655}, "ACA/USDT": {"last": 0.0555, "ask": 0.0557, "bid": 0.0555}, "XDC/USDT": {"last": 0.03345, "ask": 0.03354, "bid": 0.03348}, "ETC2L/USDT": {"last": 1.8183, "ask": 1.8203, "bid": 1.8135}, "1SOL/USDT": {"last": 0.003928, "ask": 0.00398, "bid": 0.003928}, "GALFT/USDT": {"last": 3.98624, "ask": 3.98647, "bid": 3.9307}, "CWAR/USDT": {"last": 0.01086, "ask": 0.01084, "bid": 0.0106}, "DEFY/USDT": {"last": 0.004051, "ask": 0.004071, "bid": 0.004051}, "KOK/USDT": {"last": 0.03981, "ask": 0.03987, "bid": 0.03811}, "USDD/USDT": {"last": 0.9984, "ask": 0.9984, "bid": 0.9958}, "SIS/USDT": {"last": 0.13149, "ask": 0.13149, "bid": 0.13059}, "BTG/USDT": {"last": 12.9214, "ask": 12.9214, "bid": 12.8434}, "GM/USDT": {"last": 1.14896e-05, "ask": 1.16599e-05, "bid": 1.14768e-05}, "VINU/USDT": {"last": 1.001e-08, "ask": 1.001e-08, "bid": 1e-08}, "OBX/USDT": {"last": 0.001521, "ask": 0.001521, "bid": 0.001503}, "WWY/USDT": {"last": 0.005779, "ask": 0.005784, "bid": 0.005761}, "AVA/USDT": {"last": 0.5318, "ask": 0.5341, "bid": 0.5322}, "XEC/USDT": {"last": 2.655e-05, "ask": 2.657e-05, "bid": 2.646e-05}, "ERTHA/USDT": {"last": 0.002472, "ask": 0.002498, "bid": 0.002448}, "GMT2S/USDT": {"last": 4.8244, "ask": 4.8282, "bid": 4.8147}, "MEE/USDT": {"last": 0.004253, "ask": 0.004253, "bid": 0.004252}, "LTC2L/USDT": {"last": 18.1076, "ask": 18.2065, "bid": 18.1558}, "ADA2L/USDT": {"last": 3.4459, "ask": 3.4596, "bid": 3.4494}, "BTC3L/USDT": {"last": 0.8705, "ask": 0.8705, "bid": 0.8688}, "FORT/USDT": {"last": 0.1764, "ask": 0.1764, "bid": 0.172}, "MBS/USDT": {"last": 0.043099, "ask": 0.043109, "bid": 0.042851}, "LING/USDT": {"last": 0.003149, "ask": 0.00317, "bid": 0.003038}, "MCT/USDT": {"last": 0.03324, "ask": 0.03428, "bid": 0.03182}, "COT/USDT": {"last": 0.01478, "ask": 0.01487, "bid": 0.014782}, "SD/USDT": {"last": 0.9303, "ask": 0.9296, "bid": 0.9251}, "RACA/USDT": {"last": 0.00014636, "ask": 0.00014701, "bid": 0.00014639}, "STRM/USDT": {"last": 0.01227, "ask": 0.0123, "bid": 0.012246}, "AGLA/USDT": {"last": 0.05334, "ask": 0.05388, "bid": 0.05334}, "APE2L/USDT": {"last": 1.8686, "ask": 1.8739, "bid": 1.8686}, "WBTC/USDT": {"last": 26023.8, "ask": 26204.67, "bid": 26024.4}, "KON/USDT": {"last": 0.07637, "ask": 0.07638, "bid": 0.07634}, "SEOR/USDT": {"last": 0.001899, "ask": 0.001899, "bid": 0.001898}, "LUNC/USDT": {"last": 8.819e-05, "ask": 8.829e-05, "bid": 8.823e-05}, "PSTAKE/USDT": {"last": 0.0485, "ask": 0.0485, "bid": 0.04744}, "CEL/USDT": {"last": 0.2105, "ask": 0.212, "bid": 0.2102}, "TRVL/USDT": {"last": 0.0311, "ask": 0.031304, "bid": 0.0311}, "GMT2L/USDT": {"last": 0.2352, "ask": 0.2356, "bid": 0.2349}, "DAI/USDT": {"last": 0.9993, "ask": 0.9994, "bid": 0.9993}, "BTT/USDT": {"last": 5.936e-07, "ask": 5.931e-07, "bid": 5.872e-07}, "DOGE2L/USDT": {"last": 5.0204, "ask": 5.0173, "bid": 5.0047}, "PTU/USDT": {"last": 0.346, "ask": 0.3463, "bid": 0.3452}, "GCAKE/USDT": {"last": 4.15e-07, "ask": 4.239e-07, "bid": 4.088e-07}, "KRL/USDT": {"last": 0.2495, "ask": 0.2507, "bid": 0.2386}, "CO/USDT": {"last": 0.008961, "ask": 0.008962, "bid": 0.008961}, "SLG/USDT": {"last": 0.021737, "ask": 0.021713, "bid": 0.021148}, "NEXO/USDT": {"last": 0.6565, "ask": 0.6601, "bid": 0.6565}, "LIS/USDT": {"last": 0.014015, "ask": 0.014015, "bid": 0.014}, "SHIB/USDT": {"last": 8.5791e-06, "ask": 8.5808e-06, "bid": 8.5794e-06}, "FLOKI/USDT": {"last": 3.4712e-05, "ask": 3.4718e-05, "bid": 3.4679e-05}, "TON/USDT": {"last": 1.7949, "ask": 1.7937, "bid": 1.7924}, "SIDUS/USDT": {"last": 0.0012085, "ask": 0.0012175, "bid": 0.0012091}, "ROND/USDT": {"last": 0.00434, "ask": 0.00441, "bid": 0.00434}, "LFW/USDT": {"last": 0.01054, "ask": 0.010611, "bid": 0.01047}, "DZOO/USDT": {"last": 0.01209, "ask": 0.012089, "bid": 0.011824}, "ETC2S/USDT": {"last": 4.6931, "ask": 4.6987, "bid": 4.6818}, "MX/USDT": {"last": 2.5697, "ask": 2.5844, "bid": 2.5751}, "ELT/USDT": {"last": 0.00072, "ask": 0.000725, "bid": 0.00072}, "CRAFT/USDT": {"last": 0.005437, "ask": 0.005599, "bid": 0.005437}, "KASTA/USDT": {"last": 0.0177, "ask": 0.01773, "bid": 0.01765}, "CGPT/USDT": {"last": 0.151906, "ask": 0.152152, "bid": 0.151257}, "XETA/USDT": {"last": 0.03421, "ask": 0.03416, "bid": 0.03364}, "NFT/USDT": {"last": 3.558e-07, "ask": 3.558e-07, "bid": 3.538e-07}, "KUNCI/USDT": {"last": 0.010223, "ask": 0.010517, "bid": 0.010224}, "OKG/USDT": {"last": 0.002541, "ask": 0.00257, "bid": 0.00254}, "REAL/USDT": {"last": 0.08011, "ask": 0.08097, "bid": 0.08001}, "CAKE/USDT": {"last": 1.7772, "ask": 1.7801, "bid": 1.7772}, "THN/USDT": {"last": 0.034388, "ask": 0.034538, "bid": 0.034231}, "ACM/USDT": {"last": 2.2854, "ask": 2.2854, "bid": 2.2675}, "PSP/USDT": {"last": 0.031713, "ask": 0.032373, "bid": 0.031757}, "CUSD/USDT": {"last": 0.9945, "ask": 0.9984, "bid": 0.9945}, "MVL/USDT": {"last": 0.003319, "ask": 0.00333, "bid": 0.003308}, "GST/USDT": {"last": 0.01566, "ask": 0.01577, "bid": 0.01564}, "EOS2S/USDT": {"last": 8.0969, "ask": 8.1603, "bid": 8.1165}, "OAS/USDT": {"last": 0.073702, "ask": 0.073702, "bid": 0.07348}, "TEL/USDT": {"last": 0.001731, "ask": 0.001786, "bid": 0.001597}, "STAT/USDT": {"last": 0.1137, "ask": 0.1144, "bid": 0.1122}, "CITY/USDT": {"last": 5.3003, "ask": 5.3424, "bid": 5.3095}, "ATOM2S/USDT": {"last": 3.1253, "ask": 3.1258, "bid": 3.1177}, "TRIBE/USDT": {"last": 0.2871, "ask": 0.2871, "bid": 0.2861}, "LINK2L/USDT": {"last": 4.1643, "ask": 4.1682, "bid": 4.1564}, "LADYS/USDT": {"last": 4.95e-08, "ask": 4.95e-08, "bid": 4.94e-08}, "ADA2S/USDT": {"last": 4.4566, "ask": 4.461, "bid": 4.4476}, "DLC/USDT": {"last": 0.13019, "ask": 0.1303, "bid": 0.13}, "CHRP/USDT": {"last": 0.005241, "ask": 0.005304, "bid": 0.005212}, "SAND2L/USDT": {"last": 0.97, "ask": 0.97, "bid": 0.9667}, "XAVA/USDT": {"last": 0.2856, "ask": 0.2854, "bid": 0.28}, "GNS/USDT": {"last": 4.6594, "ask": 4.7047, "bid": 4.676}, "BTC3S/USDT": {"last": 4.8683, "ask": 4.8714, "bid": 4.863}, "FB/USDT": {"last": 1.109, "ask": 1.118, "bid": 1.105}, "KARATE/USDT": {"last": 0.0017495, "ask": 0.0017477, "bid": 0.0017}, "AXL/USDT": {"last": 0.5254, "ask": 0.5265, "bid": 0.526}, "MMC/USDT": {"last": 0.049082, "ask": 0.049082, "bid": 0.046168}, "AFC/USDT": {"last": 1.5809, "ask": 1.5839, "bid": 1.56}, "XRP3L/USDT": {"last": 3.0035, "ask": 3.0108, "bid": 3.003}, "SHILL/USDT": {"last": 0.01116, "ask": 0.01119, "bid": 0.01116}, "KCAL/USDT": {"last": 0.2398, "ask": 0.2495, "bid": 0.2401}, "CMP/USDT": {"last": 0.03816, "ask": 0.039, "bid": 0.0376}, "FTT/USDT": {"last": 1.08, "ask": 1.0744, "bid": 1.0702}, "EOS2L/USDT": {"last": 2.5851, "ask": 2.5847, "bid": 2.5717}, "SRM/USDT": {"last": 0.077, "ask": 0.0773, "bid": 0.0766}, "PERP/USDT": {"last": 0.6005, "ask": 0.6005, "bid": 0.5998}, "LINK2S/USDT": {"last": 3.5204, "ask": 3.5287, "bid": 3.5195}, "APE2S/USDT": {"last": 3.2245, "ask": 3.2325, "bid": 3.2226}, "DEVT/USDT": {"last": 0.00316, "ask": 0.00316, "bid": 0.00315}, "BAR/USDT": {"last": 3.6009, "ask": 3.629, "bid": 3.6012}, "MOVR/USDT": {"last": 6.2869, "ask": 6.2871, "bid": 6.2793}, "GODS/USDT": {"last": 0.168, "ask": 0.16799, "bid": 0.16674}, "MCRT/USDT": {"last": 0.00227, "ask": 0.002272, "bid": 0.00227}, "RAIN/USDT": {"last": 0.001008, "ask": 0.001017, "bid": 0.001001}, "MV/USDT": {"last": 0.1273, "ask": 0.12753, "bid": 0.12705}, "RLTM/USDT": {"last": 0.024, "ask": 0.02408, "bid": 0.024}, "XRP3S/USDT": {"last": 0.2765, "ask": 0.276, "bid": 0.2752}, "PRIMAL/USDT": {"last": 0.002419,