{"ORT/USDT": {"last": 0.004452, "ask": 0.004454, "bid": 0.004399}, "AVAX2L/USDT": {"last": 4.3866, "ask": 4.3922, "bid": 4.3802}, "1SOL/USDT": {"last": 0.004024, "ask": 0.004025, "bid": 0.00398}, "XCAD/USDT": {"last": 0.9424, "ask": 0.944, "bid": 0.9416}, "XYM/USDT": {"last": 0.02928, "ask": 0.02928, "bid": 0.02887}, "SAND2S/USDT": {"last": 3.2169, "ask": 3.2354, "bid": 3.2232}, "ETC2L/USDT": {"last": 1.8582, "ask": 1.8626, "bid": 1.8558}, "GSTS/USDT": {"last": 0.003686, "ask": 0.0039, "bid": 0.003686}, "OKSE/USDT": {"last": 0.04497, "ask": 0.04524, "bid": 0.04494}, "MATIC2S/USDT": {"last": 1.7642, "ask": 1.7594, "bid": 1.7549}, "MNZ/USDT": {"last": 0.0004455, "ask": 0.0004453, "bid": 0.0004449}, "TIME/USDT": {"last": 25.07, "ask": 25.5095, "bid": 25.0866}, "KRL/USDT": {"last": 0.275, "ask": 0.275, "bid": 0.2531}, "BABYDOGE/USDT": {"last": 2.304e-09, "ask": 2.304e-09, "bid": 2.286e-09}, "MIX/USDT": {"last": 0.00211, "ask": 0.002142, "bid": 0.00211}, "AVA/USDT": {"last": 0.5435, "ask": 0.5435, "bid": 0.5399}, "MEE/USDT": {"last": 0.004275, "ask": 0.004277, "bid": 0.004274}, "FTM2L/USDT": {"last": 4.3557, "ask": 4.3586, "bid": 4.347}, "DOME/USDT": {"last": 0.000847, "ask": 0.000847, "bid": 0.00084}, "CAKE/USDT": {"last": 1.7954, "ask": 1.7954, "bid": 1.7953}, "APEX/USDT": {"last": 0.3344, "ask": 0.3344, "bid": 0.3343}, "NEXO/USDT": {"last": 0.6681, "ask": 0.669, "bid": 0.6681}, "PSTAKE/USDT": {"last": 0.04814, "ask": 0.04951, "bid": 0.04763}, "PLAY/USDT": {"last": 0.0639, "ask": 0.06418, "bid": 0.06378}, "DPX/USDT": {"last": 126.31, "ask": 126.35, "bid": 126.31}, "WLKN/USDT": {"last": 0.03152, "ask": 0.03163, "bid": 0.03152}, "LUNC/USDT": {"last": 8.918e-05, "ask": 8.922e-05, "bid": 8.915e-05}, "EVER/USDT": {"last": 0.03926, "ask": 0.03931, "bid": 0.03926}, "FORT/USDT": {"last": 0.1721, "ask": 0.1774, "bid": 0.1721}, "XRP3L/USDT": {"last": 3.1084, "ask": 3.1128, "bid": 3.1059}, "AGLA/USDT": {"last": 0.05214, "ask": 0.05361, "bid": 0.05133}, "DFI/USDT": {"last": 0.3629, "ask": 0.368, "bid": 0.3643}, "DOGE2L/USDT": {"last": 5.1383, "ask": 5.1355, "bid": 5.1237}, "NFT/USDT": {"last": 3.573e-07, "ask": 3.573e-07, "bid": 3.559e-07}, "WWY/USDT": {"last": 0.005726, "ask": 0.005734, "bid": 0.005711}, "JUV/USDT": {"last": 2.5665, "ask": 2.5836, "bid": 2.5699}, "OBX/USDT": {"last": 0.001503, "ask": 0.001521, "bid": 0.001503}, "FTM2S/USDT": {"last": 0.629, "ask": 0.6297, "bid": 0.6277}, "TAP/USDT": {"last": 0.004022, "ask": 0.004027, "bid": 0.004002}, "TEL/USDT": {"last": 0.001731, "ask": 0.001698, "bid": 0.001598}, "PRIMAL/USDT": {"last": 0.00245, "ask": 0.00245, "bid": 0.002429}, "LIS/USDT": {"last": 0.013901, "ask": 0.014, "bid": 0.013813}, "XWG/USDT": {"last": 0.0011689, "ask": 0.0011805, "bid": 0.0011672}, "SON/USDT": {"last": 0.000289, "ask": 0.0002932, "bid": 0.0002871}, "DEFY/USDT": {"last": 0.004051, "ask": 0.004071, "bid": 0.004051}, "TRVL/USDT": {"last": 0.0311, "ask": 0.031304, "bid": 0.0311}, "UMA/USDT": {"last": 2.3493, "ask": 2.3454, "bid": 2.3211}, "TRIBE/USDT": {"last": 0.2861, "ask": 0.2871, "bid": 0.2861}, "LUNA/USDT": {"last": 0.9193, "ask": 0.9192, "bid": 0.919}, "XRP3S/USDT": {"last": 0.2673, "ask": 0.2682, "bid": 0.2675}, "SD/USDT": {"last": 0.9234, "ask": 0.9273, "bid": 0.9234}, "GODS/USDT": {"last": 0.17047, "ask": 0.17029, "bid": 0.16889}, "ACA/USDT": {"last": 0.0566, "ask": 0.0567, "bid": 0.0565}, "MATIC2L/USDT": {"last": 6.5651, "ask": 6.5964, "bid": 6.5811}, "SOLO/USDT": {"last": 0.1212, "ask": 0.1213, "bid": 0.1207}, "FLOKI/USDT": {"last": 3.5098e-05, "ask": 3.5111e-05, "bid": 3.5053e-05}, "KCAL/USDT": {"last": 0.2495, "ask": 0.2492, "bid": 0.2397}, "BTC3L/USDT": {"last": 0.8964, "ask": 0.8978, "bid": 0.8963}, "CBX/USDT": {"last": 0.02669, "ask": 0.0267, "bid": 0.02669}, "DZOO/USDT": {"last": 0.012054, "ask": 0.012339, "bid": 0.012054}, "FB/USDT": {"last": 1.123, "ask": 1.125, "bid": 1.114}, "SOS/USDT": {"last": 6.58e-08, "ask": 6.58e-08, "bid": 6.39e-08}, "GENE/USDT": {"last": 0.4683, "ask": 0.4706, "bid": 0.4683}, "SIS/USDT": {"last": 0.13059, "ask": 0.13143, "bid": 0.13059}, "QNT/USDT": {"last": 105.4, "ask": 105.4, "bid": 105.1}, "STRM/USDT": {"last": 0.0123, "ask": 0.0123, "bid": 0.012246}, "FTT/USDT": {"last": 1.0897, "ask": 1.0935, "bid": 1.0897}, "PSG/USDT": {"last": 4.7299, "ask": 4.7299, "bid": 4.6993}, "DOGE2S/USDT": {"last": 0.7313, "ask": 0.7321, "bid": 0.7304}, "VINU/USDT": {"last": 1.001e-08, "ask": 1.003e-08, "bid": 9.99e-09}, "VRA/USDT": {"last": 0.004478, "ask": 0.004493, "bid": 0.004475}, "GCAKE/USDT": {"last": 4.292e-07, "ask": 4.299e-07, "bid": 4.211e-07}, "KARATE/USDT": {"last": 0.0015701, "ask": 0.0016024, "bid": 0.0015701}, "GMT2S/USDT": {"last": 4.6403, "ask": 4.6554, "bid": 4.6422}, "MX/USDT": {"last": 2.5993, "ask": 2.6001, "bid": 2.5993}, "INSUR/USDT": {"last": 0.07056, "ask": 0.07134, "bid": 0.07059}, "LADYS/USDT": {"last": 5.32e-08, "ask": 5.32e-08, "bid": 5.29e-08}, "RLTM/USDT": {"last": 0.02404, "ask": 0.02406, "bid": 0.024}, "CO/USDT": {"last": 0.008961, "ask": 0.008962, "bid": 0.008961}, "BONK/USDT": {"last": 3.708e-07, "ask": 3.71e-07, "bid": 3.692e-07}, "HVH/USDT": {"last": 0.02731, "ask": 0.02789, "bid": 0.02731}, "AZY/USDT": {"last": 0.01059, "ask": 0.01057, "bid": 0.01032}, "LING/USDT": {"last": 0.003176, "ask": 0.003199, "bid": 0.003104}, "MBX/USDT": {"last": 0.897, "ask": 0.9, "bid": 0.894}, "CHRP/USDT": {"last": 0.005227, "ask": 0.005278, "bid": 0.005226}, "OAS/USDT": {"last": 0.074424, "ask": 0.074462, "bid": 0.074238}, "DEVT/USDT": {"last": 0.00317, "ask": 0.00316, "bid": 0.00314}, "DICE/USDT": {"last": 0.03512, "ask": 0.03512, "bid": 0.0349}, "GST/USDT": {"last": 0.0157, "ask": 0.01586, "bid": 0.0157}, "INTER/USDT": {"last": 2.7042, "ask": 2.704, "bid": 2.6913}, "BTC3S/USDT": {"last": 4.7372, "ask": 4.7526, "bid": 4.7443}, "EOS2L/USDT": {"last": 2.6159, "ask": 2.6159, "bid": 2.6023}, "SFUND/USDT": {"last": 1.0217, "ask": 1.02877, "bid": 1.022}, "TON/USDT": {"last": 1.811, "ask": 1.8109, "bid": 1.81}, "PEPE/USDT": {"last": 1.5206e-06, "ask": 1.5225e-06, "bid": 1.52e-06}, "IZI/USDT": {"last": 0.016443, "ask": 0.016443, "bid": 0.016329}, "LTC2L/USDT": {"last": 18.6641, "ask": 18.6755, "bid": 18.6328}, "SAITAMA/USDT": {"last": 0.000973, "ask": 0.000975, "bid": 0.000971}, "VPAD/USDT": {"last": 0.02849, "ask": 0.0285, "bid": 0.02849}, "HERO/USDT": {"last": 0.003215, "ask": 0.003211, "bid": 0.003146}, "BTT/USDT": {"last": 5.948e-07, "ask": 5.98e-07, "bid": 5.869e-07}, "LFW/USDT": {"last": 0.010398, "ask": 0.0106, "bid": 0.010459}, "ROND/USDT": {"last": 0.004461, "ask": 0.004468, "bid": 0.004461}, "PUMLX/USDT": {"last": 0.01776, "ask": 0.01781, "bid": 0.01771}, "OKG/USDT": {"last": 0.002541, "ask": 0.00257, "bid": 0.00254}, "SHIB/USDT": {"last": 8.7393e-06, "ask": 8.7416e-06, "bid": 8.7412e-06}, "ZBC/USDT": {"last": 0.014729, "ask": 0.014726, "bid": 0.014675}, "KUNCI/USDT": {"last": 0.010223, "ask": 0.010517, "bid": 0.010224}, "MTK/USDT": {"last": 0.0147, "ask": 0.0149, "bid": 0.01462}, "SYNR/USDT": {"last": 0.001098, "ask": 0.001101, "bid": 0.00109}, "WEMIX/USDT": {"last": 0.7471, "ask": 0.7464, "bid": 0.7449}, "AXL/USDT": {"last": 0.5282, "ask": 0.5284, "bid": 0.528}, "MELOS/USDT": {"last": 0.005688, "ask": 0.00585, "bid": 0.00563}, "CITY/USDT": {"last": 5.4426, "ask": 5.4272, "bid": 5.3679}, "GALFT/USDT": {"last": 3.95824, "ask": 4.01954, "bid": 3.9621}, "CUSD/USDT": {"last": 0.9945, "ask": 0.9984, "bid": 0.9945}, "ZAM/USDT": {"last": 0.004328, "ask": 0.004332, "bid": 0.00429}, "AFC/USDT": {"last": 1.5768, "ask": 1.5925, "bid": 1.5768}, "GGM/USDT": {"last": 0.005165, "ask": 0.005166, "bid": 0.0051}, "PLY/USDT": {"last": 0.0003507, "ask": 0.0003508, "bid": 0.0003469}, "CGPT/USDT": {"last": 0.154832, "ask": 0.155369, "bid": 0.154401}, "MCRT/USDT": {"last": 0.002269, "ask": 0.002278, "bid": 0.002269}, "QMALL/USDT": {"last": 0.2009, "ask": 0.2017, "bid": 0.1989}, "AVAX2S/USDT": {"last": 0.9446, "ask": 0.9445, "bid": 0.9422}, "FIDA/USDT": {"last": 0.3359, "ask": 0.336, "bid": 0.3345},