{"SYNR/USDT": {"last": 0.001112, "ask": 0.001114, "bid": 0.001103}, "KMON/USDT": {"last": 0.009473, "ask": 0.009805, "bid": 0.009482}, "SHILL/USDT": {"last": 0.01116, "ask": 0.01128, "bid": 0.01117}, "AFC/USDT": {"last": 1.5848, "ask": 1.5927, "bid": 1.5848}, "GST/USDT": {"last": 0.01586, "ask": 0.01586, "bid": 0.01581}, "LFW/USDT": {"last": 0.010537, "ask": 0.01061, "bid": 0.010466}, "DOGE2L/USDT": {"last": 5.1602, "ask": 5.1659, "bid": 5.1541}, "MEE/USDT": {"last": 0.004258, "ask": 0.004258, "bid": 0.004251}, "SAITAMA/USDT": {"last": 0.0009688, "ask": 0.00097, "bid": 0.000966}, "BAR/USDT": {"last": 3.6516, "ask": 3.6764, "bid": 3.6508}, "ORT/USDT": {"last": 0.004416, "ask": 0.004481, "bid": 0.004395}, "SLG/USDT": {"last": 0.021622, "ask": 0.021689, "bid": 0.021411}, "KCAL/USDT": {"last": 0.2398, "ask": 0.2496, "bid": 0.2398}, "FIDA/USDT": {"last": 0.3295, "ask": 0.3307, "bid": 0.3294}, "SEOR/USDT": {"last": 0.001893, "ask": 0.001893, "bid": 0.001892}, "DOGE2S/USDT": {"last": 0.7266, "ask": 0.7288, "bid": 0.7269}, "XWG/USDT": {"last": 0.0012026, "ask": 0.0012098, "bid": 0.0012001}, "AVAX2L/USDT": {"last": 4.3292, "ask": 4.3441, "bid": 4.3324}, "DCR/USDT": {"last": 17.6593, "ask": 17.8995, "bid": 17.662}, "PERP/USDT": {"last": 0.6047, "ask": 0.605, "bid": 0.6049}, "STAT/USDT": {"last": 0.1143, "ask": 0.1144, "bid": 0.1122}, "FTM2S/USDT": {"last": 0.6312, "ask": 0.6332, "bid": 0.6312}, "RLTM/USDT": {"last": 0.02406, "ask": 0.02409, "bid": 0.02406}, "SIDUS/USDT": {"last": 0.001209, "ask": 0.0012175, "bid": 0.0012091}, "GMT2L/USDT": {"last": 0.2392, "ask": 0.2394, "bid": 0.2388}, "ZBC/USDT": {"last": 0.01476, "ask": 0.014746, "bid": 0.014695}, "ACM/USDT": {"last": 2.2983, "ask": 2.2983, "bid": 2.2797}, "RACA/USDT": {"last": 0.00014853, "ask": 0.00014812, "bid": 0.00014778}, "ADA2L/USDT": {"last": 3.5057, "ask": 3.5136, "bid": 3.5057}, "QNT/USDT": {"last": 104.7, "ask": 104.6, "bid": 104.4}, "MV/USDT": {"last": 0.12711, "ask": 0.12723, "bid": 0.12693}, "MVL/USDT": {"last": 0.003356, "ask": 0.00337, "bid": 0.003342}, "KUNCI/USDT": {"last": 0.010223, "ask": 0.010521, "bid": 0.010223}, "USDD/USDT": {"last": 0.9956, "ask": 0.9984, "bid": 0.9956}, "AGI/USDT": {"last": 0.10052, "ask": 0.10097, "bid": 0.10009}, "DPX/USDT": {"last": 126.31, "ask": 126.43, "bid": 123.15}, "ADA2S/USDT": {"last": 4.3844, "ask": 4.3819, "bid": 4.3706}, "KON/USDT": {"last": 0.07633, "ask": 0.07638, "bid": 0.07632}, "DZOO/USDT": {"last": 0.012, "ask": 0.012, "bid": 0.01181}, "TIME/USDT": {"last": 25.2463, "ask": 25.3017, "bid": 24.6231}, "TAP/USDT": {"last": 0.004017, "ask": 0.004027, "bid": 0.004002}, "AVA/USDT": {"last": 0.5393, "ask": 0.5393, "bid": 0.5371}, "ECOX/USDT": {"last": 0.4014, "ask": 0.4027, "bid": 0.4014}, "INTER/USDT": {"last": 2.7259, "ask": 2.7252, "bid": 2.7061}, "KOK/USDT": {"last": 0.03981, "ask": 0.03956, "bid": 0.03811}, "GNS/USDT": {"last": 4.7092, "ask": 4.7092, "bid": 4.6876}, "ATOM2L/USDT": {"last": 5.5567, "ask": 5.5707, "bid": 5.5564}, "BABYDOGE/USDT": {"last": 2.293e-09, "ask": 2.293e-09, "bid": 2.278e-09}, "OKSE/USDT": {"last": 0.04545, "ask": 0.04549, "bid": 0.04533}, "REAL/USDT": {"last": 0.08098, "ask": 0.08109, "bid": 0.08008}, "VRA/USDT": {"last": 0.004491, "ask": 0.0045, "bid": 0.004481}, "ZAM/USDT": {"last": 0.004435, "ask": 0.004438, "bid": 0.004411}, "ETC2S/USDT": {"last": 4.6586, "ask": 4.6586, "bid": 4.6419}, "FLOKI/USDT": {"last": 3.4492e-05, "ask": 3.4421e-05, "bid": 3.4379e-05}, "BNT/USDT": {"last": 0.4161, "ask": 0.4163, "bid": 0.4136}, "MOVR/USDT": {"last": 6.3268, "ask": 6.332, "bid": 6.3185}, "PLY/USDT": {"last": 0.0003555, "ask": 0.0003552, "bid": 0.0003494}, "DLC/USDT": {"last": 0.13, "ask": 0.1303, "bid": 0.13}, "LINK2S/USDT": {"last": 3.5118, "ask": 3.5118, "bid": 3.5019}, "EVER/USDT": {"last": 0.03889, "ask": 0.0389, "bid": 0.03889}, "PRIME/USDT": {"last": 1.31, "ask": 1.309, "bid": 1.304}, "MBX/USDT": {"last": 0.905, "ask": 0.906, "bid": 0.903}, "PEPE/USDT": {"last": 1.3448e-06, "ask": 1.3463e-06, "bid": 1.3437e-06}, "JUV/USDT": {"last": 2.5795, "ask": 2.5743, "bid": 2.5655}, "CAKE/USDT": {"last": 1.7927, "ask": 1.794, "bid": 1.7937}, "AXL/USDT": {"last": 0.5275, "ask": 0.5279, "bid": 0.5275}, "MDAO/USDT": {"last": 0.2738, "ask": 0.2739, "bid": 0.2738}, "ACA/USDT": {"last": 0.0564, "ask": 0.0564, "bid": 0.0561}, "KRL/USDT": {"last": 0.242, "ask": 0.2519, "bid": 0.2484}, "WAXP/USDT": {"last": 0.05535, "ask": 0.05535, "bid": 0.05533}, "CBX/USDT": {"last": 0.02656, "ask": 0.02683, "bid": 0.02659}, "TRIBE/USDT": {"last": 0.2871, "ask": 0.2871, "bid": 0.2861}, "SIS/USDT": {"last": 0.1312, "ask": 0.1312, "bid": 0.13076}, "XEC/USDT": {"last": 2.654e-05, "ask": 2.663e-05, "bid": 2.654e-05}, "GENE/USDT": {"last": 0.4683, "ask": 0.4706, "bid": 0.4683}, "LGX/USDT": {"last": 0.004478, "ask": 0.00448, "bid": 0.004475}, "PUMLX/USDT": {"last": 0.01775, "ask": 0.01781, "bid": 0.01771}, "WWY/USDT": {"last": 0.005754, "ask": 0.005767, "bid": 0.00575}, "WBTC/USDT": {"last": 26240.02, "ask": 26356.09, "bid": 26193.15}, "AVAX2S/USDT": {"last": 0.953, "ask": 0.953, "bid": 0.9501}, "APE2L/USDT": {"last": 1.898, "ask": 1.898, "bid": 1.892}, "LIS/USDT": {"last": 0.01436, "ask": 0.014376, "bid": 0.014322}, "BTG/USDT": {"last": 12.8046, "ask": 12.8823, "bid": 12.8046}, "MCRT/USDT": {"last": 0.002252, "ask": 0.002267, "bid": 0.002252}, "MATIC2S/USDT": {"last": 1.8163, "ask": 1.8172, "bid": 1.8121}, "DFI/USDT": {"last": 0.3674, "ask": 0.368, "bid": 0.3654}, "KARATE/USDT": {"last": 0.0018192, "ask": 0.0018192, "bid": 0.0018051}, "PIP/USDT": {"last": 0.23495, "ask": 0.23728, "bid": 0.23496}, "CGPT/USDT": {"last": 0.154069, "ask": 0.154257, "bid": 0.153811}, "PLAY/USDT": {"last": 0.06415, "ask": 0.06417, "bid": 0.06367}, "DEVT/USDT": {"last": 0.00315, "ask": 0.00318, "bid": 0.00316}, "GCAKE/USDT": {"last": 4.151e-07, "ask": 4.271e-07, "bid": 4.15e-07}, "LTC2L/USDT": {"last": 18.307, "ask": 18.3076, "bid": 18.2657}, "THN/USDT": {"last": 0.034404, "ask": 0.034598, "bid": 0.034231}, "INSUR/USDT": {"last": 0.07137, "ask": 0.07272, "bid": 0.0704}, "SON/USDT": {"last": 0.0002911, "ask": 0.0002935, "bid": 0.0002893}, "XAVA/USDT": {"last": 0.2857, "ask": 0.2907, "bid": 0.2857}, "PSP/USDT": {"last": 0.031537, "ask": 0.032577, "bid": 0.031537}, "SOS/USDT": {"last": 6.6e-08, "ask": 6.6e-08, "bid": 6.43e-08}, "ETH3S/USDT": {"last": 0.6634, "ask": 0.6647, "bid": 0.6634}, "PTU/USDT": {"last": 0.344, "ask": 0.3451, "bid": 0.344}, "UMA/USDT": {"last": 2.3058, "ask": 2.3044, "bid": 2.2959}, "1SOL/USDT": {"last": 0.004, "ask": 0.004, "bid": 0.003981}, "GMT2S/USDT": {"last": 4.7385, "ask": 4.753, "bid": 4.7385}, "APEX/USDT": {"last": 0.3318, "ask": 0.3319, "bid": 0.3318}, "IZI/USDT": {"last": 0.016501, "ask": 0.016559, "bid": 0.016444}, "OBX/USDT": {"last": 0.001511, "ask": 0.001532, "bid": 0.00151}, "TOMI/USDT": {"last": 3.934, "ask": 3.934, "bid": 3.887}, "3P/USDT": {"last": 2.848e-08, "ask": 2.855e-08, "bid": 2.848e-08}, "QMALL/USDT": {"last": 0.2019, "ask": 0.2025, "bid": 0.1985}, "BTC3L/USDT": {"last": 0.8959, "ask": 0.8949, "bid": 0.8935}, "SFUND/USDT": {"last": 1.02849, "ask": 1.02944, "bid": 1.02265}, "BTC3S/USDT": {"last": 4.7552, "ask": 4.765, "bid": 4.7552}, "MOVEZ/USDT": {"last": 0.00174, "ask": 0.001749, "bid": 0.00174}, "ELT/USDT": {"last": 0.000741, "ask": 0.000745, "bid": 0.000733}, "TRVL/USDT": {"last": 0.031283, "ask": 0.03134, "bid": 0.031283}, "CHRP/USDT": {"last": 0.005249, "ask": 0.005252, "bid": 0.00525}, "CUSD/USDT": {"last": 0.9984, "ask": 0.9984, "bid": 0.9945}, "LTC2S/USDT": {"last": 0.8019, "ask": 0.8017, "bid": 0.7997}, "WLKN/USDT": {"last": 0.03164, "ask": 0.03166, "bid": 0.03163}, "OAS/USDT": {"last": 0.073815, "ask": 0.073842, "bid": 0.07362}, "CAPS/USDT": {"last": 0.017079, "ask": 0.01772, "bid": 0.01722}, "PSTAKE/USDT": {"last": 0.0485, "ask": 0.0485, "bid": 0.04813}, "XETA/USDT": {"last": 0.03421, "ask": 0.03415, "bid": 0.03366}, "MCT/USDT": {"last": 0.03227, "ask": 0.03226, "bid": 0.0307}, "XRP3S/USDT": {"last": 0.2711, "ask": 0.2719,