{"SLG/USDT": {"last": 0.021055, "ask": 0.021284, "bid": 0.021043}, "KCAL/USDT": {"last": 0.2495, "ask": 0.2495, "bid": 0.2398}, "SEOR/USDT": {"last": 0.001892, "ask": 0.001893, "bid": 0.00189}, "FIDA/USDT": {"last": 0.3367, "ask": 0.337, "bid": 0.3358}, "DOGE2S/USDT": {"last": 0.7284, "ask": 0.7273, "bid": 0.7246}, "XWG/USDT": {"last": 0.0011889, "ask": 0.001196, "bid": 0.0011782}, "AVAX2L/USDT": {"last": 4.4403, "ask": 4.4436, "bid": 4.4314}, "DCR/USDT": {"last": 17.2663, "ask": 17.4581, "bid": 17.2667}, "FTM2S/USDT": {"last": 0.6238, "ask": 0.6253, "bid": 0.6195}, "PERP/USDT": {"last": 0.6141, "ask": 0.6147, "bid": 0.6145}, "STAT/USDT": {"last": 0.1068, "ask": 0.1059, "bid": 0.1038}, "RLTM/USDT": {"last": 0.02406, "ask": 0.02409, "bid": 0.02403}, "SIDUS/USDT": {"last": 0.0012296, "ask": 0.0012295, "bid": 0.0012205}, "ZBC/USDT": {"last": 0.014828, "ask": 0.01485, "bid": 0.014802}, "ACM/USDT": {"last": 2.2934, "ask": 2.3155, "bid": 2.299}, "RACA/USDT": {"last": 0.00014756, "ask": 0.00014883, "bid": 0.00014837}, "GMT2L/USDT": {"last": 0.2474, "ask": 0.2481, "bid": 0.2474}, "ADA2L/USDT": {"last": 3.5463, "ask": 3.5496, "bid": 3.5392}, "QNT/USDT": {"last": 105.9, "ask": 106.0, "bid": 105.7}, "MV/USDT": {"last": 0.1274, "ask": 0.12735, "bid": 0.12727}, "KUNCI/USDT": {"last": 0.010223, "ask": 0.01048, "bid": 0.010223}, "USDD/USDT": {"last": 0.9958, "ask": 0.9983, "bid": 0.9958}, "MVL/USDT": {"last": 0.003354, "ask": 0.00337, "bid": 0.003337}, "AGI/USDT": {"last": 0.10143, "ask": 0.10217, "bid": 0.10078}, "DPX/USDT": {"last": 126.31, "ask": 126.35, "bid": 126.31}, "ADA2S/USDT": {"last": 4.3306, "ask": 4.3344, "bid": 4.321}, "KON/USDT": {"last": 0.07629, "ask": 0.0763, "bid": 0.07627}, "DZOO/USDT": {"last": 0.012174, "ask": 0.01235, "bid": 0.01217}, "TIME/USDT": {"last": 25.4995, "ask": 25.5095, "bid": 25.0564}, "AVA/USDT": {"last": 0.5439, "ask": 0.5439, "bid": 0.5428}, "ECOX/USDT": {"last": 0.402, "ask": 0.402, "bid": 0.4019}, "TAP/USDT": {"last": 0.004005, "ask": 0.004027, "bid": 0.004002}, "INTER/USDT": {"last": 2.7305, "ask": 2.7308, "bid": 2.7155}, "KOK/USDT": {"last": 0.03994, "ask": 0.03994, "bid": 0.0391}, "GNS/USDT": {"last": 4.7627, "ask": 4.785, "bid": 4.7736}, "ATOM2L/USDT": {"last": 5.6994, "ask": 5.7112, "bid": 5.6971}, "BABYDOGE/USDT": {"last": 2.344e-09, "ask": 2.344e-09, "bid": 2.343e-09}, "OKSE/USDT": {"last": 0.04494, "ask": 0.0453, "bid": 0.04494}, "REAL/USDT": {"last": 0.08058, "ask": 0.08098, "bid": 0.08}, "VRA/USDT": {"last": 0.0045, "ask": 0.004519, "bid": 0.004495}, "ZAM/USDT": {"last": 0.004298, "ask": 0.004332, "bid": 0.004292}, "ETC2S/USDT": {"last": 4.5534, "ask": 4.5613, "bid": 4.5448}, "FLOKI/USDT": {"last": 3.544e-05, "ask": 3.5418e-05, "bid": 3.5388e-05}, "BNT/USDT": {"last": 0.4181, "ask": 0.42, "bid": 0.418}, "MOVR/USDT": {"last": 6.3474, "ask": 6.3772, "bid": 6.3598}, "PLY/USDT": {"last": 0.0003507, "ask": 0.0003504, "bid": 0.000347}, "DLC/USDT": {"last": 0.13019, "ask": 0.1303, "bid": 0.13}, "EVER/USDT": {"last": 0.03933, "ask": 0.03933, "bid": 0.03932}, "PRIME/USDT": {"last": 1.305, "ask": 1.305, "bid": 1.3}, "MBX/USDT": {"last": 0.894, "ask": 0.897, "bid": 0.89}, "LINK2S/USDT": {"last": 3.4221, "ask": 3.4212, "bid": 3.4122}, "JUV/USDT": {"last": 2.5589, "ask": 2.5779, "bid": 2.5615}, "PEPE/USDT": {"last": 1.5504e-06, "ask": 1.5474e-06, "bid": 1.5444e-06}, "CAKE/USDT": {"last": 1.8, "ask": 1.8, "bid": 1.7997}, "AXL/USDT": {"last": 0.5298, "ask": 0.5301, "bid": 0.5292}, "MDAO/USDT": {"last": 0.2746, "ask": 0.2747, "bid": 0.2746}, "ACA/USDT": {"last": 0.057, "ask": 0.0571, "bid": 0.0569}, "KRL/USDT": {"last": 0.2537, "ask": 0.2537, "bid": 0.249}, "WAXP/USDT": {"last": 0.05581, "ask": 0.05589, "bid": 0.05565}, "CBX/USDT": {"last": 0.02693, "ask": 0.02717, "bid": 0.02693}, "TRIBE/USDT": {"last": 0.2861, "ask": 0.287, "bid": 0.2861}, "SIS/USDT": {"last": 0.13149, "ask": 0.13149, "bid": 0.13045}, "XEC/USDT": {"last": 2.682e-05, "ask": 2.689e-05, "bid": 2.682e-05}, "LGX/USDT": {"last": 0.004432, "ask": 0.004436, "bid": 0.004408}, "GENE/USDT": {"last": 0.4706, "ask": 0.4706, "bid": 0.4683}, "PUMLX/USDT": {"last": 0.01776, "ask": 0.01781, "bid": 0.01771}, "WWY/USDT": {"last": 0.005701, "ask": 0.005717, "bid": 0.005701}, "WBTC/USDT": {"last": 26386.65, "ask": 26566.11, "bid": 26415.4}, "AVAX2S/USDT": {"last": 0.9361, "ask": 0.9361, "bid": 0.9337}, "APE2L/USDT": {"last": 1.9647, "ask": 1.978, "bid": 1.9725}, "BTG/USDT": {"last": 12.7659, "ask": 12.8434, "bid": 12.7659}, "MCRT/USDT": {"last": 0.002277, "ask": 0.002277, "bid": 0.002269}, "LIS/USDT": {"last": 0.014, "ask": 0.014, "bid": 0.013813}, "MATIC2S/USDT": {"last": 1.7164, "ask": 1.7226, "bid": 1.7182}, "DFI/USDT": {"last": 0.3681, "ask": 0.3681, "bid": 0.3642}, "KARATE/USDT": {"last": 0.0015311, "ask": 0.0015699, "bid": 0.0015301}, "PIP/USDT": {"last": 0.24682, "ask": 0.24735, "bid": 0.24592}, "CGPT/USDT": {"last": 0.152639, "ask": 0.152862, "bid": 0.152454}, "PLAY/USDT": {"last": 0.0639, "ask": 0.0642, "bid": 0.06378}, "DEVT/USDT": {"last": 0.00313, "ask": 0.00316, "bid": 0.00313}, "GCAKE/USDT": {"last": 4.292e-07, "ask": 4.291e-07, "bid": 4.199e-07}, "LTC2L/USDT": {"last": 18.7484, "ask": 18.8702, "bid": 18.8271}, "THN/USDT": {"last": 0.034314, "ask": 0.034349, "bid": 0.034293}, "INSUR/USDT": {"last": 0.07, "ask": 0.07084, "bid": 0.07018}, "SON/USDT": {"last": 0.0002878, "ask": 0.0002906, "bid": 0.0002849}, "XAVA/USDT": {"last": 0.2854, "ask": 0.2896, "bid": 0.281}, "SOS/USDT": {"last": 6.39e-08, "ask": 6.54e-08, "bid": 6.39e-08}, "ETH3S/USDT": {"last": 0.6471, "ask": 0.6434, "bid": 0.6419}, "PSP/USDT": {"last": 0.031867, "ask": 0.03215, "bid": 0.031867}, "PTU/USDT": {"last": 0.3451, "ask": 0.3463, "bid": 0.3451}, "UMA/USDT": {"last": 2.3528, "ask": 2.3524, "bid": 2.3341}, "1SOL/USDT": {"last": 0.004, "ask": 0.004, "bid": 0.00398}, "GMT2S/USDT": {"last": 4.5747, "ask": 4.584, "bid": 4.571}, "APEX/USDT": {"last": 0.3355, "ask": 0.3355, "bid": 0.3354}, "IZI/USDT": {"last": 0.016443, "ask": 0.016444, "bid": 0.016443}, "OBX/USDT": {"last": 0.001531, "ask": 0.001532, "bid": 0.00151}, "TOMI/USDT": {"last": 3.855, "ask": 4.006, "bid": 3.855}, "QMALL/USDT": {"last": 0.2015, "ask": 0.2027, "bid": 0.2013}, "BTC3L/USDT": {"last": 0.9145, "ask": 0.9163, "bid": 0.9146}, "SFUND/USDT": {"last": 1.02846, "ask": 1.02921, "bid": 1.01933}, "BTC3S/USDT": {"last": 4.6693, "ask": 4.6724, "bid": 4.6657}, "3P/USDT": {"last": 2.853e-08, "ask": 2.853e-08, "bid": 2.804e-08}, "MOVEZ/USDT": {"last": 0.001766, "ask": 0.001789, "bid": 0.001766}, "ELT/USDT": {"last": 0.000727, "ask": 0.000738, "bid": 0.000727}, "TRVL/USDT": {"last": 0.031025, "ask": 0.031207, "bid": 0.031026}, "CHRP/USDT": {"last": 0.005214, "ask": 0.005276, "bid": 0.005215}, "CUSD/USDT": {"last": 0.9945, "ask": 0.9984, "bid": 0.9945}, "LTC2S/USDT": {"last": 0.7801, "ask": 0.7815, "bid": 0.7797}, "OAS/USDT": {"last": 0.074226, "ask": 0.074369, "bid": 0.074146}, "CAPS/USDT": {"last": 0.017883, "ask": 0.017857, "bid": 0.017246}, "PSTAKE/USDT": {"last": 0.04951, "ask": 0.04962, "bid": 0.04814}, "WLKN/USDT": {"last": 0.0315, "ask": 0.03158, "bid": 0.03148}, "XETA/USDT": {"last": 0.03421, "ask": 0.03418, "bid": 0.03366}, "MCT/USDT": {"last": 0.035, "ask": 0.03499, "bid": 0.03403}, "DOME/USDT": {"last": 0.000851, "ask": 0.000851, "bid": 0.000844}, "MNZ/USDT": {"last": 0.000445, "ask": 0.0004461, "bid": 0.0004449}, "XRP3S/USDT": {"last": 0.2622, "ask": 0.262, "bid": 0.2612}, "FAME/USDT": {"last": 0.001313, "ask": 0.00132, "bid": 0.001288}, "NEXO/USDT": {"last": 0.6686, "ask": 0.669, "bid": 0.6686}, "MATIC2L/USDT": {"last": 6.7687, "ask": 6.7607, "bid": 6.7431}, "MTK/USDT": {"last": 0.01518, "ask": 0.01518, "bid": 0.0149}, "ATOM2S/USDT": {"last": 3.029, "ask": 3.056, "bid": 3.0478}, "AGLA/USDT": {"last": 0.05382, "ask": 0.05388, "bid": 0.05148}, "FTT/USDT": {"last": 1.0845, "ask": 1.0912, "bid": 1.0849}, "FORT/USDT": {"last": 0.1773, "ask": 0.1785, "bid": 0.1722}, "IME/USDT": {"last": 0.000152, "ask": 0.000151, "bid": 0.000149},