{"APE2L/USDT": {"last": 1.9002, "ask": 1.8957, "bid": 1.8895}, "LIS/USDT": {"last": 0.013901, "ask": 0.014, "bid": 0.013813}, "VPAD/USDT": {"last": 0.02849, "ask": 0.0285, "bid": 0.02849}, "SON/USDT": {"last": 0.0002883, "ask": 0.0002911, "bid": 0.0002862}, "MATIC2S/USDT": {"last": 1.7896, "ask": 1.7898, "bid": 1.7853}, "FIDA/USDT": {"last": 0.3352, "ask": 0.3351, "bid": 0.3332}, "TIME/USDT": {"last": 25.0609, "ask": 25.0608, "bid": 24.5079}, "MV/USDT": {"last": 0.12715, "ask": 0.12752, "bid": 0.12726}, "LINK2S/USDT": {"last": 3.477, "ask": 3.4893, "bid": 3.48}, "PRIMAL/USDT": {"last": 0.002446, "ask": 0.002437, "bid": 0.002419}, "PIP/USDT": {"last": 0.23906, "ask": 0.23986, "bid": 0.23905}, "TOMI/USDT": {"last": 3.984, "ask": 4.002, "bid": 3.934}, "COT/USDT": {"last": 0.01478, "ask": 0.014875, "bid": 0.014782}, "USDD/USDT": {"last": 0.9958, "ask": 0.9984, "bid": 0.9958}, "XRP3S/USDT": {"last": 0.2701, "ask": 0.2703, "bid": 0.2694}, "ATOM2S/USDT": {"last": 3.0943, "ask": 3.0966, "bid": 3.0894}, "MOVEZ/USDT": {"last": 0.00171, "ask": 0.001717, "bid": 0.00171}, "MATIC2L/USDT": {"last": 6.4922, "ask": 6.4596, "bid": 6.4416}, "PLY/USDT": {"last": 0.0003555, "ask": 0.0003518, "bid": 0.0003485}, "APEX/USDT": {"last": 0.3358, "ask": 0.3357, "bid": 0.3355}, "POKT/USDT": {"last": 0.04079, "ask": 0.041, "bid": 0.04082}, "STETH/USDT": {"last": 1779.94, "ask": 1777.12, "bid": 1773.83}, "MNZ/USDT": {"last": 0.000445, "ask": 0.0004463, "bid": 0.000443}, "GALFT/USDT": {"last": 3.99604, "ask": 3.99604, "bid": 3.95646}, "SOS/USDT": {"last": 6.5e-08, "ask": 6.5e-08, "bid": 6.43e-08}, "CWAR/USDT": {"last": 0.01069, "ask": 0.01069, "bid": 0.01059}, "DICE/USDT": {"last": 0.03518, "ask": 0.03518, "bid": 0.0349}, "OBX/USDT": {"last": 0.00151, "ask": 0.001532, "bid": 0.00151}, "MTK/USDT": {"last": 0.01466, "ask": 0.0149, "bid": 0.01462}, "GSTS/USDT": {"last": 0.003687, "ask": 0.003687, "bid": 0.003686}, "MCT/USDT": {"last": 0.03352, "ask": 0.035, "bid": 0.03182}, "ETC2L/USDT": {"last": 1.8508, "ask": 1.8493, "bid": 1.8421}, "LADYS/USDT": {"last": 5.27e-08, "ask": 5.27e-08, "bid": 5.25e-08}, "KOK/USDT": {"last": 0.03994, "ask": 0.03994, "bid": 0.03872}, "LUNA/USDT": {"last": 0.9197, "ask": 0.9197, "bid": 0.9184}, "XAVA/USDT": {"last": 0.2854, "ask": 0.2889, "bid": 0.2801}, "XDC/USDT": {"last": 0.03355, "ask": 0.03357, "bid": 0.03352}, "SLG/USDT": {"last": 0.021502, "ask": 0.021704, "bid": 0.021225}, "CRAFT/USDT": {"last": 0.005547, "ask": 0.005545, "bid": 0.005443}, "KASTA/USDT": {"last": 0.01771, "ask": 0.01773, "bid": 0.01766}, "SYNR/USDT": {"last": 0.001097, "ask": 0.001101, "bid": 0.001089}, "TAMA/USDT": {"last": 0.01663, "ask": 0.01668, "bid": 0.0166}, "GENE/USDT": {"last": 0.4706, "ask": 0.4706, "bid": 0.4683}, "AFC/USDT": {"last": 1.5769, "ask": 1.5847, "bid": 1.5769}, "BABYDOGE/USDT": {"last": 2.268e-09, "ask": 2.27e-09, "bid": 2.267e-09}, "ZAM/USDT": {"last": 0.00434, "ask": 0.004348, "bid": 0.004307}, "EOS2L/USDT": {"last": 2.5976, "ask": 2.5975, "bid": 2.5839}, "LUNC/USDT": {"last": 8.884e-05, "ask": 8.882e-05, "bid": 8.869e-05}, "PERP/USDT": {"last": 0.606, "ask": 0.606, "bid": 0.6046}, "BTC3L/USDT": {"last": 0.897, "ask": 0.8973, "bid": 0.8956}, "KON/USDT": {"last": 0.07633, "ask": 0.07637, "bid": 0.07629}, "XETA/USDT": {"last": 0.03421, "ask": 0.03416, "bid": 0.03361}, "CO/USDT": {"last": 0.008962, "ask": 0.008962, "bid": 0.008961}, "ACA/USDT": {"last": 0.0565, "ask": 0.0563, "bid": 0.056}, "AGI/USDT": {"last": 0.10052, "ask": 0.10097, "bid": 0.10012}, "DOME/USDT": {"last": 0.000841, "ask": 0.000847, "bid": 0.000841}, "LTC2S/USDT": {"last": 0.7958, "ask": 0.7982, "bid": 0.7963}, "DEFY/USDT": {"last": 0.004051, "ask": 0.004071, "bid": 0.004051}, "KCAL/USDT": {"last": 0.2495, "ask": 0.2495, "bid": 0.2398}, "REAL/USDT": {"last": 0.08012, "ask": 0.08116, "bid": 0.08011}, "EOS2S/USDT": {"last": 8.0396, "ask": 8.1206, "bid": 8.0771}, "CEL/USDT": {"last": 0.2125, "ask": 0.2137, "bid": 0.2119}, "GM/USDT": {"last": 1.17196e-05, "ask": 1.17028e-05, "bid": 1.14896e-05}, "KMON/USDT": {"last": 0.009473, "ask": 0.009912, "bid": 0.009581}, "DOT3S/USDT": {"last": 2.4856, "ask": 2.4971, "bid": 2.4907}, "WWY/USDT": {"last": 0.005701, "ask": 0.005717, "bid": 0.0057}, "FORT/USDT": {"last": 0.1722, "ask": 0.1764, "bid": 0.1722}, "MIX/USDT": {"last": 0.00211, "ask": 0.002132, "bid": 0.0021}, "AXL/USDT": {"last": 0.5339, "ask": 0.5339, "bid": 0.5326}, "DFI/USDT": {"last": 0.3629, "ask": 0.368, "bid": 0.3638}, "LGX/USDT": {"last": 0.004457, "ask": 0.004462, "bid": 0.004434}, "MX/USDT": {"last": 2.6094, "ask": 2.6079, "bid": 2.5963}, "ETH3L/USDT": {"last": 1.1562, "ask": 1.157, "bid": 1.1544}, "AVA/USDT": {"last": 0.5396, "ask": 0.5397, "bid": 0.5389}, "AVAX2L/USDT": {"last": 4.3507, "ask": 4.3442, "bid": 4.3323}, "1SOL/USDT": {"last": 0.003904, "ask": 0.003979, "bid": 0.003905}, "ATOM2L/USDT": {"last": 5.6415, "ask": 5.695, "bid": 5.6346}, "GMT2S/USDT": {"last": 4.6422, "ask": 4.7004, "bid": 4.6872}, "CGPT/USDT": {"last": 0.152454, "ask": 0.15275, "bid": 0.152453}, "MEE/USDT": {"last": 0.004256, "ask": 0.004259, "bid": 0.004255}, "MDAO/USDT": {"last": 0.2738, "ask": 0.2739, "bid": 0.2738}, "OAS/USDT": {"last": 0.073773, "ask": 0.073776, "bid": 0.073554}, "SAND2S/USDT": {"last": 3.254, "ask": 3.2758, "bid": 3.2646}, "BONK/USDT": {"last": 3.669e-07, "ask": 3.673e-07, "bid": 3.655e-07}, "MMC/USDT": {"last": 0.049082, "ask": 0.049082, "bid": 0.045632}, "CAPS/USDT": {"last": 0.017167, "ask": 0.017663, "bid": 0.017111}, "OKG/USDT": {"last": 0.002541, "ask": 0.00257, "bid": 0.00254}, "CHRP/USDT": {"last": 0.00522, "ask": 0.005296, "bid": 0.005211}, "ETC2S/USDT": {"last": 4.6194, "ask": 4.631, "bid": 4.6133}, "SOLO/USDT": {"last": 0.1204, "ask": 0.1206, "bid": 0.1201}, "BNT/USDT": {"last": 0.4168, "ask": 0.4195, "bid": 0.4168}, "OKSE/USDT": {"last": 0.04511, "ask": 0.04547, "bid": 0.04504}, "PSTAKE/USDT": {"last": 0.04952, "ask": 0.04952, "bid": 0.04814}, "PLAY/USDT": {"last": 0.06429, "ask": 0.0643, "bid": 0.06378}, "GMT2L/USDT": {"last": 0.2428, "ask": 0.2423, "bid": 0.2414}, "NFT/USDT": {"last": 3.572e-07, "ask": 3.571e-07, "bid": 3.549e-07}, "IZI/USDT": {"last": 0.016443, "ask": 0.016444, "bid": 0.016329}, "KRL/USDT": {"last": 0.2698, "ask": 0.2698, "bid": 0.2483}, "FB/USDT": {"last": 1.115, "ask": 1.123, "bid": 1.106}, "WEMIX/USDT": {"last": 0.7427, "ask": 0.7453, "bid": 0.7432}, "BTC3S/USDT": {"last": 4.7462, "ask": 4.7551, "bid": 4.7463}, "ERTHA/USDT": {"last": 0.002448, "ask": 0.002497, "bid": 0.002447}, "ELT/USDT": {"last": 0.000719, "ask": 0.000719, "bid": 0.000718}, "FTM2S/USDT": {"last": 0.6277, "ask": 0.6286, "bid": 0.627}, "INTER/USDT": {"last": 2.6975, "ask": 2.7056, "bid": 2.6802}, "GNS/USDT": {"last": 4.7267, "ask": 4.7496, "bid": 4.7199}, "INSUR/USDT": {"last": 0.07096, "ask": 0.0709, "bid": 0.07008}, "KARATE/USDT": {"last": 0.0016749, "ask": 0.0016899, "bid": 0.0016755}, "APE2S/USDT": {"last": 3.1912, "ask": 3.206, "bid": 3.1968}, "PSG/USDT": {"last": 4.7367, "ask": 4.7395, "bid": 4.7023}, "UMA/USDT": {"last": 2.3312, "ask": 2.3386, "bid": 2.3178}, "DOGE2S/USDT": {"last": 0.7336, "ask": 0.7336, "bid": 0.7324}, "MCRT/USDT": {"last": 0.00227, "ask": 0.002275, "bid": 0.00227}, "PSP/USDT": {"last": 0.031433, "ask": 0.032129, "bid": 0.031531}, "MPLX/USDT": {"last": 0.02991, "ask": 0.03024, "bid": 0.02982}, "VINU/USDT": {"last": 1.002e-08, "ask": 1.004e-08, "bid": 1e-08}, "PEPE/USDT": {"last": 1.4751e-06, "ask": 1.4758e-06, "bid": 1.4721e-06}, "QMALL/USDT": {"last": 0.2001, "ask": 0.201, "bid": 0.1988}, "ETH3S/USDT": {"last": 0.6505, "ask": 0.654, "bid": 0.6524}, "HVH/USDT": {"last": 0.02791, "ask": 0.02791, "bid": 0.02732}, "BTG/USDT": {"last": 12.8046, "ask": 12.8823, "bid": 12.8046}, "RAIN/USDT": {"last": 0.001074, "ask": 0.001089, "bid": 0.001075}, "AVAX2S/USDT": {"last": 0.9504, "ask": 0.9526, "bid": 0.95}, "CMP/USDT": {"last": 0.03813, "ask": 0.0388, "bid": 0.03778}, "BAR/USDT": {"last": 3.6447, "ask": 3.6691, "bid": 3.641}, "RLTM/USDT": {"last": 0.02406, "ask": 0.02408,