{"ATOM2L/USDT": {"last": 5.6719, "ask": 5.6738, "bid": 5.6587}, "COT/USDT": {"last": 0.01478, "ask": 0.014875, "bid": 0.014795}, "DPX/USDT": {"last": 126.31, "ask": 126.35, "bid": 126.31}, "MBS/USDT": {"last": 0.043235, "ask": 0.043223, "bid": 0.04288}, "MCT/USDT": {"last": 0.035, "ask": 0.03499, "bid": 0.03445}, "DOT3S/USDT": {"last": 2.4495, "ask": 2.4557, "bid": 2.4495}, "CMP/USDT": {"last": 0.03873, "ask": 0.03898, "bid": 0.038}, "GMT2L/USDT": {"last": 0.2458, "ask": 0.246, "bid": 0.2454}, "MCRT/USDT": {"last": 0.002269, "ask": 0.002277, "bid": 0.002269}, "CRAFT/USDT": {"last": 0.005463, "ask": 0.005462, "bid": 0.005436}, "ETC2L/USDT": {"last": 1.8638, "ask": 1.8638, "bid": 1.8571}, "KMON/USDT": {"last": 0.00949, "ask": 0.009739, "bid": 0.009474}, "XAVA/USDT": {"last": 0.2854, "ask": 0.2896, "bid": 0.281}, "MIBR/USDT": {"last": 0.2465, "ask": 0.245, "bid": 0.2428}, "LUNA/USDT": {"last": 0.9207, "ask": 0.9209, "bid": 0.9202}, "FTT/USDT": {"last": 1.088, "ask": 1.0912, "bid": 1.0864}, "HVH/USDT": {"last": 0.02731, "ask": 0.02789, "bid": 0.02731}, "3P/USDT": {"last": 2.801e-08, "ask": 2.84e-08, "bid": 2.801e-08}, "KON/USDT": {"last": 0.07628, "ask": 0.0763, "bid": 0.07627}, "LUNC/USDT": {"last": 8.972e-05, "ask": 8.968e-05, "bid": 8.966e-05}, "FIDA/USDT": {"last": 0.3348, "ask": 0.3367, "bid": 0.3348}, "ATOM2S/USDT": {"last": 3.0736, "ask": 3.0803, "bid": 3.0725}, "BTC3S/USDT": {"last": 4.7093, "ask": 4.7163, "bid": 4.7093}, "DLC/USDT": {"last": 0.13019, "ask": 0.1303, "bid": 0.13}, "RLTM/USDT": {"last": 0.02406, "ask": 0.02409, "bid": 0.02403}, "INSUR/USDT": {"last": 0.07011, "ask": 0.07086, "bid": 0.07013}, "NFT/USDT": {"last": 3.579e-07, "ask": 3.582e-07, "bid": 3.559e-07}, "TIME/USDT": {"last": 25.4231, "ask": 25.5071, "bid": 24.9961}, "SAND2S/USDT": {"last": 3.217, "ask": 3.2303, "bid": 3.2195}, "FB/USDT": {"last": 1.121, "ask": 1.125, "bid": 1.112}, "UMA/USDT": {"last": 2.3222, "ask": 2.3432, "bid": 2.3229}, "XDC/USDT": {"last": 0.03328, "ask": 0.03332, "bid": 0.03328}, "PRIME/USDT": {"last": 1.305, "ask": 1.305, "bid": 1.3}, "ELT/USDT": {"last": 0.000727, "ask": 0.000736, "bid": 0.000727}, "XRP3L/USDT": {"last": 3.1572, "ask": 3.1662, "bid": 3.156}, "ORT/USDT": {"last": 0.00443, "ask": 0.004439, "bid": 0.004395}, "PTU/USDT": {"last": 0.3451, "ask": 0.3463, "bid": 0.3451}, "LFW/USDT": {"last": 0.010362, "ask": 0.010528, "bid": 0.010371}, "MV/USDT": {"last": 0.12727, "ask": 0.1281, "bid": 0.12779}, "GMT2S/USDT": {"last": 4.6253, "ask": 4.6253, "bid": 4.6122}, "FTM2L/USDT": {"last": 4.3725, "ask": 4.378, "bid": 4.3665}, "ERTHA/USDT": {"last": 0.002493, "ask": 0.002497, "bid": 0.002447}, "VINU/USDT": {"last": 9.98e-09, "ask": 1e-08, "bid": 9.98e-09}, "ACA/USDT": {"last": 0.0565, "ask": 0.0569, "bid": 0.0565}, "ACS/USDT": {"last": 0.0040322, "ask": 0.0040411, "bid": 0.0040316}, "APE2S/USDT": {"last": 3.1422, "ask": 3.1422, "bid": 3.134}, "SIS/USDT": {"last": 0.13058, "ask": 0.13059, "bid": 0.13058}, "XCAD/USDT": {"last": 0.9425, "ask": 0.944, "bid": 0.9417}, "DOME/USDT": {"last": 0.000841, "ask": 0.00085, "bid": 0.00084}, "MTK/USDT": {"last": 0.01518, "ask": 0.01518, "bid": 0.0149}, "GODS/USDT": {"last": 0.16899, "ask": 0.17053, "bid": 0.16892}, "BTT/USDT": {"last": 5.879e-07, "ask": 5.978e-07, "bid": 5.878e-07}, "OKG/USDT": {"last": 0.002541, "ask": 0.00257, "bid": 0.00254}, "MPLX/USDT": {"last": 0.0295, "ask": 0.0294, "bid": 0.02901}, "CEL/USDT": {"last": 0.2111, "ask": 0.2121, "bid": 0.2107}, "STETH/USDT": {"last": 1776.52, "ask": 1780.87, "bid": 1777.34}, "AVAX2L/USDT": {"last": 4.3867, "ask": 4.3986, "bid": 4.3867}, "ROND/USDT": {"last": 0.004346, "ask": 0.004472, "bid": 0.004382}, "TOMI/USDT": {"last": 3.923, "ask": 3.98, "bid": 3.923}, "GM/USDT": {"last": 1.12122e-05, "ask": 1.13287e-05, "bid": 1.12123e-05}, "DICE/USDT": {"last": 0.03491, "ask": 0.03539, "bid": 0.03491}, "USTC/USDT": {"last": 0.01482, "ask": 0.01485, "bid": 0.01482}, "TRIBE/USDT": {"last": 0.286, "ask": 0.2869, "bid": 0.286}, "QNT/USDT": {"last": 105.4, "ask": 105.7, "bid": 105.4}, "XETA/USDT": {"last": 0.03421, "ask": 0.03418, "bid": 0.03366}, "LTC2S/USDT": {"last": 0.7853, "ask": 0.7868, "bid": 0.7851}, "PSG/USDT": {"last": 4.6987, "ask": 4.739, "bid": 4.6987}, "DEFY/USDT": {"last": 0.004051, "ask": 0.004071, "bid": 0.004051}, "AGI/USDT": {"last": 0.10132, "ask": 0.10219, "bid": 0.10076}, "FLOKI/USDT": {"last": 3.5288e-05, "ask": 3.5346e-05, "bid": 3.5296e-05}, "GGM/USDT": {"last": 0.005165, "ask": 0.00518, "bid": 0.005103}, "STRM/USDT": {"last": 0.0123, "ask": 0.0123, "bid": 0.012246}, "VPAD/USDT": {"last": 0.02849, "ask": 0.0285, "bid": 0.02849}, "KCAL/USDT": {"last": 0.2495, "ask": 0.2492, "bid": 0.2398}, "TEL/USDT": {"last": 0.001698, "ask": 0.001759, "bid": 0.001603}, "CUSD/USDT": {"last": 0.9945, "ask": 0.9984, "bid": 0.9945}, "CHRP/USDT": {"last": 0.005231, "ask": 0.005269, "bid": 0.005234}, "THN/USDT": {"last": 0.03439, "ask": 0.034599, "bid": 0.034188}, "MVL/USDT": {"last": 0.003354, "ask": 0.00337, "bid": 0.003337}, "DOGE2S/USDT": {"last": 0.7301, "ask": 0.7295, "bid": 0.7287}, "RAIN/USDT": {"last": 0.001082, "ask": 0.001081, "bid": 0.00107}, "SHILL/USDT": {"last": 0.01115, "ask": 0.01117, "bid": 0.01115}, "CULT/USDT": {"last": 3.671e-06, "ask": 3.679e-06, "bid": 3.62e-06}, "LGX/USDT": {"last": 0.004437, "ask": 0.004447, "bid": 0.004433}, "ETH3L/USDT": {"last": 1.1601, "ask": 1.1633, "bid": 1.1609}, "SRM/USDT": {"last": 0.0771, "ask": 0.0776, "bid": 0.0772}, "BAR/USDT": {"last": 3.6508, "ask": 3.6764, "bid": 3.6508}, "LINK2L/USDT": {"last": 4.2611, "ask": 4.2624, "bid": 4.2526}, "PEPE/USDT": {"last": 1.5316e-06, "ask": 1.5321e-06, "bid": 1.5302e-06}, "USDD/USDT": {"last": 0.9982, "ask": 0.9984, "bid": 0.9958}, "SFUND/USDT": {"last": 1.02332, "ask": 1.02418, "bid": 1.01628}, "KARATE/USDT": {"last": 0.00152, "ask": 0.001542, "bid": 0.00152}, "XRP3S/USDT": {"last": 0.2643, "ask": 0.2644, "bid": 0.2638}, "ZBC/USDT": {"last": 0.01473, "ask": 0.014729, "bid": 0.014701}, "RACA/USDT": {"last": 0.00014905, "ask": 0.00014909, "bid": 0.0001482}, "CITY/USDT": {"last": 5.4125, "ask": 5.4125, "bid": 5.3694}, "SAITAMA/USDT": {"last": 0.0009729, "ask": 0.000975, "bid": 0.0009711}, "BNT/USDT": {"last": 0.4167, "ask": 0.4184, "bid": 0.416}, "MOVR/USDT": {"last": 6.3474, "ask": 6.3645, "bid": 6.3474}, "ZAM/USDT": {"last": 0.004312, "ask": 0.004317, "bid": 0.00429}, "VRA/USDT": {"last": 0.00449, "ask": 0.004499, "bid": 0.004473}, "WWY/USDT": {"last": 0.005728, "ask": 0.005727, "bid": 0.005711}, "GENE/USDT": {"last": 0.4683, "ask": 0.4706, "bid": 0.4683}, "DOT3L/USDT": {"last": 0.7194, "ask": 0.7201, "bid": 0.718}, "ETC2S/USDT": {"last": 4.5791, "ask": 4.5956, "bid": 4.5791}, "MELOS/USDT": {"last": 0.005699, "ask": 0.005768, "bid": 0.005693}, "GST/USDT": {"last": 0.01571, "ask": 0.01581, "bid": 0.01573}, "LING/USDT": {"last": 0.003194, "ask": 0.003199, "bid": 0.0031}, "GSTS/USDT": {"last": 0.003686, "ask": 0.0039, "bid": 0.003686}, "PLT/USDT": {"last": 0.06703, "ask": 0.06734, "bid": 0.06703}, "SOS/USDT": {"last": 6.54e-08, "ask": 6.54e-08, "bid": 6.39e-08}, "PLAY/USDT": {"last": 0.0639, "ask": 0.0642, "bid": 0.06378}, "TRVL/USDT": {"last": 0.0311, "ask": 0.031307, "bid": 0.031023}, "TON/USDT": {"last": 1.8167, "ask": 1.8175, "bid": 1.8171}, "OKSE/USDT": {"last": 0.04497, "ask": 0.04522, "bid": 0.04494}, "XEC/USDT": {"last": 2.683e-05, "ask": 2.684e-05, "bid": 2.676e-05}, "SEOR/USDT": {"last": 0.001893, "ask": 0.001895, "bid": 0.001892}, "PUMLX/USDT": {"last": 0.01775, "ask": 0.01781, "bid": 0.01771}, "CWAR/USDT": {"last": 0.0106, "ask": 0.01089, "bid": 0.0106}, "PLY/USDT": {"last": 0.0003507, "ask": 0.0003502, "bid": 0.0003469}, "DFI/USDT": {"last": 0.3681, "ask": 0.3681, "bid": 0.3642}, "ECOX/USDT": {"last": 0.402, "ask": 0.402, "bid": 0.4015}, "IZI/USDT": {"last": 0.016443, "ask": 0.016443, "bid": 0.016329}, "LINK2S/USDT": {"last": 3.4565, "ask": 3.458, "bid": 3.4501}, "MATIC2L/USDT": {"last": 6.6444, "ask": 6.6384, "bid": 6.6231}, "BABYDOGE/USDT": {"last": 2.34e-09,