{"AVA/USDT": {"last": 0.5407, "ask": 0.5435, "bid": 0.5401}, "ADA2L/USDT": {"last": 3.5233, "ask": 3.5233, "bid": 3.5145}, "SYNR/USDT": {"last": 0.001095, "ask": 0.001101, "bid": 0.001089}, "TAMA/USDT": {"last": 0.01673, "ask": 0.01669, "bid": 0.01663}, "TRVL/USDT": {"last": 0.031304, "ask": 0.031304, "bid": 0.0311}, "GMT2L/USDT": {"last": 0.2461, "ask": 0.2458, "bid": 0.2452}, "KARATE/USDT": {"last": 0.0015749, "ask": 0.001575, "bid": 0.0015749}, "IZI/USDT": {"last": 0.016443, "ask": 0.016443, "bid": 0.016329}, "MATIC2S/USDT": {"last": 1.7531, "ask": 1.7576, "bid": 1.7526}, "LUNC/USDT": {"last": 8.924e-05, "ask": 8.923e-05, "bid": 8.917e-05}, "SOS/USDT": {"last": 6.58e-08, "ask": 6.58e-08, "bid": 6.39e-08}, "PRIMAL/USDT": {"last": 0.00245, "ask": 0.002471, "bid": 0.00243}, "LINK2L/USDT": {"last": 4.2398, "ask": 4.2397, "bid": 4.2305}, "INTER/USDT": {"last": 2.6872, "ask": 2.7048, "bid": 2.6872}, "REAL/USDT": {"last": 0.08097, "ask": 0.08106, "bid": 0.08005}, "LIS/USDT": {"last": 0.013901, "ask": 0.014, "bid": 0.013813}, "DEFY/USDT": {"last": 0.004051, "ask": 0.004071, "bid": 0.004051}, "DPX/USDT": {"last": 126.31, "ask": 126.35, "bid": 126.31}, "MDAO/USDT": {"last": 0.2739, "ask": 0.274, "bid": 0.2739}, "TOMI/USDT": {"last": 3.951, "ask": 3.951, "bid": 3.871}, "PLT/USDT": {"last": 0.06734, "ask": 0.06734, "bid": 0.06703}, "DOT3S/USDT": {"last": 2.4701, "ask": 2.4799, "bid": 2.4726}, "AZY/USDT": {"last": 0.01059, "ask": 0.0105, "bid": 0.01028}, "APE2S/USDT": {"last": 3.1586, "ask": 3.17, "bid": 3.1617}, "FAME/USDT": {"last": 0.001287, "ask": 0.001321, "bid": 0.001287}, "GODS/USDT": {"last": 0.16919, "ask": 0.17061, "bid": 0.16902}, "WEMIX/USDT": {"last": 0.7489, "ask": 0.7499, "bid": 0.7483}, "MV/USDT": {"last": 0.12723, "ask": 0.12726, "bid": 0.12694}, "AVAX2L/USDT": {"last": 4.3986, "ask": 4.3986, "bid": 4.3866}, "BTC3S/USDT": {"last": 4.7394, "ask": 4.7652, "bid": 4.7471}, "XEC/USDT": {"last": 2.684e-05, "ask": 2.682e-05, "bid": 2.672e-05}, "FIDA/USDT": {"last": 0.3326, "ask": 0.3339, "bid": 0.3321}, "LADYS/USDT": {"last": 5.22e-08, "ask": 5.22e-08, "bid": 5.2e-08}, "MOVR/USDT": {"last": 6.3439, "ask": 6.3505, "bid": 6.3394}, "FTT/USDT": {"last": 1.088, "ask": 1.0873, "bid": 1.0813}, "SAITAMA/USDT": {"last": 0.0009702, "ask": 0.0009705, "bid": 0.0009704}, "RACA/USDT": {"last": 0.00014881, "ask": 0.00014833, "bid": 0.00014766}, "STRM/USDT": {"last": 0.0123, "ask": 0.012294, "bid": 0.012246}, "MPLX/USDT": {"last": 0.03012, "ask": 0.03015, "bid": 0.02949}, "WLKN/USDT": {"last": 0.03153, "ask": 0.03161, "bid": 0.03153}, "BONK/USDT": {"last": 3.693e-07, "ask": 3.685e-07, "bid": 3.676e-07}, "ECOX/USDT": {"last": 0.4015, "ask": 0.4034, "bid": 0.402}, "PTU/USDT": {"last": 0.346, "ask": 0.3463, "bid": 0.3452}, "QMALL/USDT": {"last": 0.2009, "ask": 0.2034, "bid": 0.1989}, "DZOO/USDT": {"last": 0.01211, "ask": 0.012361, "bid": 0.012076}, "FB/USDT": {"last": 1.118, "ask": 1.125, "bid": 1.111}, "MCRT/USDT": {"last": 0.002269, "ask": 0.002279, "bid": 0.002269}, "SAND2S/USDT": {"last": 3.2285, "ask": 3.2443, "bid": 3.2332}, "THN/USDT": {"last": 0.034188, "ask": 0.034592, "bid": 0.034189}, "ATOM2L/USDT": {"last": 5.683, "ask": 5.6804, "bid": 5.6486}, "ORT/USDT": {"last": 0.004447, "ask": 0.004454, "bid": 0.004395}, "XRP3L/USDT": {"last": 3.1146, "ask": 3.1146, "bid": 3.1059}, "CAPS/USDT": {"last": 0.017826, "ask": 0.017675, "bid": 0.0172}, "GGM/USDT": {"last": 0.005165, "ask": 0.005165, "bid": 0.005067}, "PEPE/USDT": {"last": 1.5201e-06, "ask": 1.5228e-06, "bid": 1.52e-06}, "RAIN/USDT": {"last": 0.001104, "ask": 0.001113, "bid": 0.001092}, "KON/USDT": {"last": 0.07633, "ask": 0.07635, "bid": 0.07627}, "BAR/USDT": {"last": 3.6791, "ask": 3.6791, "bid": 3.651}, "ETH3S/USDT": {"last": 0.653, "ask": 0.6543, "bid": 0.653}, "MMC/USDT": {"last": 0.049082, "ask": 0.049082, "bid": 0.046954}, "CWAR/USDT": {"last": 0.01077, "ask": 0.01077, "bid": 0.01056}, "STAT/USDT": {"last": 0.11, "ask": 0.1101, "bid": 0.1079}, "PRIME/USDT": {"last": 1.31, "ask": 1.305, "bid": 1.3}, "TON/USDT": {"last": 1.8095, "ask": 1.8095, "bid": 1.8082}, "ACS/USDT": {"last": 0.0040228, "ask": 0.0040222, "bid": 0.0040108}, "SOLO/USDT": {"last": 0.1207, "ask": 0.1208, "bid": 0.1207}, "WBTC/USDT": {"last": 26406.96, "ask": 26401.65, "bid": 26254.72}, "SIDUS/USDT": {"last": 0.0012296, "ask": 0.0012296, "bid": 0.001227}, "EOS2L/USDT": {"last": 2.6218, "ask": 2.6218, "bid": 2.6082}, "SIS/USDT": {"last": 0.13059, "ask": 0.13149, "bid": 0.13059}, "CBX/USDT": {"last": 0.0267, "ask": 0.0267, "bid": 0.02669}, "MTK/USDT": {"last": 0.0147, "ask": 0.0149, "bid": 0.01462}, "NFT/USDT": {"last": 3.562e-07, "ask": 3.573e-07, "bid": 3.56e-07}, "FTM2S/USDT": {"last": 0.6296, "ask": 0.6301, "bid": 0.6281}, "MEE/USDT": {"last": 0.004277, "ask": 0.004277, "bid": 0.004274}, "LTC2L/USDT": {"last": 18.6965, "ask": 18.6545, "bid": 18.6067}, "3P/USDT": {"last": 2.801e-08, "ask": 2.847e-08, "bid": 2.801e-08}, "APE2L/USDT": {"last": 1.9284, "ask": 1.9253, "bid": 1.9199}, "BNT/USDT": {"last": 0.4167, "ask": 0.4187, "bid": 0.4168}, "GSTS/USDT": {"last": 0.003686, "ask": 0.0039, "bid": 0.003686}, "OKG/USDT": {"last": 0.002541, "ask": 0.00257, "bid": 0.00254}, "ZAM/USDT": {"last": 0.004335, "ask": 0.004348, "bid": 0.004307}, "DCR/USDT": {"last": 17.2427, "ask": 17.4795, "bid": 17.2924}, "SHIB/USDT": {"last": 8.705e-06, "ask": 8.7017e-06, "bid": 8.7011e-06}, "LTC2S/USDT": {"last": 0.7881, "ask": 0.7894, "bid": 0.7874}, "XETA/USDT": {"last": 0.03421, "ask": 0.03414, "bid": 0.03359}, "KOK/USDT": {"last": 0.03994, "ask": 0.03993, "bid": 0.03889}, "PLY/USDT": {"last": 0.0003507, "ask": 0.0003502, "bid": 0.000347}, "IME/USDT": {"last": 0.000152, "ask": 0.00015, "bid": 0.00014899}, "LING/USDT": {"last": 0.003105, "ask": 0.00319, "bid": 0.003083}, "PSG/USDT": {"last": 4.7393, "ask": 4.7391, "bid": 4.7093}, "LINK2S/USDT": {"last": 3.4743, "ask": 3.4756, "bid": 3.4669}, "XDC/USDT": {"last": 0.03341, "ask": 0.03344, "bid": 0.0334}, "SLG/USDT": {"last": 0.021321, "ask": 0.021634, "bid": 0.0212}, "MATIC2L/USDT": {"last": 6.5871, "ask": 6.6024, "bid": 6.5871}, "MNZ/USDT": {"last": 0.000445, "ask": 0.000445, "bid": 0.0004449}, "KMON/USDT": {"last": 0.009473, "ask": 0.009785, "bid": 0.009572}, "FLOKI/USDT": {"last": 3.5128e-05, "ask": 3.5178e-05, "bid": 3.5132e-05}, "BTC3L/USDT": {"last": 0.8973, "ask": 0.8973, "bid": 0.8956}, "ADA2S/USDT": {"last": 4.3644, "ask": 4.3693, "bid": 4.3582}, "XYM/USDT": {"last": 0.02906, "ask": 0.02927, "bid": 0.02874}, "OBX/USDT": {"last": 0.001503, "ask": 0.001521, "bid": 0.001503}, "ROND/USDT": {"last": 0.004346, "ask": 0.004375, "bid": 0.004346}, "CUSD/USDT": {"last": 0.9945, "ask": 0.9984, "bid": 0.9945}, "NEXO/USDT": {"last": 0.669, "ask": 0.669, "bid": 0.6642}, "MOVEZ/USDT": {"last": 0.001731, "ask": 0.001749, "bid": 0.00173}, "GM/USDT": {"last": 1.11249e-05, "ask": 1.14686e-05, "bid": 1.12065e-05}, "BABYDOGE/USDT": {"last": 2.299e-09, "ask": 2.299e-09, "bid": 2.285e-09}, "VINU/USDT": {"last": 9.99e-09, "ask": 1.002e-08, "bid": 9.97e-09}, "SD/USDT": {"last": 0.9237, "ask": 0.9265, "bid": 0.9234}, "COT/USDT": {"last": 0.01478, "ask": 0.014875, "bid": 0.014795}, "JUV/USDT": {"last": 2.5699, "ask": 2.5811, "bid": 2.5699}, "INSUR/USDT": {"last": 0.0714, "ask": 0.07174, "bid": 0.07069}, "KRL/USDT": {"last": 0.271, "ask": 0.271, "bid": 0.2512}, "HVH/USDT": {"last": 0.02731, "ask": 0.02789, "bid": 0.02731}, "CO/USDT": {"last": 0.008961, "ask": 0.008962, "bid": 0.008961}, "BTG/USDT": {"last": 12.7659, "ask": 12.8434, "bid": 12.7659}, "SEOR/USDT": {"last": 0.001895, "ask": 0.001896, "bid": 0.001893}, "KCAL/USDT": {"last": 0.2495, "ask": 0.2496, "bid": 0.24}, "CAKE/USDT": {"last": 1.7968, "ask": 1.7938, "bid": 1.7937}, "WWY/USDT": {"last": 0.005748, "ask": 0.005747, "bid": 0.005745}, "RLTM/USDT": {"last": 0.02405, "ask": 0.02408, "bid": 0.02401}, "FORT/USDT": {"last": 0.1721, "ask": 0.1799, "bid": 0.1721}, "ETC2S/USDT": {"last": 4.5986, "ask": 4.5986, "bid": 4.5819}, "DFI/USDT": {"last": 0.3629, "ask": 0.368,