{"BONK/USDT": {"last": 3.704e-07, "ask": 3.704e-07, "bid": 3.695e-07}, "MPLX/USDT": {"last": 0.03012, "ask": 0.03015, "bid": 0.0294}, "PRIMAL/USDT": {"last": 0.00245, "ask": 0.00249, "bid": 0.00242}, "CGPT/USDT": {"last": 0.1544, "ask": 0.1544, "bid": 0.154072}, "VRA/USDT": {"last": 0.004537, "ask": 0.004517, "bid": 0.0045}, "PSP/USDT": {"last": 0.031749, "ask": 0.032384, "bid": 0.031748}, "PEPE/USDT": {"last": 1.5306e-06, "ask": 1.5347e-06, "bid": 1.5306e-06}, "DOGE2L/USDT": {"last": 5.1556, "ask": 5.1598, "bid": 5.147}, "CULT/USDT": {"last": 3.708e-06, "ask": 3.735e-06, "bid": 3.657e-06}, "ATOM2S/USDT": {"last": 3.0434, "ask": 3.0707, "bid": 3.0625}, "SIS/USDT": {"last": 0.13149, "ask": 0.13149, "bid": 0.13059}, "DICE/USDT": {"last": 0.03528, "ask": 0.03528, "bid": 0.0349}, "OKG/USDT": {"last": 0.002541, "ask": 0.00257, "bid": 0.00254}, "RAIN/USDT": {"last": 0.001101, "ask": 0.001113, "bid": 0.001089}, "APE2L/USDT": {"last": 1.9274, "ask": 1.9345, "bid": 1.929}, "MX/USDT": {"last": 2.5975, "ask": 2.6078, "bid": 2.594}, "JUV/USDT": {"last": 2.5725, "ask": 2.5836, "bid": 2.5725}, "GENE/USDT": {"last": 0.4683, "ask": 0.4706, "bid": 0.4683}, "BTC3L/USDT": {"last": 0.8971, "ask": 0.8974, "bid": 0.8971}, "SFUND/USDT": {"last": 1.01969, "ask": 1.02525, "bid": 1.01781}, "ACA/USDT": {"last": 0.0567, "ask": 0.0568, "bid": 0.0565}, "PLT/USDT": {"last": 0.06734, "ask": 0.06734, "bid": 0.06703}, "MELOS/USDT": {"last": 0.005688, "ask": 0.005726, "bid": 0.005628}, "MMC/USDT": {"last": 0.049082, "ask": 0.049082, "bid": 0.046803}, "DFI/USDT": {"last": 0.3629, "ask": 0.368, "bid": 0.3643}, "SHIB/USDT": {"last": 8.6984e-06, "ask": 8.6979e-06, "bid": 8.6955e-06}, "PTU/USDT": {"last": 0.346, "ask": 0.3463, "bid": 0.3452}, "NEXO/USDT": {"last": 0.6672, "ask": 0.6676, "bid": 0.6635}, "SHILL/USDT": {"last": 0.01125, "ask": 0.01123, "bid": 0.01116}, "APE2S/USDT": {"last": 3.1456, "ask": 3.1589, "bid": 3.1505}, "KRL/USDT": {"last": 0.2535, "ask": 0.2719, "bid": 0.2511}, "ATOM2L/USDT": {"last": 5.675, "ask": 5.6896, "bid": 5.6747}, "GMT2S/USDT": {"last": 4.6122, "ask": 4.6253, "bid": 4.6122}, "SIDUS/USDT": {"last": 0.0012296, "ask": 0.0012296, "bid": 0.001227}, "CUSD/USDT": {"last": 0.9945, "ask": 0.9984, "bid": 0.9945}, "CMP/USDT": {"last": 0.03812, "ask": 0.03899, "bid": 0.03787}, "LINK2L/USDT": {"last": 4.2571, "ask": 4.2449, "bid": 4.2333}, "TRVL/USDT": {"last": 0.031304, "ask": 0.031304, "bid": 0.0311}, "OBX/USDT": {"last": 0.001503, "ask": 0.001521, "bid": 0.001503}, "CBX/USDT": {"last": 0.0267, "ask": 0.0267, "bid": 0.02669}, "CEL/USDT": {"last": 0.2125, "ask": 0.2141, "bid": 0.2131}, "DLC/USDT": {"last": 0.13019, "ask": 0.1303, "bid": 0.13}, "ORT/USDT": {"last": 0.00445, "ask": 0.004441, "bid": 0.004395}, "EOS2L/USDT": {"last": 2.6282, "ask": 2.6218, "bid": 2.6083}, "ZBC/USDT": {"last": 0.014715, "ask": 0.014725, "bid": 0.014683}, "GST/USDT": {"last": 0.01579, "ask": 0.0158, "bid": 0.01569}, "1SOL/USDT": {"last": 0.003911, "ask": 0.00398, "bid": 0.003911}, "SOS/USDT": {"last": 6.58e-08, "ask": 6.58e-08, "bid": 6.39e-08}, "GCAKE/USDT": {"last": 4.411e-07, "ask": 4.377e-07, "bid": 4.213e-07}, "FIDA/USDT": {"last": 0.3326, "ask": 0.3337, "bid": 0.3325}, "FLOKI/USDT": {"last": 3.521e-05, "ask": 3.5226e-05, "bid": 3.519e-05}, "GALFT/USDT": {"last": 4.02072, "ask": 4.02072, "bid": 3.97382}, "CWAR/USDT": {"last": 0.01077, "ask": 0.01077, "bid": 0.01055}, "GMT2L/USDT": {"last": 0.2461, "ask": 0.246, "bid": 0.2453}, "DEFY/USDT": {"last": 0.004051, "ask": 0.004071, "bid": 0.004051}, "BNT/USDT": {"last": 0.4173, "ask": 0.4187, "bid": 0.4163}, "AGI/USDT": {"last": 0.10108, "ask": 0.10169, "bid": 0.10037}, "POKT/USDT": {"last": 0.04075, "ask": 0.041, "bid": 0.04077}, "PUMLX/USDT": {"last": 0.01776, "ask": 0.01781, "bid": 0.01771}, "TAP/USDT": {"last": 0.004011, "ask": 0.004027, "bid": 0.004002}, "STETH/USDT": {"last": 1777.06, "ask": 1776.97, "bid": 1773.83}, "FB/USDT": {"last": 1.118, "ask": 1.125, "bid": 1.109}, "NFT/USDT": {"last": 3.562e-07, "ask": 3.573e-07, "bid": 3.562e-07}, "CO/USDT": {"last": 0.008961, "ask": 0.008962, "bid": 0.008961}, "ZAM/USDT": {"last": 0.004327, "ask": 0.004348, "bid": 0.004307}, "HVH/USDT": {"last": 0.02731, "ask": 0.02789, "bid": 0.02731}, "LGX/USDT": {"last": 0.004449, "ask": 0.004462, "bid": 0.004433}, "MOVEZ/USDT": {"last": 0.001749, "ask": 0.001749, "bid": 0.00173}, "XYM/USDT": {"last": 0.02927, "ask": 0.02928, "bid": 0.02896}, "WLKN/USDT": {"last": 0.03154, "ask": 0.03154, "bid": 0.03151}, "VINU/USDT": {"last": 9.99e-09, "ask": 1.002e-08, "bid": 9.97e-09}, "FAME/USDT": {"last": 0.001287, "ask": 0.001321, "bid": 0.001287}, "MOVR/USDT": {"last": 6.3429, "ask": 6.3505, "bid": 6.3439}, "SAND2S/USDT": {"last": 3.2207, "ask": 3.2418, "bid": 3.2307}, "WWY/USDT": {"last": 0.005746, "ask": 0.005751, "bid": 0.005745}, "REAL/USDT": {"last": 0.08115, "ask": 0.0812, "bid": 0.08003}, "OKSE/USDT": {"last": 0.04497, "ask": 0.04529, "bid": 0.04494}, "MV/USDT": {"last": 0.12678, "ask": 0.12726, "bid": 0.12695}, "3P/USDT": {"last": 2.801e-08, "ask": 2.85e-08, "bid": 2.801e-08}, "KARATE/USDT": {"last": 0.0016, "ask": 0.0016299, "bid": 0.0016}, "SON/USDT": {"last": 0.0002899, "ask": 0.0002924, "bid": 0.0002867}, "GSTS/USDT": {"last": 0.003686, "ask": 0.0039, "bid": 0.003686}, "ACS/USDT": {"last": 0.0040228, "ask": 0.0040223, "bid": 0.0040108}, "EOS2S/USDT": {"last": 7.9794, "ask": 8.0421, "bid": 7.999}, "CRAFT/USDT": {"last": 0.005518, "ask": 0.005517, "bid": 0.005437}, "XDC/USDT": {"last": 0.03341, "ask": 0.03347, "bid": 0.03341}, "STRM/USDT": {"last": 0.0123, "ask": 0.0123, "bid": 0.012246}, "MVL/USDT": {"last": 0.003354, "ask": 0.003371, "bid": 0.003336}, "MNZ/USDT": {"last": 0.000445, "ask": 0.000445, "bid": 0.0004449}, "QNT/USDT": {"last": 105.3, "ask": 105.4, "bid": 105.2}, "MIX/USDT": {"last": 0.0021, "ask": 0.002119, "bid": 0.0021}, "CAKE/USDT": {"last": 1.7968, "ask": 1.7944, "bid": 1.7942}, "MCRT/USDT": {"last": 0.002269, "ask": 0.002278, "bid": 0.002269}, "COT/USDT": {"last": 0.01478, "ask": 0.014875, "bid": 0.014795}, "ETC2L/USDT": {"last": 1.8662, "ask": 1.8626, "bid": 1.8558}, "MATIC2L/USDT": {"last": 6.6451, "ask": 6.6264, "bid": 6.6091}, "ROND/USDT": {"last": 0.004346, "ask": 0.004375, "bid": 0.004346}, "DOME/USDT": {"last": 0.000841, "ask": 0.000848, "bid": 0.000841}, "ETH3S/USDT": {"last": 0.6518, "ask": 0.6538, "bid": 0.6526}, "CHRP/USDT": {"last": 0.005213, "ask": 0.005278, "bid": 0.005211}, "AVAX2S/USDT": {"last": 0.9385, "ask": 0.9425, "bid": 0.9401}, "TAMA/USDT": {"last": 0.0166, "ask": 0.01664, "bid": 0.01656}, "KON/USDT": {"last": 0.07633, "ask": 0.07635, "bid": 0.07627}, "AZY/USDT": {"last": 0.01059, "ask": 0.0105, "bid": 0.01028}, "AVA/USDT": {"last": 0.5435, "ask": 0.5435, "bid": 0.5389}, "AFC/USDT": {"last": 1.5927, "ask": 1.5927, "bid": 1.5768}, "LTC2L/USDT": {"last": 18.7334, "ask": 18.6713, "bid": 18.6276}, "AVAX2L/USDT": {"last": 4.3994, "ask": 4.405, "bid": 4.393}, "WEMIX/USDT": {"last": 0.7528, "ask": 0.7544, "bid": 0.7522}, "SAND2L/USDT": {"last": 1.0092, "ask": 1.0058, "bid": 1.0024}, "XAVA/USDT": {"last": 0.2854, "ask": 0.2892, "bid": 0.2806}, "DAI/USDT": {"last": 0.9994, "ask": 0.9995, "bid": 0.9994}, "LFW/USDT": {"last": 0.010552, "ask": 0.0106, "bid": 0.010426}, "DOT3S/USDT": {"last": 2.4573, "ask": 2.4764, "bid": 2.4701}, "OAS/USDT": {"last": 0.07414, "ask": 0.074392, "bid": 0.074179}, "MTK/USDT": {"last": 0.0147, "ask": 0.0149, "bid": 0.01462}, "MCT/USDT": {"last": 0.0342, "ask": 0.035, "bid": 0.03318}, "ETC2S/USDT": {"last": 4.5704, "ask": 4.5986, "bid": 4.5819}, "MEE/USDT": {"last": 0.004277, "ask": 0.004281, "bid": 0.004274}, "ECOX/USDT": {"last": 0.4015, "ask": 0.4044, "bid": 0.403}, "LUNA/USDT": {"last": 0.9227, "ask": 0.9221, "bid": 0.9217}, "WAXP/USDT": {"last": 0.0556, "ask": 0.0555, "bid": 0.05529}, "STAT/USDT": {"last": 0.1087, "ask": 0.1101, "bid": 0.1079}, "EVER/USDT": {"last": 0.03927, "ask": 0.03928, "bid": 0.03927}, "PLAY/USDT": {"last": 0.0639, "ask": 0.06429, "bid": 0.06391},