{"MBX/USDT": {"last": 0.894, "ask": 0.897, "bid": 0.891}, "STETH/USDT": {"last": 1795.72, "ask": 1798.54, "bid": 1794.99}, "GCAKE/USDT": {"last": 4.291e-07, "ask": 4.291e-07, "bid": 4.211e-07}, "ZBC/USDT": {"last": 0.014802, "ask": 0.014809, "bid": 0.014779}, "MELOS/USDT": {"last": 0.005695, "ask": 0.005761, "bid": 0.005693}, "TEL/USDT": {"last": 0.001698, "ask": 0.00176, "bid": 0.001731}, "GALFT/USDT": {"last": 3.98978, "ask": 3.9869, "bid": 3.94493}, "LFW/USDT": {"last": 0.010404, "ask": 0.010527, "bid": 0.010368}, "PERP/USDT": {"last": 0.6164, "ask": 0.617, "bid": 0.6169}, "PSTAKE/USDT": {"last": 0.04958, "ask": 0.05112, "bid": 0.04941}, "MBS/USDT": {"last": 0.043056, "ask": 0.043238, "bid": 0.043056}, "DOGE2S/USDT": {"last": 0.7132, "ask": 0.7146, "bid": 0.7131}, "DOT3L/USDT": {"last": 0.74, "ask": 0.7415, "bid": 0.7393}, "DOGE2L/USDT": {"last": 5.3039, "ask": 5.2903, "bid": 5.2781}, "ELT/USDT": {"last": 0.000728, "ask": 0.000748, "bid": 0.000727}, "GMT2S/USDT": {"last": 4.4922, "ask": 4.5013, "bid": 4.4885}, "SFUND/USDT": {"last": 1.03935, "ask": 1.04036, "bid": 1.03331}, "EVER/USDT": {"last": 0.03936, "ask": 0.03936, "bid": 0.03935}, "AFC/USDT": {"last": 1.5867, "ask": 1.6007, "bid": 1.5867}, "BTT/USDT": {"last": 5.994e-07, "ask": 5.98e-07, "bid": 5.887e-07}, "PSP/USDT": {"last": 0.032327, "ask": 0.032415, "bid": 0.032067}, "XCAD/USDT": {"last": 0.947, "ask": 0.9486, "bid": 0.9459}, "QNT/USDT": {"last": 106.1, "ask": 106.3, "bid": 106.1}, "OKSE/USDT": {"last": 0.04481, "ask": 0.04524, "bid": 0.04481}, "POKT/USDT": {"last": 0.04056, "ask": 0.04089, "bid": 0.04071}, "TRIBE/USDT": {"last": 0.2904, "ask": 0.2907, "bid": 0.2861}, "CEL/USDT": {"last": 0.2114, "ask": 0.2114, "bid": 0.2103}, "XRP3S/USDT": {"last": 0.2559, "ask": 0.2549, "bid": 0.2548}, "KASTA/USDT": {"last": 0.01773, "ask": 0.01773, "bid": 0.01762}, "PIP/USDT": {"last": 0.24529, "ask": 0.24612, "bid": 0.24448}, "EOS2S/USDT": {"last": 7.885, "ask": 7.8847, "bid": 7.8421}, "PLAY/USDT": {"last": 0.0639, "ask": 0.06416, "bid": 0.06378}, "ETH3L/USDT": {"last": 1.1974, "ask": 1.1988, "bid": 1.1967}, "AVAX2S/USDT": {"last": 0.9223, "ask": 0.9252, "bid": 0.9223}, "XWG/USDT": {"last": 0.0011973, "ask": 0.0012063, "bid": 0.0011837}, "AGLA/USDT": {"last": 0.05281, "ask": 0.05281, "bid": 0.05119}, "SAND2L/USDT": {"last": 1.0382, "ask": 1.043, "bid": 1.0393}, "FTM2L/USDT": {"last": 4.5224, "ask": 4.5427, "bid": 4.5289}, "KUNCI/USDT": {"last": 0.010223, "ask": 0.010432, "bid": 0.010223}, "AGI/USDT": {"last": 0.10118, "ask": 0.1015, "bid": 0.10055}, "TAP/USDT": {"last": 0.004023, "ask": 0.004027, "bid": 0.004002}, "ATOM2S/USDT": {"last": 3.0095, "ask": 3.0032, "bid": 2.9956}, "1SOL/USDT": {"last": 0.004124, "ask": 0.004109, "bid": 0.00408}, "SRM/USDT": {"last": 0.0772, "ask": 0.0772, "bid": 0.0771}, "LUNA/USDT": {"last": 0.9347, "ask": 0.9357, "bid": 0.9346}, "GNS/USDT": {"last": 4.7901, "ask": 4.8229, "bid": 4.7901}, "MIBR/USDT": {"last": 0.245, "ask": 0.2548, "bid": 0.2446}, "XAVA/USDT": {"last": 0.2854, "ask": 0.2898, "bid": 0.2854}, "WAXP/USDT": {"last": 0.05579, "ask": 0.05606, "bid": 0.05588}, "ACA/USDT": {"last": 0.057, "ask": 0.0571, "bid": 0.0569}, "CMP/USDT": {"last": 0.03821, "ask": 0.03822, "bid": 0.03779}, "HERO/USDT": {"last": 0.003152, "ask": 0.003201, "bid": 0.003154}, "CGPT/USDT": {"last": 0.154055, "ask": 0.154055, "bid": 0.1533}, "SON/USDT": {"last": 0.0002885, "ask": 0.0002901, "bid": 0.000287}, "MCT/USDT": {"last": 0.03258, "ask": 0.03384, "bid": 0.03131}, "CITY/USDT": {"last": 5.3848, "ask": 5.4225, "bid": 5.3848}, "MVL/USDT": {"last": 0.003354, "ask": 0.00337, "bid": 0.003337}, "APEX/USDT": {"last": 0.3349, "ask": 0.3354, "bid": 0.3347}, "AVA/USDT": {"last": 0.5431, "ask": 0.5464, "bid": 0.5437}, "ADA2L/USDT": {"last": 3.6081, "ask": 3.6081, "bid": 3.5991}, "SYNR/USDT": {"last": 0.001102, "ask": 0.00111, "bid": 0.001093}, "TAMA/USDT": {"last": 0.01678, "ask": 0.01683, "bid": 0.01674}, "TRVL/USDT": {"last": 0.031057, "ask": 0.031234, "bid": 0.031057}, "GMT2L/USDT": {"last": 0.2523, "ask": 0.2524, "bid": 0.2518}, "KARATE/USDT": {"last": 0.0015799, "ask": 0.0015799, "bid": 0.0015393}, "IZI/USDT": {"last": 0.01667, "ask": 0.016674, "bid": 0.016559}, "MATIC2S/USDT": {"last": 1.7087, "ask": 1.706, "bid": 1.7021}, "LUNC/USDT": {"last": 9.109e-05, "ask": 9.116e-05, "bid": 9.109e-05}, "SOS/USDT": {"last": 6.62e-08, "ask": 6.62e-08, "bid": 6.48e-08}, "LINK2L/USDT": {"last": 4.3879, "ask": 4.3923, "bid": 4.3796}, "PRIMAL/USDT": {"last": 0.002526, "ask": 0.002518, "bid": 0.002475}, "INTER/USDT": {"last": 2.7191, "ask": 2.7302, "bid": 2.7191}, "LIS/USDT": {"last": 0.013729, "ask": 0.013799, "bid": 0.01373}, "REAL/USDT": {"last": 0.08004, "ask": 0.08079, "bid": 0.08007}, "DPX/USDT": {"last": 126.44, "ask": 126.44, "bid": 126.32}, "MDAO/USDT": {"last": 0.2769, "ask": 0.277, "bid": 0.2769}, "TOMI/USDT": {"last": 4.015, "ask": 4.05, "bid": 4.015}, "DEFY/USDT": {"last": 0.004051, "ask": 0.004071, "bid": 0.004051}, "PLT/USDT": {"last": 0.06706, "ask": 0.06736, "bid": 0.06706}, "DOT3S/USDT": {"last": 2.3932, "ask": 2.3872, "bid": 2.38}, "AZY/USDT": {"last": 0.01042, "ask": 0.01065, "bid": 0.01045}, "FAME/USDT": {"last": 0.001313, "ask": 0.00132, "bid": 0.001306}, "GODS/USDT": {"last": 0.17197, "ask": 0.17207, "bid": 0.17058}, "WEMIX/USDT": {"last": 0.7208, "ask": 0.7215, "bid": 0.7192}, "APE2S/USDT": {"last": 3.0553, "ask": 3.0553, "bid": 3.0474}, "MV/USDT": {"last": 0.12671, "ask": 0.12708, "bid": 0.12671}, "BTC3S/USDT": {"last": 4.5795, "ask": 4.5661, "bid": 4.5595}, "XEC/USDT": {"last": 2.691e-05, "ask": 2.69e-05, "bid": 2.677e-05}, "FIDA/USDT": {"last": 0.3381, "ask": 0.3381, "bid": 0.3366}, "LADYS/USDT": {"last": 6.18e-08, "ask": 6.17e-08, "bid": 6.15e-08}, "AVAX2L/USDT": {"last": 4.5129, "ask": 4.5129, "bid": 4.4985}, "MOVR/USDT": {"last": 6.3775, "ask": 6.4116, "bid": 6.3875}, "FTT/USDT": {"last": 1.115, "ask": 1.1214, "bid": 1.1113}, "SAITAMA/USDT": {"last": 0.0009737, "ask": 0.0009737, "bid": 0.0009721}, "RACA/USDT": {"last": 0.00014759, "ask": 0.00014872, "bid": 0.00014768}, "STRM/USDT": {"last": 0.0123, "ask": 0.0123, "bid": 0.012246}, "MPLX/USDT": {"last": 0.02954, "ask": 0.02954, "bid": 0.02906}, "WLKN/USDT": {"last": 0.03152, "ask": 0.03153, "bid": 0.03148}, "BONK/USDT": {"last": 3.768e-07, "ask": 3.784e-07, "bid": 3.769e-07}, "ECOX/USDT": {"last": 0.4058, "ask": 0.4071, "bid": 0.4058}, "PTU/USDT": {"last": 0.3451, "ask": 0.3463, "bid": 0.3451}, "DZOO/USDT": {"last": 0.012174, "ask": 0.012387, "bid": 0.012192}, "QMALL/USDT": {"last": 0.2036, "ask": 0.2036, "bid": 0.1988}, "MCRT/USDT": {"last": 0.002279, "ask": 0.00228, "bid": 0.002269}, "SAND2S/USDT": {"last": 3.1414, "ask": 3.1433, "bid": 3.1326}, "FB/USDT": {"last": 1.122, "ask": 1.131, "bid": 1.119}, "ATOM2L/USDT": {"last": 5.7767, "ask": 5.7917, "bid": 5.7774}, "ORT/USDT": {"last": 0.004428, "ask": 0.004454, "bid": 0.004424}, "THN/USDT": {"last": 0.034245, "ask": 0.034349, "bid": 0.034223}, "XRP3L/USDT": {"last": 3.2808, "ask": 3.2816, "bid": 3.2808}, "CAPS/USDT": {"last": 0.017891, "ask": 0.017882, "bid": 0.017322}, "PEPE/USDT": {"last": 1.5399e-06, "ask": 1.5423e-06, "bid": 1.5376e-06}, "GGM/USDT": {"last": 0.005165, "ask": 0.00517, "bid": 0.005103}, "KON/USDT": {"last": 0.07628, "ask": 0.0763, "bid": 0.07627}, "BAR/USDT": {"last": 3.6991, "ask": 3.7065, "bid": 3.6788}, "RAIN/USDT": {"last": 0.001068, "ask": 0.001069, "bid": 0.001051}, "ETH3S/USDT": {"last": 0.6338, "ask": 0.6348, "bid": 0.6338}, "MMC/USDT": {"last": 0.047119, "ask": 0.048327, "bid": 0.045482}, "CWAR/USDT": {"last": 0.01035, "ask": 0.01068, "bid": 0.01034}, "STAT/USDT": {"last": 0.1041, "ask": 0.1059, "bid": 0.1038}, "PRIME/USDT": {"last": 1.305, "ask": 1.308, "bid": 1.303}, "TON/USDT": {"last": 1.8439, "ask": 1.8464, "bid": 1.8378}, "ACS/USDT": {"last": 0.0040477, "ask": 0.0040596, "bid": 0.0040477}, "SOLO/USDT": {"last": 0.1215, "ask": 0.1216, "bid": 0.1211}, "WBTC/USDT": {"last": 26600.9, "ask": 26778.9, "bid": 26613.99}, "EOS2L/USDT": {"last": 2.6562,