{"GGM/USDT": {"last": 0.005165, "ask": 0.005166, "bid": 0.005101}, "XYM/USDT": {"last": 0.02926, "ask": 0.02926, "bid": 0.02878}, "AZY/USDT": {"last": 0.01059, "ask": 0.01058, "bid": 0.0103}, "KASTA/USDT": {"last": 0.01767, "ask": 0.01774, "bid": 0.01765}, "TON/USDT": {"last": 1.8123, "ask": 1.8123, "bid": 1.8104}, "USTC/USDT": {"last": 0.01481, "ask": 0.01482, "bid": 0.01477}, "ROND/USDT": {"last": 0.004475, "ask": 0.004481, "bid": 0.00441}, "CWAR/USDT": {"last": 0.01076, "ask": 0.01076, "bid": 0.01058}, "HERO/USDT": {"last": 0.003199, "ask": 0.003188, "bid": 0.003135}, "LADYS/USDT": {"last": 5.21e-08, "ask": 5.22e-08, "bid": 5.21e-08}, "FTM2L/USDT": {"last": 4.3275, "ask": 4.3392, "bid": 4.3275}, "ERTHA/USDT": {"last": 0.002493, "ask": 0.002497, "bid": 0.002447}, "POKT/USDT": {"last": 0.04079, "ask": 0.041, "bid": 0.04079}, "APE2S/USDT": {"last": 3.1652, "ask": 3.1652, "bid": 3.1553}, "ETC2L/USDT": {"last": 1.8614, "ask": 1.8614, "bid": 1.8547}, "PLT/USDT": {"last": 0.06703, "ask": 0.06734, "bid": 0.06703}, "ACS/USDT": {"last": 0.0040322, "ask": 0.0040372, "bid": 0.0040226}, "EOS2L/USDT": {"last": 2.6158, "ask": 2.6152, "bid": 2.6024}, "MX/USDT": {"last": 2.586, "ask": 2.6, "bid": 2.586}, "CMP/USDT": {"last": 0.03838, "ask": 0.03899, "bid": 0.03792}, "GSTS/USDT": {"last": 0.003686, "ask": 0.0039, "bid": 0.003686}, "COT/USDT": {"last": 0.01478, "ask": 0.014875, "bid": 0.014794}, "TAMA/USDT": {"last": 0.01668, "ask": 0.01669, "bid": 0.01665}, "XRP3L/USDT": {"last": 3.1315, "ask": 3.1429, "bid": 3.1341}, "DOT3L/USDT": {"last": 0.7123, "ask": 0.7116, "bid": 0.7094}, "MPLX/USDT": {"last": 0.0295, "ask": 0.0295, "bid": 0.02901}, "LUNA/USDT": {"last": 0.919, "ask": 0.9179, "bid": 0.9175}, "BTT/USDT": {"last": 5.894e-07, "ask": 5.963e-07, "bid": 5.875e-07}, "MIBR/USDT": {"last": 0.2465, "ask": 0.245, "bid": 0.241}, "SYNR/USDT": {"last": 0.001092, "ask": 0.001101, "bid": 0.001089}, "KMON/USDT": {"last": 0.009473, "ask": 0.009733, "bid": 0.009491}, "SHILL/USDT": {"last": 0.01115, "ask": 0.01118, "bid": 0.01115}, "LFW/USDT": {"last": 0.01045, "ask": 0.010529, "bid": 0.010369}, "AFC/USDT": {"last": 1.5918, "ask": 1.5928, "bid": 1.5769}, "GST/USDT": {"last": 0.01587, "ask": 0.01586, "bid": 0.01569}, "DOGE2L/USDT": {"last": 5.1148, "ask": 5.1279, "bid": 5.1148}, "MEE/USDT": {"last": 0.00427, "ask": 0.004299, "bid": 0.00427}, "SAITAMA/USDT": {"last": 0.0009715, "ask": 0.000975, "bid": 0.0009711}, "BAR/USDT": {"last": 3.6509, "ask": 3.6798, "bid": 3.6513}, "ORT/USDT": {"last": 0.004446, "ask": 0.004454, "bid": 0.004395}, "SLG/USDT": {"last": 0.021141, "ask": 0.02144, "bid": 0.021071}, "KCAL/USDT": {"last": 0.2495, "ask": 0.2492, "bid": 0.2397}, "SEOR/USDT": {"last": 0.001894, "ask": 0.001894, "bid": 0.001893}, "FIDA/USDT": {"last": 0.3345, "ask": 0.3361, "bid": 0.3345}, "DOGE2S/USDT": {"last": 0.7328, "ask": 0.7331, "bid": 0.7316}, "XWG/USDT": {"last": 0.001199, "ask": 0.001199, "bid": 0.0011901}, "AVAX2L/USDT": {"last": 4.3669, "ask": 4.373, "bid": 4.3642}, "DCR/USDT": {"last": 17.1943, "ask": 17.3868, "bid": 17.1367}, "FTM2S/USDT": {"last": 0.6317, "ask": 0.6318, "bid": 0.63}, "PERP/USDT": {"last": 0.6108, "ask": 0.6105, "bid": 0.6104}, "STAT/USDT": {"last": 0.1091, "ask": 0.11, "bid": 0.1078}, "RLTM/USDT": {"last": 0.02405, "ask": 0.02409, "bid": 0.02401}, "SIDUS/USDT": {"last": 0.0012296, "ask": 0.0012295, "bid": 0.0012204}, "ZBC/USDT": {"last": 0.014691, "ask": 0.014723, "bid": 0.014689}, "ACM/USDT": {"last": 2.3035, "ask": 2.2945, "bid": 2.2757}, "RACA/USDT": {"last": 0.0001486, "ask": 0.00014853, "bid": 0.00014806}, "GMT2L/USDT": {"last": 0.244, "ask": 0.244, "bid": 0.2434}, "ADA2L/USDT": {"last": 3.5005, "ask": 3.5109, "bid": 3.5005}, "QNT/USDT": {"last": 105.2, "ask": 105.3, "bid": 105.1}, "MV/USDT": {"last": 0.12671, "ask": 0.12713, "bid": 0.12664}, "KUNCI/USDT": {"last": 0.010223, "ask": 0.010482, "bid": 0.010223}, "USDD/USDT": {"last": 0.9958, "ask": 0.9984, "bid": 0.9958}, "MVL/USDT": {"last": 0.003354, "ask": 0.00337, "bid": 0.003337}, "AGI/USDT": {"last": 0.1012, "ask": 0.10213, "bid": 0.10111}, "DPX/USDT": {"last": 126.31, "ask": 126.35, "bid": 126.31}, "ADA2S/USDT": {"last": 4.3755, "ask": 4.3893, "bid": 4.378}, "KON/USDT": {"last": 0.0763, "ask": 0.07631, "bid": 0.07627}, "DZOO/USDT": {"last": 0.012174, "ask": 0.012349, "bid": 0.012113}, "TIME/USDT": {"last": 25.0043, "ask": 25.5095, "bid": 24.9898}, "AVA/USDT": {"last": 0.5394, "ask": 0.5435, "bid": 0.5394}, "ECOX/USDT": {"last": 0.402, "ask": 0.402, "bid": 0.4015}, "TAP/USDT": {"last": 0.004017, "ask": 0.004027, "bid": 0.004002}, "INTER/USDT": {"last": 2.6916, "ask": 2.7046, "bid": 2.6916}, "KOK/USDT": {"last": 0.03994, "ask": 0.03994, "bid": 0.0391}, "GNS/USDT": {"last": 4.7499, "ask": 4.7498, "bid": 4.7298}, "ATOM2L/USDT": {"last": 5.6297, "ask": 5.6427, "bid": 5.6295}, "BABYDOGE/USDT": {"last": 2.3e-09, "ask": 2.3e-09, "bid": 2.289e-09}, "OKSE/USDT": {"last": 0.04497, "ask": 0.0453, "bid": 0.04494}, "REAL/USDT": {"last": 0.08004, "ask": 0.081, "bid": 0.07995}, "VRA/USDT": {"last": 0.004483, "ask": 0.004494, "bid": 0.00447}, "ZAM/USDT": {"last": 0.004318, "ask": 0.00432, "bid": 0.00429}, "ETC2S/USDT": {"last": 4.6013, "ask": 4.6013, "bid": 4.5848}, "FLOKI/USDT": {"last": 3.4989e-05, "ask": 3.5e-05, "bid": 3.4989e-05}, "BNT/USDT": {"last": 0.4185, "ask": 0.4185, "bid": 0.4158}, "MOVR/USDT": {"last": 6.3382, "ask": 6.3535, "bid": 6.3382}, "PLY/USDT": {"last": 0.0003507, "ask": 0.00035, "bid": 0.0003462}, "DLC/USDT": {"last": 0.13019, "ask": 0.1303, "bid": 0.13}, "PRIME/USDT": {"last": 1.31, "ask": 1.305, "bid": 1.3}, "MBX/USDT": {"last": 0.897, "ask": 0.9, "bid": 0.894}, "LINK2S/USDT": {"last": 3.4787, "ask": 3.4789, "bid": 3.4687}, "EVER/USDT": {"last": 0.03931, "ask": 0.03932, "bid": 0.03931}, "JUV/USDT": {"last": 2.5836, "ask": 2.5836, "bid": 2.5699}, "PEPE/USDT": {"last": 1.5237e-06, "ask": 1.5264e-06, "bid": 1.5237e-06}, "CAKE/USDT": {"last": 1.7955, "ask": 1.7995, "bid": 1.7967}, "AXL/USDT": {"last": 0.5282, "ask": 0.5285, "bid": 0.528}, "MDAO/USDT": {"last": 0.2742, "ask": 0.2743, "bid": 0.2742}, "ACA/USDT": {"last": 0.0566, "ask": 0.0568, "bid": 0.0566}, "KRL/USDT": {"last": 0.2584, "ask": 0.2555, "bid": 0.2419}, "WAXP/USDT": {"last": 0.05549, "ask": 0.05573, "bid": 0.05548}, "CBX/USDT": {"last": 0.02692, "ask": 0.02708, "bid": 0.02692}, "TRIBE/USDT": {"last": 0.2869, "ask": 0.2869, "bid": 0.286}, "SIS/USDT": {"last": 0.13143, "ask": 0.13143, "bid": 0.13059}, "XEC/USDT": {"last": 2.679e-05, "ask": 2.678e-05, "bid": 2.67e-05}, "GENE/USDT": {"last": 0.4683, "ask": 0.4706, "bid": 0.4683}, "LGX/USDT": {"last": 0.004436, "ask": 0.00444, "bid": 0.004433}, "PUMLX/USDT": {"last": 0.01776, "ask": 0.01781, "bid": 0.01771}, "WWY/USDT": {"last": 0.005729, "ask": 0.005734, "bid": 0.005711}, "WBTC/USDT": {"last": 26292.88, "ask": 26393.72, "bid": 26276.01}, "AVAX2S/USDT": {"last": 0.9467, "ask": 0.9477, "bid": 0.9448}, "APE2L/USDT": {"last": 1.9306, "ask": 1.9306, "bid": 1.9245}, "BTG/USDT": {"last": 12.8434, "ask": 12.8434, "bid": 12.7659}, "MCRT/USDT": {"last": 0.002278, "ask": 0.002278, "bid": 0.002269}, "LIS/USDT": {"last": 0.014, "ask": 0.014, "bid": 0.013813}, "MATIC2S/USDT": {"last": 1.7559, "ask": 1.7628, "bid": 1.7589}, "DFI/USDT": {"last": 0.3681, "ask": 0.3681, "bid": 0.3642}, "KARATE/USDT": {"last": 0.0015701, "ask": 0.0015701, "bid": 0.00157}, "PIP/USDT": {"last": 0.24876, "ask": 0.24984, "bid": 0.24768}, "CGPT/USDT": {"last": 0.154816, "ask": 0.154816, "bid": 0.154516}, "PLAY/USDT": {"last": 0.0639, "ask": 0.06419, "bid": 0.06378}, "DEVT/USDT": {"last": 0.00314, "ask": 0.00317, "bid": 0.00315}, "GCAKE/USDT": {"last": 4.292e-07, "ask": 4.291e-07, "bid": 4.227e-07}, "LTC2L/USDT": {"last": 18.5698, "ask": 18.615, "bid": 18.5664}, "THN/USDT": {"last": 0.034295, "ask": 0.034599, "bid": 0.034188}, "INSUR/USDT": {"last": 0.07197, "ask": 0.07172, "bid": 0.07066}, "SON/USDT": {"last": 0.0002884, "ask": 0.0002948, "bid": 0.0002885}, "XAVA/USDT": {"last": 0.2854, "ask": 0.2896, "bid": 0.2809},