{"ERTHA/USDT": {"last": 0.002493, "ask": 0.002497, "bid": 0.002447}, "XDC/USDT": {"last": 0.03333, "ask": 0.03333, "bid": 0.03329}, "THN/USDT": {"last": 0.034331, "ask": 0.034349, "bid": 0.034293}, "SAND2L/USDT": {"last": 1.0157, "ask": 1.0183, "bid": 1.0147}, "DLC/USDT": {"last": 0.13019, "ask": 0.1303, "bid": 0.13}, "SIDUS/USDT": {"last": 0.0012296, "ask": 0.0012296, "bid": 0.0012205}, "RAIN/USDT": {"last": 0.00106, "ask": 0.00107, "bid": 0.00106}, "ETC2S/USDT": {"last": 4.5728, "ask": 4.5671, "bid": 4.5505}, "FTM2L/USDT": {"last": 4.4152, "ask": 4.4395, "bid": 4.4277}, "XYM/USDT": {"last": 0.02895, "ask": 0.02926, "bid": 0.02879}, "LFW/USDT": {"last": 0.010448, "ask": 0.010527, "bid": 0.010367}, "DEVT/USDT": {"last": 0.00316, "ask": 0.00316, "bid": 0.00313}, "MBS/USDT": {"last": 0.043419, "ask": 0.043295, "bid": 0.043271}, "PSTAKE/USDT": {"last": 0.04964, "ask": 0.04963, "bid": 0.04814}, "IME/USDT": {"last": 0.000152, "ask": 0.000151, "bid": 0.000149}, "EOS2S/USDT": {"last": 7.983, "ask": 7.9637, "bid": 7.9206}, "QNT/USDT": {"last": 105.6, "ask": 105.9, "bid": 105.7}, "MOVEZ/USDT": {"last": 0.00178, "ask": 0.001798, "bid": 0.001776}, "XCAD/USDT": {"last": 0.9397, "ask": 0.944, "bid": 0.9386}, "FTT/USDT": {"last": 1.0921, "ask": 1.0927, "bid": 1.0869}, "BABYDOGE/USDT": {"last": 2.327e-09, "ask": 2.344e-09, "bid": 2.327e-09}, "MX/USDT": {"last": 2.6104, "ask": 2.6184, "bid": 2.6062}, "CHRP/USDT": {"last": 0.00522, "ask": 0.005278, "bid": 0.005214}, "WEMIX/USDT": {"last": 0.7133, "ask": 0.7141, "bid": 0.7122}, "LINK2S/USDT": {"last": 3.4174, "ask": 3.4254, "bid": 3.4174}, "GST/USDT": {"last": 0.01594, "ask": 0.01594, "bid": 0.01576}, "TAMA/USDT": {"last": 0.01664, "ask": 0.01669, "bid": 0.01662}, "STRM/USDT": {"last": 0.0123, "ask": 0.0123, "bid": 0.012246}, "SEOR/USDT": {"last": 0.001891, "ask": 0.001893, "bid": 0.001892}, "ETH3L/USDT": {"last": 1.1711, "ask": 1.1773, "bid": 1.1751}, "SYNR/USDT": {"last": 0.001098, "ask": 0.001101, "bid": 0.001089}, "GSTS/USDT": {"last": 0.003546, "ask": 0.003979, "bid": 0.003553}, "DOT3S/USDT": {"last": 2.4337, "ask": 2.4311, "bid": 2.4249}, "NEXO/USDT": {"last": 0.669, "ask": 0.669, "bid": 0.6686}, "AVA/USDT": {"last": 0.5443, "ask": 0.5443, "bid": 0.5428}, "ROND/USDT": {"last": 0.004418, "ask": 0.004537, "bid": 0.004516}, "FORT/USDT": {"last": 0.1773, "ask": 0.1773, "bid": 0.1722}, "IZI/USDT": {"last": 0.016669, "ask": 0.016669, "bid": 0.016559}, "HERO/USDT": {"last": 0.003181, "ask": 0.003185, "bid": 0.003149}, "AFC/USDT": {"last": 1.5848, "ask": 1.6008, "bid": 1.5848}, "INTER/USDT": {"last": 2.7155, "ask": 2.7334, "bid": 2.7158}, "KON/USDT": {"last": 0.07628, "ask": 0.0763, "bid": 0.07627}, "AGI/USDT": {"last": 0.10149, "ask": 0.10176, "bid": 0.10076}, "VINU/USDT": {"last": 9.99e-09, "ask": 9.99e-09, "bid": 9.98e-09}, "PLT/USDT": {"last": 0.06735, "ask": 0.06736, "bid": 0.06706}, "XAVA/USDT": {"last": 0.2854, "ask": 0.2897, "bid": 0.281}, "MIX/USDT": {"last": 0.002141, "ask": 0.00218, "bid": 0.00211}, "XWG/USDT": {"last": 0.0011926, "ask": 0.0012016, "bid": 0.0011823}, "LUNA/USDT": {"last": 0.9249, "ask": 0.9253, "bid": 0.9246}, "XRP3L/USDT": {"last": 3.1933, "ask": 3.2, "bid": 3.1933}, "VPAD/USDT": {"last": 0.02849, "ask": 0.0285, "bid": 0.02849}, "MVL/USDT": {"last": 0.003354, "ask": 0.00337, "bid": 0.003337}, "POKT/USDT": {"last": 0.041, "ask": 0.041, "bid": 0.04082}, "FB/USDT": {"last": 1.124, "ask": 1.125, "bid": 1.115}, "KMON/USDT": {"last": 0.009663, "ask": 0.009856, "bid": 0.009547}, "MV/USDT": {"last": 0.12682, "ask": 0.12725, "bid": 0.12682}, "SON/USDT": {"last": 0.0002873, "ask": 0.0002929, "bid": 0.0002914}, "JUV/USDT": {"last": 2.5641, "ask": 2.5799, "bid": 2.5641}, "MIBR/USDT": {"last": 0.2465, "ask": 0.245, "bid": 0.2428}, "BNT/USDT": {"last": 0.418, "ask": 0.4197, "bid": 0.4177}, "3P/USDT": {"last": 2.853e-08, "ask": 2.853e-08, "bid": 2.811e-08}, "BTG/USDT": {"last": 12.7659, "ask": 12.8434, "bid": 12.7659}, "WWY/USDT": {"last": 0.005701, "ask": 0.005717, "bid": 0.005701}, "HVH/USDT": {"last": 0.02804, "ask": 0.02798, "bid": 0.02732}, "PTU/USDT": {"last": 0.3451, "ask": 0.3463, "bid": 0.3451}, "ZBC/USDT": {"last": 0.014802, "ask": 0.014869, "bid": 0.014835}, "PSG/USDT": {"last": 4.6987, "ask": 4.7394, "bid": 4.6987}, "RLTM/USDT": {"last": 0.02406, "ask": 0.02408, "bid": 0.02404}, "KARATE/USDT": {"last": 0.0015311, "ask": 0.0015311, "bid": 0.0015299}, "XETA/USDT": {"last": 0.03421, "ask": 0.03418, "bid": 0.03361}, "USTC/USDT": {"last": 0.01495, "ask": 0.01494, "bid": 0.01489}, "MATIC2L/USDT": {"last": 6.7206, "ask": 6.7467, "bid": 6.7311}, "GODS/USDT": {"last": 0.17091, "ask": 0.17103, "bid": 0.16959}, "MOVR/USDT": {"last": 6.3606, "ask": 6.3772, "bid": 6.3604}, "BTC3S/USDT": {"last": 4.676, "ask": 4.6692, "bid": 4.6601}, "KUNCI/USDT": {"last": 0.010223, "ask": 0.010512, "bid": 0.010224}, "EOS2L/USDT": {"last": 2.6399, "ask": 2.6461, "bid": 2.633}, "REAL/USDT": {"last": 0.08058, "ask": 0.08085, "bid": 0.0799}, "OAS/USDT": {"last": 0.074226, "ask": 0.074222, "bid": 0.074183}, "MELOS/USDT": {"last": 0.005695, "ask": 0.005765, "bid": 0.005693}, "LTC2L/USDT": {"last": 18.7172, "ask": 18.7808, "bid": 18.7326}, "XRP3S/USDT": {"last": 0.2612, "ask": 0.2615, "bid": 0.2612}, "SFUND/USDT": {"last": 1.02934, "ask": 1.03176, "bid": 1.0233}, "MDAO/USDT": {"last": 0.275, "ask": 0.275, "bid": 0.2749}, "PRIMAL/USDT": {"last": 0.002505, "ask": 0.002509, "bid": 0.002442}, "LTC2S/USDT": {"last": 0.7854, "ask": 0.7849, "bid": 0.7829}, "COT/USDT": {"last": 0.01478, "ask": 0.014881, "bid": 0.014794}, "TIME/USDT": {"last": 25.4999, "ask": 25.4999, "bid": 25.1339}, "TRVL/USDT": {"last": 0.031023, "ask": 0.031234, "bid": 0.031025}, "GALFT/USDT": {"last": 4.00454, "ask": 4.00434, "bid": 3.94041}, "CWAR/USDT": {"last": 0.01089, "ask": 0.01088, "bid": 0.01059}, "CRAFT/USDT": {"last": 0.005438, "ask": 0.005457, "bid": 0.005438}, "BAR/USDT": {"last": 3.6865, "ask": 3.6865, "bid": 3.6606}, "WBTC/USDT": {"last": 26555.05, "ask": 26592.54, "bid": 26416.44}, "MCRT/USDT": {"last": 0.002269, "ask": 0.002276, "bid": 0.002269}, "GGM/USDT": {"last": 0.005165, "ask": 0.00518, "bid": 0.005103}, "GCAKE/USDT": {"last": 4.292e-07, "ask": 4.291e-07, "bid": 4.196e-07}, "SHIB/USDT": {"last": 8.7673e-06, "ask": 8.7685e-06, "bid": 8.7677e-06}, "XEC/USDT": {"last": 2.689e-05, "ask": 2.689e-05, "bid": 2.68e-05}, "ADA2S/USDT": {"last": 4.3307, "ask": 4.3369, "bid": 4.3257}, "KRL/USDT": {"last": 0.2537, "ask": 0.2537, "bid": 0.2479}, "PEPE/USDT": {"last": 1.556e-06, "ask": 1.5555e-06, "bid": 1.5522e-06}, "KCAL/USDT": {"last": 0.2495, "ask": 0.2492, "bid": 0.2399}, "MNZ/USDT": {"last": 0.0004451, "ask": 0.0004461, "bid": 0.0004449}, "OKSE/USDT": {"last": 0.04494, "ask": 0.04497, "bid": 0.04494}, "CUSD/USDT": {"last": 0.9945, "ask": 0.9984, "bid": 0.9945}, "SAITAMA/USDT": {"last": 0.0009745, "ask": 0.000975, "bid": 0.0009711}, "GM/USDT": {"last": 1.13249e-05, "ask": 1.13249e-05, "bid": 1.1203e-05}, "LINK2L/USDT": {"last": 4.2939, "ask": 4.3071, "bid": 4.2969}, "CO/USDT": {"last": 0.008961, "ask": 0.008962, "bid": 0.008961}, "EVER/USDT": {"last": 0.03934, "ask": 0.03934, "bid": 0.03933}, "GMT2S/USDT": {"last": 4.5952, "ask": 4.5877, "bid": 4.5747}, "CULT/USDT": {"last": 3.683e-06, "ask": 3.684e-06, "bid": 3.62e-06}, "APE2S/USDT": {"last": 3.1009, "ask": 3.1071, "bid": 3.0989}, "ETH3S/USDT": {"last": 0.645, "ask": 0.6446, "bid": 0.6434}, "ECOX/USDT": {"last": 0.402, "ask": 0.402, "bid": 0.4019}, "AVAX2L/USDT": {"last": 4.4338, "ask": 4.4403, "bid": 4.4279}, "DOT3L/USDT": {"last": 0.7242, "ask": 0.7276, "bid": 0.7254}, "TRIBE/USDT": {"last": 0.287, "ask": 0.287, "bid": 0.2861}, "MMC/USDT": {"last": 0.047119, "ask": 0.048251, "bid": 0.045505}, "MEE/USDT": {"last": 0.004258, "ask": 0.00426, "bid": 0.004255}, "FIDA/USDT": {"last": 0.3358, "ask": 0.337, "bid": 0.3358}, "TEL/USDT": {"last": 0.001698, "ask": 0.001759, "bid": 0.001605}, "DOGE2L/USDT": {"last": 5.1797, "ask": 5.1916, "bid": 5.1797}, "CBX/USDT": {"last": 0.02702, "ask": 0.02706,