{"FTM2S/USDT": {"last": 0.6104, "ask": 0.612, "bid": 0.6104}, "BAR/USDT": {"last": 3.6707, "ask": 3.6991, "bid": 3.6713}, "DCR/USDT": {"last": 17.413, "ask": 17.5, "bid": 17.1737}, "MX/USDT": {"last": 2.6362, "ask": 2.633, "bid": 2.6167}, "PERP/USDT": {"last": 0.6149, "ask": 0.615, "bid": 0.6148}, "ERTHA/USDT": {"last": 0.002493, "ask": 0.002497, "bid": 0.002447}, "CHRP/USDT": {"last": 0.00524, "ask": 0.005242, "bid": 0.005226}, "TON/USDT": {"last": 1.8346, "ask": 1.8355, "bid": 1.8347}, "VRA/USDT": {"last": 0.004551, "ask": 0.004568, "bid": 0.004525}, "SIDUS/USDT": {"last": 0.0012296, "ask": 0.0012296, "bid": 0.0012205}, "DFI/USDT": {"last": 0.369, "ask": 0.369, "bid": 0.366}, "ATOM2L/USDT": {"last": 5.7394, "ask": 5.7362, "bid": 5.7198}, "ATOM2S/USDT": {"last": 3.0329, "ask": 3.0408, "bid": 3.0336}, "KON/USDT": {"last": 0.07629, "ask": 0.0763, "bid": 0.07627}, "LTC2L/USDT": {"last": 18.9112, "ask": 18.9123, "bid": 18.8639}, "EVER/USDT": {"last": 0.03933, "ask": 0.03935, "bid": 0.03933}, "EOS2S/USDT": {"last": 7.8812, "ask": 7.9, "bid": 7.8811}, "RACA/USDT": {"last": 0.00014915, "ask": 0.00014891, "bid": 0.00014798}, "DEFY/USDT": {"last": 0.004051, "ask": 0.004071, "bid": 0.004051}, "DICE/USDT": {"last": 0.0349, "ask": 0.03524, "bid": 0.0349}, "SAND2L/USDT": {"last": 1.0254, "ask": 1.0254, "bid": 1.0219}, "PSTAKE/USDT": {"last": 0.04959, "ask": 0.04974, "bid": 0.0483}, "DAI/USDT": {"last": 0.9995, "ask": 0.9995, "bid": 0.9994}, "LFW/USDT": {"last": 0.010405, "ask": 0.010527, "bid": 0.010283}, "JUV/USDT": {"last": 2.5836, "ask": 2.5836, "bid": 2.5759}, "IME/USDT": {"last": 0.000153, "ask": 0.000152, "bid": 0.000151}, "1SOL/USDT": {"last": 0.004047, "ask": 0.004058, "bid": 0.004}, "TOMI/USDT": {"last": 4.04, "ask": 4.04, "bid": 3.916}, "AGLA/USDT": {"last": 0.05382, "ask": 0.05281, "bid": 0.05119}, "MATIC2L/USDT": {"last": 6.8004, "ask": 6.7847, "bid": 6.767}, "EOS2L/USDT": {"last": 2.659, "ask": 2.6591, "bid": 2.6452}, "ROND/USDT": {"last": 0.004347, "ask": 0.00439, "bid": 0.004346}, "WLKN/USDT": {"last": 0.03145, "ask": 0.03145, "bid": 0.03144}, "LUNC/USDT": {"last": 9.044e-05, "ask": 9.057e-05, "bid": 9.046e-05}, "KMON/USDT": {"last": 0.009663, "ask": 0.009864, "bid": 0.009482}, "GST/USDT": {"last": 0.01578, "ask": 0.01586, "bid": 0.01572}, "BONK/USDT": {"last": 3.776e-07, "ask": 3.776e-07, "bid": 3.761e-07}, "DOT3L/USDT": {"last": 0.7313, "ask": 0.7313, "bid": 0.7293}, "BABYDOGE/USDT": {"last": 2.349e-09, "ask": 2.349e-09, "bid": 2.334e-09}, "3P/USDT": {"last": 2.853e-08, "ask": 2.853e-08, "bid": 2.804e-08}, "LING/USDT": {"last": 0.00318, "ask": 0.003199, "bid": 0.00311}, "APE2L/USDT": {"last": 1.9983, "ask": 2.0045, "bid": 1.9989}, "MIBR/USDT": {"last": 0.2465, "ask": 0.245, "bid": 0.2436}, "MCT/USDT": {"last": 0.03201, "ask": 0.03389, "bid": 0.03137}, "IZI/USDT": {"last": 0.01667, "ask": 0.016674, "bid": 0.016559}, "OBX/USDT": {"last": 0.001503, "ask": 0.001521, "bid": 0.001503}, "DEVT/USDT": {"last": 0.00316, "ask": 0.00318, "bid": 0.00314}, "PEPE/USDT": {"last": 1.5478e-06, "ask": 1.55e-06, "bid": 1.5479e-06}, "AZY/USDT": {"last": 0.01041, "ask": 0.01042, "bid": 0.01026}, "BTC3S/USDT": {"last": 4.6, "ask": 4.6241, "bid": 4.6209}, "PLY/USDT": {"last": 0.0003507, "ask": 0.00035, "bid": 0.0003468}, "NFT/USDT": {"last": 3.575e-07, "ask": 3.593e-07, "bid": 3.568e-07}, "SAND2S/USDT": {"last": 3.1925, "ask": 3.1901, "bid": 3.1792}, "CAPS/USDT": {"last": 0.017236, "ask": 0.0179, "bid": 0.017236}, "SAITAMA/USDT": {"last": 0.0009718, "ask": 0.0009713, "bid": 0.0009711}, "USDD/USDT": {"last": 0.9982, "ask": 0.9982, "bid": 0.9958}, "SLG/USDT": {"last": 0.021736, "ask": 0.021501, "bid": 0.021084}, "LUNA/USDT": {"last": 0.9304, "ask": 0.9307, "bid": 0.9297}, "ADA2S/USDT": {"last": 4.2884, "ask": 4.304, "bid": 4.2909}, "ZBC/USDT": {"last": 0.014892, "ask": 0.014869, "bid": 0.014808}, "PTU/USDT": {"last": 0.3451, "ask": 0.3463, "bid": 0.3451}, "DOGE2S/USDT": {"last": 0.7202, "ask": 0.7209, "bid": 0.7194}, "BTT/USDT": {"last": 5.976e-07, "ask": 5.99e-07, "bid": 5.875e-07}, "SYNR/USDT": {"last": 0.001104, "ask": 0.00111, "bid": 0.001093}, "MELOS/USDT": {"last": 0.005694, "ask": 0.005841, "bid": 0.005693}, "INTER/USDT": {"last": 2.7184, "ask": 2.7308, "bid": 2.7183}, "FTM2L/USDT": {"last": 4.5009, "ask": 4.5037, "bid": 4.4918}, "CWAR/USDT": {"last": 0.01052, "ask": 0.01071, "bid": 0.01032}, "ETC2L/USDT": {"last": 1.8848, "ask": 1.8929, "bid": 1.8861}, "TAMA/USDT": {"last": 0.01681, "ask": 0.01684, "bid": 0.01677}, "ACA/USDT": {"last": 0.0567, "ask": 0.057, "bid": 0.0568}, "XRP3L/USDT": {"last": 3.219, "ask": 3.2178, "bid": 3.2088}, "ETH3S/USDT": {"last": 0.6392, "ask": 0.6401, "bid": 0.6388}, "ETC2S/USDT": {"last": 4.5133, "ask": 4.527, "bid": 4.5105}, "SON/USDT": {"last": 0.0002886, "ask": 0.0002909, "bid": 0.0002868}, "MEE/USDT": {"last": 0.004258, "ask": 0.004261, "bid": 0.004258}, "VINU/USDT": {"last": 1.005e-08, "ask": 1.004e-08, "bid": 1e-08}, "XWG/USDT": {"last": 0.0011937, "ask": 0.0012064, "bid": 0.0011873}, "AGI/USDT": {"last": 0.10128, "ask": 0.10233, "bid": 0.10055}, "BTG/USDT": {"last": 12.8046, "ask": 12.8046, "bid": 12.7274}, "CGPT/USDT": {"last": 0.152455, "ask": 0.153299, "bid": 0.152461}, "SRM/USDT": {"last": 0.0773, "ask": 0.0777, "bid": 0.0773}, "ACS/USDT": {"last": 0.00406, "ask": 0.0040592, "bid": 0.0040477}, "FLOKI/USDT": {"last": 3.5325e-05, "ask": 3.529e-05, "bid": 3.5262e-05}, "CAKE/USDT": {"last": 1.8044, "ask": 1.8037, "bid": 1.8035}, "LADYS/USDT": {"last": 5.93e-08, "ask": 5.96e-08, "bid": 5.93e-08}, "PIP/USDT": {"last": 0.24649, "ask": 0.24705, "bid": 0.24592}, "LINK2S/USDT": {"last": 3.3638, "ask": 3.3741, "bid": 3.3649}, "MBS/USDT": {"last": 0.043231, "ask": 0.043226, "bid": 0.04283}, "OAS/USDT": {"last": 0.074425, "ask": 0.074505, "bid": 0.074319}, "WAXP/USDT": {"last": 0.05572, "ask": 0.05599, "bid": 0.05564}, "PRIME/USDT": {"last": 1.305, "ask": 1.308, "bid": 1.302}, "AVAX2S/USDT": {"last": 0.9273, "ask": 0.928, "bid": 0.9279}, "COT/USDT": {"last": 0.014791, "ask": 0.014881, "bid": 0.014701}, "THN/USDT": {"last": 0.034306, "ask": 0.034349, "bid": 0.034293}, "GSTS/USDT": {"last": 0.003546, "ask": 0.0039, "bid": 0.003574}, "APEX/USDT": {"last": 0.3356, "ask": 0.3356, "bid": 0.3355}, "PSP/USDT": {"last": 0.032479, "ask": 0.032471, "bid": 0.031976}, "DZOO/USDT": {"last": 0.012174, "ask": 0.012379, "bid": 0.012022}, "STAT/USDT": {"last": 0.1049, "ask": 0.1059, "bid": 0.1046}, "BNT/USDT": {"last": 0.4189, "ask": 0.4209, "bid": 0.4185}, "NEXO/USDT": {"last": 0.6686, "ask": 0.669, "bid": 0.6686}, "CBX/USDT": {"last": 0.02706, "ask": 0.02706, "bid": 0.0267}, "XETA/USDT": {"last": 0.03421, "ask": 0.03423, "bid": 0.03359}, "UMA/USDT": {"last": 2.3524, "ask": 2.3664, "bid": 2.3524}, "KUNCI/USDT": {"last": 0.010223, "ask": 0.010487, "bid": 0.010223}, "POKT/USDT": {"last": 0.04075, "ask": 0.04099, "bid": 0.04051}, "MMC/USDT": {"last": 0.047119, "ask": 0.048176, "bid": 0.045537}, "WEMIX/USDT": {"last": 0.7223, "ask": 0.7236, "bid": 0.7215}, "INSUR/USDT": {"last": 0.07187, "ask": 0.07175, "bid": 0.07036}, "CITY/USDT": {"last": 5.4461, "ask": 5.4326, "bid": 5.3894}, "REAL/USDT": {"last": 0.08004, "ask": 0.08075, "bid": 0.08005}, "QNT/USDT": {"last": 106.1, "ask": 106.1, "bid": 105.9}, "XEC/USDT": {"last": 2.678e-05, "ask": 2.692e-05, "bid": 2.68e-05}, "MV/USDT": {"last": 0.12687, "ask": 0.1272, "bid": 0.12682}, "MOVR/USDT": {"last": 6.3773, "ask": 6.4004, "bid": 6.3738}, "TEL/USDT": {"last": 0.001698, "ask": 0.001759, "bid": 0.001607}, "SOS/USDT": {"last": 6.55e-08, "ask": 6.58e-08, "bid": 6.41e-08}, "GALFT/USDT": {"last": 3.99922, "ask": 3.99729, "bid": 3.93724}, "DOT3S/USDT": {"last": 2.4117, "ask": 2.4195, "bid": 2.4133}, "ECOX/USDT": {"last": 0.402, "ask": 0.402, "bid": 0.4019}, "GMT2L/USDT": {"last": 0.2515, "ask": 0.2516, "bid": 0.251}, "MBX/USDT": {"last": 0.894, "ask": 0.897, "bid": 0.891}, "SOLO/USDT": {"last": 0.1212, "ask": 0.1215, "bid": 0.1212}, "XRP3S/USDT": {"last": 0.2596, "ask": 0.2604, "bid": 0.2596},