{"GENE/USDT": {"last": 0.4683, "ask": 0.4706, "bid": 0.4683}, "LGX/USDT": {"last": 0.004434, "ask": 0.004462, "bid": 0.004434}, "PUMLX/USDT": {"last": 0.01775, "ask": 0.01781, "bid": 0.01771}, "WWY/USDT": {"last": 0.005729, "ask": 0.005734, "bid": 0.005711}, "WBTC/USDT": {"last": 26453.31, "ask": 26460.89, "bid": 26319.95}, "AVAX2S/USDT": {"last": 0.943, "ask": 0.943, "bid": 0.9401}, "APE2L/USDT": {"last": 1.9532, "ask": 1.9501, "bid": 1.9446}, "BTG/USDT": {"last": 12.8434, "ask": 12.8434, "bid": 12.7659}, "MCRT/USDT": {"last": 0.002269, "ask": 0.002277, "bid": 0.002269}, "LIS/USDT": {"last": 0.014, "ask": 0.014, "bid": 0.013813}, "MATIC2S/USDT": {"last": 1.74, "ask": 1.7423, "bid": 1.7383}, "DFI/USDT": {"last": 0.3681, "ask": 0.3681, "bid": 0.3642}, "KARATE/USDT": {"last": 0.0015201, "ask": 0.0015456, "bid": 0.0015202}, "PIP/USDT": {"last": 0.24874, "ask": 0.24979, "bid": 0.24768}, "CGPT/USDT": {"last": 0.153015, "ask": 0.153299, "bid": 0.152751}, "PLAY/USDT": {"last": 0.0639, "ask": 0.0642, "bid": 0.06378}, "DEVT/USDT": {"last": 0.00315, "ask": 0.00316, "bid": 0.00314}, "GCAKE/USDT": {"last": 4.292e-07, "ask": 4.291e-07, "bid": 4.182e-07}, "LTC2L/USDT": {"last": 18.7317, "ask": 18.7176, "bid": 18.6655}, "THN/USDT": {"last": 0.034218, "ask": 0.034585, "bid": 0.034189}, "INSUR/USDT": {"last": 0.07011, "ask": 0.07081, "bid": 0.07019}, "SON/USDT": {"last": 0.0002893, "ask": 0.0002897, "bid": 0.0002873}, "XAVA/USDT": {"last": 0.2854, "ask": 0.2896, "bid": 0.281}, "SOS/USDT": {"last": 6.54e-08, "ask": 6.57e-08, "bid": 6.39e-08}, "ETH3S/USDT": {"last": 0.6506, "ask": 0.6508, "bid": 0.6497}, "PSP/USDT": {"last": 0.031977, "ask": 0.032529, "bid": 0.03169}, "PTU/USDT": {"last": 0.3451, "ask": 0.3463, "bid": 0.3451}, "UMA/USDT": {"last": 2.3222, "ask": 2.3534, "bid": 2.3309}, "1SOL/USDT": {"last": 0.004, "ask": 0.004, "bid": 0.00398}, "GMT2S/USDT": {"last": 4.5966, "ask": 4.614, "bid": 4.601}, "APEX/USDT": {"last": 0.3352, "ask": 0.3354, "bid": 0.3353}, "IZI/USDT": {"last": 0.016443, "ask": 0.016443, "bid": 0.016329}, "OBX/USDT": {"last": 0.001503, "ask": 0.001521, "bid": 0.001503}, "TOMI/USDT": {"last": 3.847, "ask": 3.979, "bid": 3.848}, "BTC3L/USDT": {"last": 0.905, "ask": 0.9051, "bid": 0.9037}, "SFUND/USDT": {"last": 1.02572, "ask": 1.0241, "bid": 1.0166}, "BTC3S/USDT": {"last": 4.7093, "ask": 4.7204, "bid": 4.7126}, "3P/USDT": {"last": 2.841e-08, "ask": 2.85e-08, "bid": 2.801e-08}, "QMALL/USDT": {"last": 0.2003, "ask": 0.2019, "bid": 0.1986}, "MOVEZ/USDT": {"last": 0.001797, "ask": 0.001798, "bid": 0.00176}, "ELT/USDT": {"last": 0.000727, "ask": 0.000744, "bid": 0.000727}, "TRVL/USDT": {"last": 0.0311, "ask": 0.031307, "bid": 0.031023}, "CHRP/USDT": {"last": 0.005233, "ask": 0.005268, "bid": 0.005225}, "CUSD/USDT": {"last": 0.9945, "ask": 0.9984, "bid": 0.9945}, "LTC2S/USDT": {"last": 0.7867, "ask": 0.7872, "bid": 0.7851}, "OAS/USDT": {"last": 0.074226, "ask": 0.074408, "bid": 0.074184}, "CAPS/USDT": {"last": 0.017107, "ask": 0.017604, "bid": 0.01714}, "PSTAKE/USDT": {"last": 0.04814, "ask": 0.04951, "bid": 0.04814}, "WLKN/USDT": {"last": 0.03156, "ask": 0.03152, "bid": 0.03147}, "XETA/USDT": {"last": 0.03421, "ask": 0.03422, "bid": 0.03359}, "MCT/USDT": {"last": 0.035, "ask": 0.03499, "bid": 0.03403}, "DOME/USDT": {"last": 0.000841, "ask": 0.00085, "bid": 0.000841}, "MNZ/USDT": {"last": 0.0004453, "ask": 0.0004461, "bid": 0.0004449}, "XRP3S/USDT": {"last": 0.2643, "ask": 0.2643, "bid": 0.2638}, "FAME/USDT": {"last": 0.001287, "ask": 0.001321, "bid": 0.001287}, "NEXO/USDT": {"last": 0.6686, "ask": 0.669, "bid": 0.6686}, "MATIC2L/USDT": {"last": 6.6906, "ask": 6.6725, "bid": 6.6551}, "MTK/USDT": {"last": 0.01518, "ask": 0.01518, "bid": 0.0149}, "ATOM2S/USDT": {"last": 3.0725, "ask": 3.0764, "bid": 3.0685}, "AGLA/USDT": {"last": 0.05382, "ask": 0.05388, "bid": 0.05158}, "FTT/USDT": {"last": 1.088, "ask": 1.0916, "bid": 1.0864}, "FORT/USDT": {"last": 0.1721, "ask": 0.1772, "bid": 0.1722}, "IME/USDT": {"last": 0.000152, "ask": 0.00015, "bid": 0.00014899}, "SD/USDT": {"last": 0.9243, "ask": 0.928, "bid": 0.9232}, "CULT/USDT": {"last": 3.671e-06, "ask": 3.679e-06, "bid": 3.62e-06}, "GM/USDT": {"last": 1.12122e-05, "ask": 1.13283e-05, "bid": 1.12122e-05}, "XCAD/USDT": {"last": 0.9425, "ask": 0.944, "bid": 0.9412}, "RAIN/USDT": {"last": 0.001081, "ask": 0.001089, "bid": 0.00107}, "NFT/USDT": {"last": 3.559e-07, "ask": 3.589e-07, "bid": 3.559e-07}, "DEFY/USDT": {"last": 0.004051, "ask": 0.004071, "bid": 0.004051}, "PRIMAL/USDT": {"last": 0.00245, "ask": 0.002518, "bid": 0.002459}, "CO/USDT": {"last": 0.008961, "ask": 0.008962, "bid": 0.008961}, "MIX/USDT": {"last": 0.002141, "ask": 0.002141, "bid": 0.0021}, "HVH/USDT": {"last": 0.0279, "ask": 0.02803, "bid": 0.02732}, "LUNC/USDT": {"last": 8.981e-05, "ask": 8.984e-05, "bid": 8.981e-05}, "DICE/USDT": {"last": 0.03539, "ask": 0.03539, "bid": 0.03491}, "MBS/USDT": {"last": 0.043406, "ask": 0.043301, "bid": 0.043053}, "STRM/USDT": {"last": 0.0123, "ask": 0.0123, "bid": 0.012246}, "DOT3S/USDT": {"last": 2.4485, "ask": 2.4476, "bid": 2.4404}, "SRM/USDT": {"last": 0.0773, "ask": 0.0776, "bid": 0.0774}, "OKG/USDT": {"last": 0.002541, "ask": 0.00257, "bid": 0.00254}, "PSG/USDT": {"last": 4.6987, "ask": 4.7395, "bid": 4.6987}, "VINU/USDT": {"last": 9.98e-09, "ask": 1e-08, "bid": 9.98e-09}, "WEMIX/USDT": {"last": 0.7326, "ask": 0.7328, "bid": 0.7306}, "CRAFT/USDT": {"last": 0.005436, "ask": 0.005463, "bid": 0.005436}, "FB/USDT": {"last": 1.121, "ask": 1.125, "bid": 1.112}, "TEL/USDT": {"last": 0.001698, "ask": 0.001759, "bid": 0.001604}, "GODS/USDT": {"last": 0.16892, "ask": 0.17053, "bid": 0.16892}, "SAND2L/USDT": {"last": 1.0151, "ask": 1.0153, "bid": 1.0118}, "VPAD/USDT": {"last": 0.02849, "ask": 0.0285, "bid": 0.02849}, "SOLO/USDT": {"last": 0.121, "ask": 0.1215, "bid": 0.121}, "STETH/USDT": {"last": 1780.87, "ask": 1780.33, "bid": 1777.66}, "XDC/USDT": {"last": 0.03328, "ask": 0.03332, "bid": 0.03326}, "MMC/USDT": {"last": 0.047119, "ask": 0.047923, "bid": 0.04561}, "CEL/USDT": {"last": 0.2111, "ask": 0.2121, "bid": 0.2108}, "EOS2S/USDT": {"last": 8.0221, "ask": 8.0223, "bid": 7.9796}, "LING/USDT": {"last": 0.003187, "ask": 0.003199, "bid": 0.003101}, "ETH3L/USDT": {"last": 1.1641, "ask": 1.1631, "bid": 1.1611}, "DAI/USDT": {"last": 0.9995, "ask": 0.9995, "bid": 0.9994}, "GALFT/USDT": {"last": 4.01104, "ask": 4.01111, "bid": 3.93835}, "SHIB/USDT": {"last": 8.7477e-06, "ask": 8.7452e-06, "bid": 8.7447e-06}, "LINK2L/USDT": {"last": 4.2729, "ask": 4.2731, "bid": 4.2627}, "MELOS/USDT": {"last": 0.005698, "ask": 0.005758, "bid": 0.005699}, "CITY/USDT": {"last": 5.4125, "ask": 5.4125, "bid": 5.3694}, "SAND2S/USDT": {"last": 3.2013, "ask": 3.2165, "bid": 3.205}, "BONK/USDT": {"last": 3.745e-07, "ask": 3.736e-07, "bid": 3.725e-07}, "GGM/USDT": {"last": 0.005165, "ask": 0.00518, "bid": 0.005103}, "XYM/USDT": {"last": 0.02888, "ask": 0.02927, "bid": 0.02892}, "AZY/USDT": {"last": 0.01059, "ask": 0.01068, "bid": 0.01046}, "KASTA/USDT": {"last": 0.01769, "ask": 0.01774, "bid": 0.0176}, "TON/USDT": {"last": 1.8175, "ask": 1.8174, "bid": 1.8155}, "USTC/USDT": {"last": 0.01486, "ask": 0.01486, "bid": 0.01481}, "ROND/USDT": {"last": 0.004385, "ask": 0.004471, "bid": 0.004389}, "CWAR/USDT": {"last": 0.0106, "ask": 0.01089, "bid": 0.01064}, "HERO/USDT": {"last": 0.003137, "ask": 0.003217, "bid": 0.003131}, "LADYS/USDT": {"last": 5.31e-08, "ask": 5.33e-08, "bid": 5.29e-08}, "FTM2L/USDT": {"last": 4.3911, "ask": 4.3809, "bid": 4.3693}, "ERTHA/USDT": {"last": 0.002493, "ask": 0.002497, "bid": 0.002447}, "POKT/USDT": {"last": 0.041, "ask": 0.041, "bid": 0.04082}, "APE2S/USDT": {"last": 3.1422, "ask": 3.1404, "bid": 3.1322}, "ETC2L/USDT": {"last": 1.8571, "ask": 1.8626, "bid": 1.8558}, "PLT/USDT": {"last": 0.06703, "ask": 0.06734, "bid": 0.06703}, "ACS/USDT": {"last": 0.0040322, "ask": 0.0040411, "bid": 0.0040316}, "EOS2L/USDT": {"last": 2.6281, "ask": 2.6278, "bid": 2.6147}, "MX/USDT": {"last": 2.6011, "ask": 2.6154, "bid": 2.6011},