{"NKN/USDT": {"last": 0.093706, "ask": 0.093439, "bid": 0.093649}, "SENSO/USDT": {"last": 0.059483, "ask": 0.059273, "bid": 0.059693}, "ALICE/USDT": {"last": 1.223, "ask": 1.223, "bid": 1.225}, "LINA/USDT": {"last": 0.009591, "ask": 0.009587, "bid": 0.009601}, "ETC/USDT": {"last": 18.1177, "ask": 18.1202, "bid": 18.1236}, "RUNE/USDT": {"last": 1.1716, "ask": 1.1718, "bid": 1.1723}, "ASTR/USDT": {"last": 0.0509, "ask": 0.05093, "bid": 0.05103}, "BCH/USDT": {"last": 114.8, "ask": 114.8, "bid": 114.88}, "KAVA/USDT": {"last": 0.9156, "ask": 0.9152, "bid": 0.9165}, "APT/USDT": {"last": 8.2117, "ask": 8.2118, "bid": 8.2166}, "TRX/USDT": {"last": 0.068609, "ask": 0.068609, "bid": 0.068612}, "CELO/USDT": {"last": 0.5167, "ask": 0.5161, "bid": 0.5173}, "SAND/USDT": {"last": 0.49797, "ask": 0.49782, "bid": 0.49798}, "KLAY/USDT": {"last": 0.186, "ask": 0.1857, "bid": 0.186}, "SUN/USDT": {"last": 0.0053495, "ask": 0.0053497, "bid": 0.0053545}, "DERO/USDT": {"last": 5.85305, "ask": 5.85305, "bid": 5.8846}, "LDO/USDT": {"last": 1.8832, "ask": 1.8836, "bid": 1.8847}, "WOM/USDT": {"last": 0.020322, "ask": 0.020257, "bid": 0.02044}, "NUM/USDT": {"last": 0.02914, "ask": 0.02904, "bid": 0.02927}, "TON/USDT": {"last": 1.8151, "ask": 1.8151, "bid": 1.816}, "AAVE/USDT": {"last": 62.388, "ask": 62.327, "bid": 62.348}, "ELA/USDT": {"last": 1.201, "ask": 1.1994, "bid": 1.2014}, "DOGE/USDT": {"last": 0.07152, "ask": 0.07149, "bid": 0.0715}, "BICO/USDT": {"last": 0.3072, "ask": 0.3078, "bid": 0.3084}, "PRE/USDT": {"last": 0.047212, "ask": 0.047211, "bid": 0.047423}, "ENS/USDT": {"last": 10.274, "ask": 10.259, "bid": 10.274}, "LPT/USDT": {"last": 4.7717, "ask": 4.75, "bid": 4.7629}, "TLOS/USDT": {"last": 0.172, "ask": 0.17171, "bid": 0.172}, "USDD/USDT": {"last": 0.9992, "ask": 0.9991, "bid": 0.9992}, "NEO/USDT": {"last": 8.9942, "ask": 8.9893, "bid": 8.9933}, "USDC/USDT": {"last": 0.99953, "ask": 0.99953, "bid": 0.99954}, "DOT/USDT": {"last": 5.284, "ask": 5.2872, "bid": 5.2883}, "AZERO/USDT": {"last": 1.1091, "ask": 1.1065, "bid": 1.1092}, "EOS/USDT": {"last": 0.8648, "ask": 0.8646, "bid": 0.8649}, "UOS/USDT": {"last": 0.20139, "ask": 0.20124, "bid": 0.20143}, "GMX/USDT": {"last": 60.609, "ask": 60.605, "bid": 60.6476}, "POLS/USDT": {"last": 0.3614, "ask": 0.3611, "bid": 0.3616}, "IOST/USDT": {"last": 0.009205, "ask": 0.009239, "bid": 0.009253}, "TVK/USDT": {"last": 0.03254, "ask": 0.03263, "bid": 0.03274}, "AMB/USDT": {"last": 0.00973, "ask": 0.00971, "bid": 0.00973}, "BTC/USDT": {"last": 26550.7, "ask": 26548.5, "bid": 26548.6}, "OCEAN/USDT": {"last": 0.332, "ask": 0.3319, "bid": 0.3322}, "CETUS/USDT": {"last": 0.11445, "ask": 0.11403, "bid": 0.11445}, "APE/USDT": {"last": 3.2715, "ask": 3.276, "bid": 3.2764}, "ID/USDT": {"last": 0.47036, "ask": 0.46984, "bid": 0.4707}, "ADA/USDT": {"last": 0.361947, "ask": 0.362094, "bid": 0.362175}, "HNT/USDT": {"last": 1.348, "ask": 1.348, "bid": 1.354}, "ALPHA/USDT": {"last": 0.09918, "ask": 0.09896, "bid": 0.09922}, "CFX/USDT": {"last": 0.241593, "ask": 0.241775, "bid": 0.241828}, "SRM/USDT": {"last": 0.0774, "ask": 0.0773, "bid": 0.0775}, "ERN/USDT": {"last": 1.744, "ask": 1.7439, "bid": 1.7452}, "PEPE/USDT": {"last": 1.551e-06, "ask": 1.55e-06, "bid": 1.551e-06}, "ARX/USDT": {"last": 0.00207, "ask": 0.002071, "bid": 0.00208}, "CLV/USDT": {"last": 0.04631, "ask": 0.04633, "bid": 0.04643}, "MAP/USDT": {"last": 0.0129, "ask": 0.012896, "bid": 0.012906}, "BTT/USDT": {"last": 5.954e-07, "ask": 5.952e-07, "bid": 5.966e-07}, "ZEC/USDT": {"last": 32.499, "ask": 32.494, "bid": 32.496}, "SYLO/USDT": {"last": 0.001623, "ask": 0.00162, "bid": 0.001625}, "SPA/USDT": {"last": 0.007915, "ask": 0.007915, "bid": 0.007924}, "ICX/USDT": {"last": 0.2484, "ask": 0.2477, "bid": 0.2482}, "AGIX/USDT": {"last": 0.24653, "ask": 0.24652, "bid": 0.2466}, "JASMY/USDT": {"last": 0.004855, "ask": 0.004858, "bid": 0.00486}, "WIN/USDT": {"last": 7.492e-05, "ask": 7.479e-05, "bid": 7.492e-05}, "SXP/USDT": {"last": 0.4333, "ask": 0.4337, "bid": 0.434}, "TEL/USDT": {"last": 0.00174499, "ask": 0.00173914, "bid": 0.00174498}, "HEART/USDT": {"last": 0.015185, "ask": 0.015098, "bid": 0.015229}, "NYM/USDT": {"last": 0.1719, "ask": 0.1726, "bid": 0.1736}, "LTO/USDT": {"last": 0.08444, "ask": 0.08421, "bid": 0.08445}, "RPL/USDT": {"last": 45.83, "ask": 45.89, "bid": 45.96}, "REN/USDT": {"last": 0.07463, "ask": 0.07462, "bid": 0.07473}, "BLUR/USDT": {"last": 0.4755, "ask": 0.4755, "bid": 0.4758}, "LUNC/USDT": {"last": 9e-05, "ask": 8.999e-05, "bid": 9.003e-05}, "SHILL/USDT": {"last": 0.01113, "ask": 0.01112, "bid": 0.01114}, "DAG/USDT": {"last": 0.035634, "ask": 0.035663, "bid": 0.035709}, "STG/USDT": {"last": 0.6045, "ask": 0.6043, "bid": 0.6048}, "XMR/USDT": {"last": 151.78, "ask": 151.85, "bid": 151.86}, "POLC/USDT": {"last": 0.01623, "ask": 0.01617, "bid": 0.01629}, "ZEN/USDT": {"last": 8.191, "ask": 8.184, "bid": 8.197}, "FTM/USDT": {"last": 0.36681, "ask": 0.36702, "bid": 0.3671}, "ZCX/USDT": {"last": 0.06754, "ask": 0.0671, "bid": 0.06759}, "CKB/USDT": {"last": 0.003096, "ask": 0.003093, "bid": 0.003102}, "MAGIC/USDT": {"last": 0.8488, "ask": 0.8484, "bid": 0.8494}, "MTL/USDT": {"last": 1.0051, "ask": 1.0002, "bid": 1.003}, "DYDX/USDT": {"last": 2.09, "ask": 2.0907, "bid": 2.092}, "1EARTH/USDT": {"last": 0.00191372, "ask": 0.00190849, "bid": 0.00192091}, "REQ/USDT": {"last": 0.08952, "ask": 0.08936, "bid": 0.08961}, "SUKU/USDT": {"last": 0.05967, "ask": 0.05939, "bid": 0.05967}, "DAO/USDT": {"last": 1.47767, "ask": 1.47737, "bid": 1.47754}, "BOSON/USDT": {"last": 0.1737, "ask": 0.1732, "bid": 0.1737}, "GODS/USDT": {"last": 0.1702, "ask": 0.17, "bid": 0.1702}, "XPR/USDT": {"last": 0.001001, "ask": 0.001001, "bid": 0.001002}, "LOKI/USDT": {"last": 0.11469, "ask": 0.11397, "bid": 0.11477}, "FXS/USDT": {"last": 6.432, "ask": 6.427, "bid": 6.431}, "XRD/USDT": {"last": 0.07387, "ask": 0.07387, "bid": 0.07389}, "RLC/USDT": {"last": 1.5196, "ask": 1.5116, "bid": 1.5159}, "FTT/USDT": {"last": 1.091, "ask": 1.089, "bid": 1.091}, "FITFI/USDT": {"last": 0.00587, "ask": 0.00588, "bid": 0.00589}, "BCHSV/USDT": {"last": 34.736, "ask": 34.701, "bid": 34.736}, "SNX/USDT": {"last": 2.04221, "ask": 2.039513, "bid": 2.041751}, "AIOZ/USDT": {"last": 0.0173, "ask": 0.01707, "bid": 0.0173}, "ATOM/USDT": {"last": 11.0279, "ask": 11.0283, "bid": 11.0308}, "MANA/USDT": {"last": 0.45049, "ask": 0.45049, "bid": 0.45066}, "AUDIO/USDT": {"last": 0.2315, "ask": 0.2309, "bid": 0.2312}, "KSM/USDT": {"last": 24.8745, "ask": 24.876, "bid": 24.8923}, "ETH/USDT": {"last": 1794.51, "ask": 1794.5, "bid": 1794.51}, "STORJ/USDT": {"last": 0.3009, "ask": 0.3019, "bid": 0.3027}, "GALAX/USDT": {"last": 0.02981, "ask": 0.02981, "bid": 0.02983}, "BURGER/USDT": {"last": 0.4644, "ask": 0.4629, "bid": 0.4648}, "PEOPLE/USDT": {"last": 0.01772, "ask": 0.0177, "bid": 0.01773}, "CWEB/USDT": {"last": 0.02713, "ask": 0.02712, "bid": 0.02713}, "FLOW/USDT": {"last": 0.7483, "ask": 0.748, "bid": 0.7489}, "SUPER/USDT": {"last": 0.12633, "ask": 0.12633, "bid": 0.12658}, "IMX/USDT": {"last": 0.7448, "ask": 0.7448, "bid": 0.7453}, "CREAM/USDT": {"last": 17.419, "ask": 17.42, "bid": 17.494}, "GARI/USDT": {"last": 0.05191, "ask": 0.05191, "bid": 0.05195}, "VRA/USDT": {"last": 0.00450217, "ask": 0.00450189, "bid": 0.00450447}, "WAX/USDT": {"last": 0.05596, "ask": 0.05569, "bid": 0.05596}, "DEXE/USDT": {"last": 2.585, "ask": 2.585, "bid": 2.5997}, "SDAO/USDT": {"last": 0.3222, "ask": 0.3218, "bid": 0.3224}, "1INCH/USDT": {"last": 0.41083, "ask": 0.41043, "bid": 0.41082}, "PERP/USDT": {"last": 0.6137, "ask": 0.6128, "bid": 0.6139}, "ANT/USDT": {"last": 3.1531, "ask": 3.1464, "bid": 3.151}, "CAKE/USDT": {"last": 1.8, "ask": 1.8, "bid": 1.801}, "NWC/USDT": {"last": 0.081162, "ask": 0.080534, "bid": 0.081113}, "DAR/USDT": {"last": 0.1317, "ask": 0.1318, "bid": 0.1321}, "GAL/USDT": {"last": 1.438, "ask": 1.435, "bid": 1.437}, "ONE/USDT": {"last": 0.015827, "ask": 0.015819, "bid": 0.015827}, "MASK/USDT": {"last": 3.656, "ask": 3.6501,