{"NKN/USDT": {"last": 0.093737, "ask": 0.093623, "bid": 0.0938}, "SENSO/USDT": {"last": 0.059207, "ask": 0.058992, "bid": 0.059422}, "ALICE/USDT": {"last": 1.227, "ask": 1.226, "bid": 1.227}, "LINA/USDT": {"last": 0.009671, "ask": 0.009663, "bid": 0.009679}, "ETC/USDT": {"last": 18.1986, "ask": 18.1825, "bid": 18.1899}, "RUNE/USDT": {"last": 1.1763, "ask": 1.1762, "bid": 1.1767}, "ASTR/USDT": {"last": 0.05125, "ask": 0.05118, "bid": 0.05124}, "BCH/USDT": {"last": 114.97, "ask": 114.86, "bid": 114.93}, "KAVA/USDT": {"last": 0.9158, "ask": 0.9139, "bid": 0.9144}, "APT/USDT": {"last": 8.2075, "ask": 8.2039, "bid": 8.2083}, "TRX/USDT": {"last": 0.068691, "ask": 0.068674, "bid": 0.068679}, "CELO/USDT": {"last": 0.5188, "ask": 0.5173, "bid": 0.5182}, "SAND/USDT": {"last": 0.49929, "ask": 0.49947, "bid": 0.49965}, "KLAY/USDT": {"last": 0.1864, "ask": 0.1862, "bid": 0.1864}, "SUN/USDT": {"last": 0.0053727, "ask": 0.0053644, "bid": 0.0053728}, "DERO/USDT": {"last": 5.91548, "ask": 5.91548, "bid": 5.93982}, "LDO/USDT": {"last": 1.8982, "ask": 1.8966, "bid": 1.8982}, "WOM/USDT": {"last": 0.020373, "ask": 0.020354, "bid": 0.020435}, "NUM/USDT": {"last": 0.02932, "ask": 0.0293, "bid": 0.02937}, "TON/USDT": {"last": 1.8327, "ask": 1.8316, "bid": 1.8327}, "AAVE/USDT": {"last": 62.388, "ask": 62.388, "bid": 62.415}, "ELA/USDT": {"last": 1.2022, "ask": 1.2017, "bid": 1.2028}, "DOGE/USDT": {"last": 0.07176, "ask": 0.07178, "bid": 0.0718}, "BICO/USDT": {"last": 0.3112, "ask": 0.3088, "bid": 0.3098}, "PRE/USDT": {"last": 0.047108, "ask": 0.047122, "bid": 0.04728}, "ENS/USDT": {"last": 10.316, "ask": 10.299, "bid": 10.316}, "LPT/USDT": {"last": 4.7927, "ask": 4.7671, "bid": 4.7829}, "TLOS/USDT": {"last": 0.172, "ask": 0.17158, "bid": 0.172}, "USDD/USDT": {"last": 0.9993, "ask": 0.9992, "bid": 0.9993}, "NEO/USDT": {"last": 9.0446, "ask": 9.0236, "bid": 9.0292}, "USDC/USDT": {"last": 0.99954, "ask": 0.99953, "bid": 0.99954}, "DOT/USDT": {"last": 5.2948, "ask": 5.2948, "bid": 5.2964}, "AZERO/USDT": {"last": 1.1139, "ask": 1.111, "bid": 1.1139}, "EOS/USDT": {"last": 0.8683, "ask": 0.868, "bid": 0.8684}, "UOS/USDT": {"last": 0.20026, "ask": 0.20055, "bid": 0.20114}, "GMX/USDT": {"last": 60.9405, "ask": 60.9297, "bid": 60.9925}, "POLS/USDT": {"last": 0.3639, "ask": 0.3614, "bid": 0.3639}, "IOST/USDT": {"last": 0.009296, "ask": 0.009265, "bid": 0.009286}, "TVK/USDT": {"last": 0.0329, "ask": 0.03275, "bid": 0.03284}, "AMB/USDT": {"last": 0.00977, "ask": 0.00976, "bid": 0.00978}, "BTC/USDT": {"last": 26637.0, "ask": 26636.9, "bid": 26637.0}, "OCEAN/USDT": {"last": 0.3338, "ask": 0.3334, "bid": 0.3337}, "CETUS/USDT": {"last": 0.11476, "ask": 0.11438, "bid": 0.11477}, "APE/USDT": {"last": 3.2878, "ask": 3.2941, "bid": 3.295}, "ID/USDT": {"last": 0.47466, "ask": 0.475, "bid": 0.47585}, "ADA/USDT": {"last": 0.363575, "ask": 0.363633, "bid": 0.363694}, "HNT/USDT": {"last": 1.366, "ask": 1.366, "bid": 1.371}, "ALPHA/USDT": {"last": 0.09992, "ask": 0.09965, "bid": 0.09991}, "CFX/USDT": {"last": 0.243703, "ask": 0.243899, "bid": 0.244077}, "SRM/USDT": {"last": 0.0774, "ask": 0.0774, "bid": 0.0777}, "ERN/USDT": {"last": 1.7505, "ask": 1.7513, "bid": 1.7546}, "PEPE/USDT": {"last": 1.551e-06, "ask": 1.55e-06, "bid": 1.553e-06}, "ARX/USDT": {"last": 0.002074, "ask": 0.002069, "bid": 0.002074}, "CLV/USDT": {"last": 0.04634, "ask": 0.04644, "bid": 0.04658}, "MAP/USDT": {"last": 0.013002, "ask": 0.012995, "bid": 0.013003}, "BTT/USDT": {"last": 5.958e-07, "ask": 5.958e-07, "bid": 5.962e-07}, "ZEC/USDT": {"last": 32.569, "ask": 32.547, "bid": 32.565}, "SYLO/USDT": {"last": 0.001626, "ask": 0.001621, "bid": 0.001626}, "SPA/USDT": {"last": 0.008022, "ask": 0.008007, "bid": 0.008024}, "ICX/USDT": {"last": 0.2496, "ask": 0.2494, "bid": 0.2501}, "AGIX/USDT": {"last": 0.24827, "ask": 0.24803, "bid": 0.24822}, "JASMY/USDT": {"last": 0.004884, "ask": 0.004886, "bid": 0.004888}, "WIN/USDT": {"last": 7.511e-05, "ask": 7.503e-05, "bid": 7.51e-05}, "SXP/USDT": {"last": 0.4344, "ask": 0.434, "bid": 0.4343}, "TEL/USDT": {"last": 0.00174006, "ask": 0.00174006, "bid": 0.00174376}, "HEART/USDT": {"last": 0.015128, "ask": 0.015077, "bid": 0.015196}, "NYM/USDT": {"last": 0.1719, "ask": 0.1731, "bid": 0.1736}, "LTO/USDT": {"last": 0.08468, "ask": 0.08443, "bid": 0.08469}, "RPL/USDT": {"last": 46.11, "ask": 46.12, "bid": 46.28}, "REN/USDT": {"last": 0.0751, "ask": 0.07507, "bid": 0.07516}, "BLUR/USDT": {"last": 0.4767, "ask": 0.4767, "bid": 0.477}, "LUNC/USDT": {"last": 9.036e-05, "ask": 9.037e-05, "bid": 9.04e-05}, "SHILL/USDT": {"last": 0.01107, "ask": 0.01106, "bid": 0.01111}, "DAG/USDT": {"last": 0.035884, "ask": 0.035884, "bid": 0.035944}, "STG/USDT": {"last": 0.6089, "ask": 0.6064, "bid": 0.607}, "XMR/USDT": {"last": 152.11, "ask": 152.02, "bid": 152.07}, "POLC/USDT": {"last": 0.01623, "ask": 0.0162, "bid": 0.01623}, "ZEN/USDT": {"last": 8.214, "ask": 8.2, "bid": 8.22}, "FTM/USDT": {"last": 0.36934, "ask": 0.3694, "bid": 0.36948}, "ZCX/USDT": {"last": 0.0677, "ask": 0.0671, "bid": 0.06771}, "CKB/USDT": {"last": 0.003104, "ask": 0.003104, "bid": 0.003109}, "MAGIC/USDT": {"last": 0.8534, "ask": 0.852, "bid": 0.8535}, "MTL/USDT": {"last": 1.0194, "ask": 1.0121, "bid": 1.0139}, "DYDX/USDT": {"last": 2.1014, "ask": 2.1018, "bid": 2.1029}, "1EARTH/USDT": {"last": 0.00195366, "ask": 0.00194593, "bid": 0.00196128}, "REQ/USDT": {"last": 0.08976, "ask": 0.08966, "bid": 0.08984}, "SUKU/USDT": {"last": 0.05955, "ask": 0.05955, "bid": 0.05984}, "DAO/USDT": {"last": 1.47096, "ask": 1.47096, "bid": 1.47136}, "BOSON/USDT": {"last": 0.1737, "ask": 0.1732, "bid": 0.1737}, "GODS/USDT": {"last": 0.1705, "ask": 0.1704, "bid": 0.1705}, "XPR/USDT": {"last": 0.001006, "ask": 0.001006, "bid": 0.001007}, "LOKI/USDT": {"last": 0.11493, "ask": 0.11491, "bid": 0.11529}, "FXS/USDT": {"last": 6.448, "ask": 6.446, "bid": 6.452}, "XRD/USDT": {"last": 0.07456, "ask": 0.07456, "bid": 0.07457}, "RLC/USDT": {"last": 1.5181, "ask": 1.5121, "bid": 1.5149}, "FTT/USDT": {"last": 1.108, "ask": 1.107, "bid": 1.111}, "FITFI/USDT": {"last": 0.00597, "ask": 0.00598, "bid": 0.00599}, "BCHSV/USDT": {"last": 35.062, "ask": 35.034, "bid": 35.063}, "SNX/USDT": {"last": 2.052726, "ask": 2.048043, "bid": 2.049969}, "AIOZ/USDT": {"last": 0.01757, "ask": 0.01738, "bid": 0.01757}, "ATOM/USDT": {"last": 11.0561, "ask": 11.0572, "bid": 11.0603}, "MANA/USDT": {"last": 0.45061, "ask": 0.45064, "bid": 0.45091}, "AUDIO/USDT": {"last": 0.2321, "ask": 0.2319, "bid": 0.2321}, "KSM/USDT": {"last": 24.9766, "ask": 24.9545, "bid": 24.9665}, "ETH/USDT": {"last": 1801.08, "ask": 1801.07, "bid": 1801.08}, "STORJ/USDT": {"last": 0.3048, "ask": 0.3031, "bid": 0.3037}, "GALAX/USDT": {"last": 0.02986, "ask": 0.02985, "bid": 0.02986}, "BURGER/USDT": {"last": 0.4633, "ask": 0.4641, "bid": 0.4648}, "PEOPLE/USDT": {"last": 0.01786, "ask": 0.01779, "bid": 0.01783}, "CWEB/USDT": {"last": 0.02711, "ask": 0.0271, "bid": 0.02711}, "FLOW/USDT": {"last": 0.7497, "ask": 0.7493, "bid": 0.7498}, "SUPER/USDT": {"last": 0.12652, "ask": 0.1265, "bid": 0.12687}, "IMX/USDT": {"last": 0.7487, "ask": 0.7478, "bid": 0.7487}, "CREAM/USDT": {"last": 17.425, "ask": 17.435, "bid": 17.494}, "GARI/USDT": {"last": 0.05166, "ask": 0.05148, "bid": 0.05166}, "VRA/USDT": {"last": 0.00453639, "ask": 0.00453638, "bid": 0.00454054}, "WAX/USDT": {"last": 0.05599, "ask": 0.0559, "bid": 0.05602}, "DEXE/USDT": {"last": 2.6227, "ask": 2.6144, "bid": 2.624}, "SDAO/USDT": {"last": 0.3243, "ask": 0.324, "bid": 0.3245}, "1INCH/USDT": {"last": 0.41139, "ask": 0.41126, "bid": 0.41131}, "PERP/USDT": {"last": 0.615, "ask": 0.6145, "bid": 0.6153}, "ANT/USDT": {"last": 3.162, "ask": 3.162, "bid": 3.167}, "CAKE/USDT": {"last": 1.804, "ask": 1.803, "bid": 1.804}, "NWC/USDT": {"last": 0.080097, "ask": 0.080084, "bid": 0.080097}, "DAR/USDT": {"last": 0.1329, "ask": 0.1323, "bid": 0.1326}, "GAL/USDT": {"last": 1.447, "ask": 1.442, "bid": 1.445}, "ONE/USDT": {"last": 0.015879, "ask": 0.015875, "bid": 0.015883},