{"NKN/USDT": {"last": 0.09173, "ask": 0.091587, "bid": 0.091828}, "SENSO/USDT": {"last": 0.058892, "ask": 0.058618, "bid": 0.05916}, "ALICE/USDT": {"last": 1.2, "ask": 1.199, "bid": 1.2}, "LINA/USDT": {"last": 0.00933, "ask": 0.009322, "bid": 0.009339}, "ETC/USDT": {"last": 17.9045, "ask": 17.8828, "bid": 17.8923}, "RUNE/USDT": {"last": 1.1569, "ask": 1.1558, "bid": 1.1567}, "ASTR/USDT": {"last": 0.05003, "ask": 0.04987, "bid": 0.05003}, "BCH/USDT": {"last": 113.61, "ask": 113.54, "bid": 113.61}, "KAVA/USDT": {"last": 0.9089, "ask": 0.9068, "bid": 0.9084}, "APT/USDT": {"last": 8.0074, "ask": 8.001, "bid": 8.0074}, "TRX/USDT": {"last": 0.068597, "ask": 0.068608, "bid": 0.068619}, "CELO/USDT": {"last": 0.5085, "ask": 0.5076, "bid": 0.5081}, "SAND/USDT": {"last": 0.48767, "ask": 0.4876, "bid": 0.48781}, "KLAY/USDT": {"last": 0.184, "ask": 0.1837, "bid": 0.184}, "SUN/USDT": {"last": 0.0053227, "ask": 0.0053141, "bid": 0.0053254}, "DERO/USDT": {"last": 5.8024, "ask": 5.76091, "bid": 5.8024}, "LDO/USDT": {"last": 1.8394, "ask": 1.838, "bid": 1.84}, "WOM/USDT": {"last": 0.020318, "ask": 0.020224, "bid": 0.020407}, "NUM/USDT": {"last": 0.02914, "ask": 0.029, "bid": 0.02931}, "TON/USDT": {"last": 1.7919, "ask": 1.7919, "bid": 1.7928}, "AAVE/USDT": {"last": 61.41, "ask": 61.412, "bid": 61.446}, "ELA/USDT": {"last": 1.2006, "ask": 1.1921, "bid": 1.202}, "DOGE/USDT": {"last": 0.07036, "ask": 0.07034, "bid": 0.07035}, "BICO/USDT": {"last": 0.3039, "ask": 0.3039, "bid": 0.3046}, "PRE/USDT": {"last": 0.045426, "ask": 0.045426, "bid": 0.04552}, "ENS/USDT": {"last": 10.186, "ask": 10.169, "bid": 10.186}, "LPT/USDT": {"last": 4.6471, "ask": 4.6671, "bid": 4.6828}, "TLOS/USDT": {"last": 0.17138, "ask": 0.17089, "bid": 0.17147}, "USDD/USDT": {"last": 0.9993, "ask": 0.9992, "bid": 0.9993}, "NEO/USDT": {"last": 8.8674, "ask": 8.8594, "bid": 8.8656}, "USDC/USDT": {"last": 0.99954, "ask": 0.99953, "bid": 0.99954}, "DOT/USDT": {"last": 5.1924, "ask": 5.1922, "bid": 5.1932}, "AZERO/USDT": {"last": 1.0941, "ask": 1.0941, "bid": 1.0966}, "EOS/USDT": {"last": 0.8558, "ask": 0.855, "bid": 0.8554}, "UOS/USDT": {"last": 0.20071, "ask": 0.2, "bid": 0.20062}, "GMX/USDT": {"last": 59.7953, "ask": 59.7381, "bid": 59.791}, "POLS/USDT": {"last": 0.3577, "ask": 0.3571, "bid": 0.3577}, "IOST/USDT": {"last": 0.009081, "ask": 0.009084, "bid": 0.009103}, "TVK/USDT": {"last": 0.0322, "ask": 0.0322, "bid": 0.0323}, "AMB/USDT": {"last": 0.00936, "ask": 0.00937, "bid": 0.00939}, "BTC/USDT": {"last": 26132.7, "ask": 26130.8, "bid": 26130.9}, "OCEAN/USDT": {"last": 0.3231, "ask": 0.3228, "bid": 0.3232}, "CETUS/USDT": {"last": 0.11029, "ask": 0.10921, "bid": 0.11029}, "APE/USDT": {"last": 3.2097, "ask": 3.2082, "bid": 3.2098}, "ID/USDT": {"last": 0.45169, "ask": 0.45191, "bid": 0.45262}, "ADA/USDT": {"last": 0.356848, "ask": 0.356962, "bid": 0.357082}, "HNT/USDT": {"last": 1.305, "ask": 1.303, "bid": 1.306}, "ALPHA/USDT": {"last": 0.09569, "ask": 0.09556, "bid": 0.09579}, "CFX/USDT": {"last": 0.232468, "ask": 0.232283, "bid": 0.232465}, "SRM/USDT": {"last": 0.0772, "ask": 0.0771, "bid": 0.0772}, "ERN/USDT": {"last": 1.715, "ask": 1.7125, "bid": 1.7181}, "PEPE/USDT": {"last": 1.423e-06, "ask": 1.421e-06, "bid": 1.423e-06}, "ARX/USDT": {"last": 0.002067, "ask": 0.002065, "bid": 0.002069}, "CLV/USDT": {"last": 0.0454, "ask": 0.04556, "bid": 0.0457}, "MAP/USDT": {"last": 0.012805, "ask": 0.0128, "bid": 0.012805}, "BTT/USDT": {"last": 5.924e-07, "ask": 5.916e-07, "bid": 5.924e-07}, "ZEC/USDT": {"last": 32.127, "ask": 32.08, "bid": 32.103}, "SYLO/USDT": {"last": 0.001615, "ask": 0.001614, "bid": 0.001615}, "SPA/USDT": {"last": 0.007771, "ask": 0.007747, "bid": 0.007795}, "ICX/USDT": {"last": 0.2428, "ask": 0.2424, "bid": 0.2429}, "AGIX/USDT": {"last": 0.23665, "ask": 0.23636, "bid": 0.23646}, "JASMY/USDT": {"last": 0.004841, "ask": 0.004837, "bid": 0.004841}, "WIN/USDT": {"last": 7.438e-05, "ask": 7.439e-05, "bid": 7.443e-05}, "SXP/USDT": {"last": 0.4253, "ask": 0.4247, "bid": 0.4251}, "TEL/USDT": {"last": 0.00170105, "ask": 0.00169801, "bid": 0.00170162}, "HEART/USDT": {"last": 0.015692, "ask": 0.015614, "bid": 0.015724}, "NYM/USDT": {"last": 0.1698, "ask": 0.1702, "bid": 0.1715}, "LTO/USDT": {"last": 0.08348, "ask": 0.08348, "bid": 0.08394}, "RPL/USDT": {"last": 45.1, "ask": 45.06, "bid": 45.18}, "REN/USDT": {"last": 0.07287, "ask": 0.07268, "bid": 0.07283}, "BLUR/USDT": {"last": 0.4565, "ask": 0.4561, "bid": 0.4564}, "LUNC/USDT": {"last": 8.81e-05, "ask": 8.81e-05, "bid": 8.811e-05}, "SHILL/USDT": {"last": 0.01115, "ask": 0.01114, "bid": 0.01115}, "DAG/USDT": {"last": 0.035122, "ask": 0.035108, "bid": 0.035122}, "STG/USDT": {"last": 0.5841, "ask": 0.5833, "bid": 0.5839}, "XMR/USDT": {"last": 151.61, "ask": 151.57, "bid": 151.62}, "POLC/USDT": {"last": 0.0161, "ask": 0.01612, "bid": 0.01624}, "ZEN/USDT": {"last": 8.086, "ask": 8.08, "bid": 8.092}, "FTM/USDT": {"last": 0.36104, "ask": 0.36073, "bid": 0.36098}, "ZCX/USDT": {"last": 0.06691, "ask": 0.06692, "bid": 0.0674}, "CKB/USDT": {"last": 0.003023, "ask": 0.003002, "bid": 0.003021}, "MAGIC/USDT": {"last": 0.8158, "ask": 0.8151, "bid": 0.8163}, "MTL/USDT": {"last": 0.9822, "ask": 0.9792, "bid": 0.982}, "DYDX/USDT": {"last": 2.055, "ask": 2.0468, "bid": 2.0482}, "1EARTH/USDT": {"last": 0.00185727, "ask": 0.00184955, "bid": 0.00186497}, "REQ/USDT": {"last": 0.08874, "ask": 0.08848, "bid": 0.08881}, "SUKU/USDT": {"last": 0.05932, "ask": 0.05932, "bid": 0.0595}, "DAO/USDT": {"last": 1.46167, "ask": 1.45864, "bid": 1.46166}, "BOSON/USDT": {"last": 0.1736, "ask": 0.173, "bid": 0.1735}, "GODS/USDT": {"last": 0.1673, "ask": 0.1672, "bid": 0.1677}, "XPR/USDT": {"last": 0.000981, "ask": 0.00098, "bid": 0.000981}, "LOKI/USDT": {"last": 0.11189, "ask": 0.1119, "bid": 0.11284}, "FXS/USDT": {"last": 6.291, "ask": 6.294, "bid": 6.3}, "XRD/USDT": {"last": 0.0715, "ask": 0.0715, "bid": 0.07153}, "RLC/USDT": {"last": 1.5, "ask": 1.4951, "bid": 1.5001}, "FTT/USDT": {"last": 1.074, "ask": 1.072, "bid": 1.074}, "FITFI/USDT": {"last": 0.00568, "ask": 0.00567, "bid": 0.00568}, "BCHSV/USDT": {"last": 34.3, "ask": 34.238, "bid": 34.368}, "SNX/USDT": {"last": 2.008935, "ask": 2.005111, "bid": 2.007721}, "AIOZ/USDT": {"last": 0.0168, "ask": 0.01681, "bid": 0.01696}, "ATOM/USDT": {"last": 10.9302, "ask": 10.9248, "bid": 10.927}, "MANA/USDT": {"last": 0.44089, "ask": 0.44061, "bid": 0.44086}, "AUDIO/USDT": {"last": 0.2261, "ask": 0.226, "bid": 0.2262}, "KSM/USDT": {"last": 24.4848, "ask": 24.4792, "bid": 24.49}, "ETH/USDT": {"last": 1769.77, "ask": 1769.38, "bid": 1769.39}, "STORJ/USDT": {"last": 0.2972, "ask": 0.2966, "bid": 0.2973}, "GALAX/USDT": {"last": 0.02881, "ask": 0.02878, "bid": 0.0288}, "BURGER/USDT": {"last": 0.4473, "ask": 0.4489, "bid": 0.4495}, "PEOPLE/USDT": {"last": 0.01729, "ask": 0.01727, "bid": 0.01729}, "CWEB/USDT": {"last": 0.02706, "ask": 0.02706, "bid": 0.02707}, "FLOW/USDT": {"last": 0.7371, "ask": 0.7374, "bid": 0.738}, "SUPER/USDT": {"last": 0.12437, "ask": 0.1244, "bid": 0.12468}, "IMX/USDT": {"last": 0.7218, "ask": 0.7214, "bid": 0.722}, "CREAM/USDT": {"last": 17.097, "ask": 17.098, "bid": 17.2}, "GARI/USDT": {"last": 0.05145, "ask": 0.05144, "bid": 0.05191}, "VRA/USDT": {"last": 0.00441755, "ask": 0.00441638, "bid": 0.00441755}, "WAX/USDT": {"last": 0.05468, "ask": 0.05462, "bid": 0.05468}, "DEXE/USDT": {"last": 2.5078, "ask": 2.5157, "bid": 2.5324}, "SDAO/USDT": {"last": 0.3222, "ask": 0.3223, "bid": 0.3224}, "1INCH/USDT": {"last": 0.40481, "ask": 0.40458, "bid": 0.40499}, "PERP/USDT": {"last": 0.5998, "ask": 0.5993, "bid": 0.6004}, "ANT/USDT": {"last": 3.1256, "ask": 3.1233, "bid": 3.1287}, "CAKE/USDT": {"last": 1.784, "ask": 1.782, "bid": 1.784}, "NWC/USDT": {"last": 0.080001, "ask": 0.080007, "bid": 0.081193}, "DAR/USDT": {"last": 0.1294, "ask": 0.1292, "bid": 0.1294}, "GAL/USDT": {"last": 1.406, "ask": 1.405, "bid": 1.407}, "ONE/USDT": {"last": 0.015564, "ask": 0.01554, "bid": 0.015563}, "MASK/USDT": {"last": 3.5679, "ask": 3.56,