{"NKN/USDT": {"last": 0.091923, "ask": 0.092223, "bid": 0.092319}, "SENSO/USDT": {"last": 0.057784, "ask": 0.05759, "bid": 0.057977}, "ALICE/USDT": {"last": 1.21, "ask": 1.209, "bid": 1.211}, "LINA/USDT": {"last": 0.009347, "ask": 0.00934, "bid": 0.009346}, "ETC/USDT": {"last": 17.9456, "ask": 17.9404, "bid": 17.9446}, "RUNE/USDT": {"last": 1.1617, "ask": 1.1607, "bid": 1.161}, "ASTR/USDT": {"last": 0.05012, "ask": 0.05006, "bid": 0.05012}, "BCH/USDT": {"last": 113.95, "ask": 113.84, "bid": 113.92}, "KAVA/USDT": {"last": 0.9148, "ask": 0.9146, "bid": 0.9148}, "APT/USDT": {"last": 8.0291, "ask": 8.0285, "bid": 8.0314}, "TRX/USDT": {"last": 0.068801, "ask": 0.068784, "bid": 0.068804}, "CELO/USDT": {"last": 0.5093, "ask": 0.5093, "bid": 0.5102}, "SAND/USDT": {"last": 0.49053, "ask": 0.49034, "bid": 0.49048}, "KLAY/USDT": {"last": 0.1842, "ask": 0.1842, "bid": 0.1843}, "SUN/USDT": {"last": 0.00534, "ask": 0.0053359, "bid": 0.0053431}, "DERO/USDT": {"last": 5.85984, "ask": 5.81552, "bid": 5.85984}, "LDO/USDT": {"last": 1.838, "ask": 1.8375, "bid": 1.8383}, "WOM/USDT": {"last": 0.020362, "ask": 0.020308, "bid": 0.020384}, "NUM/USDT": {"last": 0.02939, "ask": 0.02928, "bid": 0.02954}, "TON/USDT": {"last": 1.7903, "ask": 1.7902, "bid": 1.791}, "AAVE/USDT": {"last": 61.454, "ask": 61.422, "bid": 61.423}, "ELA/USDT": {"last": 1.2013, "ask": 1.2, "bid": 1.2026}, "DOGE/USDT": {"last": 0.07127, "ask": 0.07127, "bid": 0.07128}, "BICO/USDT": {"last": 0.3052, "ask": 0.3041, "bid": 0.3052}, "PRE/USDT": {"last": 0.045361, "ask": 0.045214, "bid": 0.045361}, "ENS/USDT": {"last": 10.179, "ask": 10.183, "bid": 10.197}, "LPT/USDT": {"last": 4.6871, "ask": 4.697, "bid": 4.7044}, "TLOS/USDT": {"last": 0.17144, "ask": 0.1711, "bid": 0.17142}, "USDD/USDT": {"last": 0.9991, "ask": 0.9991, "bid": 0.9992}, "NEO/USDT": {"last": 8.9133, "ask": 8.9035, "bid": 8.9074}, "USDC/USDT": {"last": 0.99954, "ask": 0.99953, "bid": 0.99954}, "DOT/USDT": {"last": 5.2466, "ask": 5.2443, "bid": 5.2448}, "AZERO/USDT": {"last": 1.1046, "ask": 1.1046, "bid": 1.1058}, "EOS/USDT": {"last": 0.8612, "ask": 0.8609, "bid": 0.8612}, "UOS/USDT": {"last": 0.20129, "ask": 0.20072, "bid": 0.20131}, "GMX/USDT": {"last": 59.9927, "ask": 60.0027, "bid": 60.0327}, "POLS/USDT": {"last": 0.361, "ask": 0.3596, "bid": 0.3612}, "IOST/USDT": {"last": 0.009174, "ask": 0.009154, "bid": 0.009171}, "TVK/USDT": {"last": 0.03241, "ask": 0.03244, "bid": 0.03253}, "AMB/USDT": {"last": 0.00936, "ask": 0.00933, "bid": 0.00936}, "BTC/USDT": {"last": 26340.1, "ask": 26340.0, "bid": 26340.1}, "OCEAN/USDT": {"last": 0.3207, "ask": 0.3206, "bid": 0.3208}, "CETUS/USDT": {"last": 0.11223, "ask": 0.11138, "bid": 0.11187}, "APE/USDT": {"last": 3.223, "ask": 3.2229, "bid": 3.2231}, "ID/USDT": {"last": 0.45067, "ask": 0.45037, "bid": 0.45049}, "ADA/USDT": {"last": 0.360233, "ask": 0.3601, "bid": 0.360101}, "HNT/USDT": {"last": 1.304, "ask": 1.303, "bid": 1.304}, "ALPHA/USDT": {"last": 0.09683, "ask": 0.09649, "bid": 0.09671}, "CFX/USDT": {"last": 0.239552, "ask": 0.239362, "bid": 0.239418}, "SRM/USDT": {"last": 0.0757, "ask": 0.0753, "bid": 0.0756}, "ERN/USDT": {"last": 1.7348, "ask": 1.7302, "bid": 1.7346}, "PEPE/USDT": {"last": 1.345e-06, "ask": 1.344e-06, "bid": 1.345e-06}, "ARX/USDT": {"last": 0.002068, "ask": 0.002063, "bid": 0.00208}, "CLV/USDT": {"last": 0.04594, "ask": 0.04601, "bid": 0.04613}, "MAP/USDT": {"last": 0.012956, "ask": 0.012908, "bid": 0.012953}, "BTT/USDT": {"last": 5.942e-07, "ask": 5.925e-07, "bid": 5.95e-07}, "ZEC/USDT": {"last": 32.18, "ask": 32.165, "bid": 32.175}, "SYLO/USDT": {"last": 0.001626, "ask": 0.001619, "bid": 0.001626}, "SPA/USDT": {"last": 0.007846, "ask": 0.007846, "bid": 0.007849}, "ICX/USDT": {"last": 0.2431, "ask": 0.2422, "bid": 0.2426}, "AGIX/USDT": {"last": 0.2372, "ask": 0.23703, "bid": 0.23714}, "JASMY/USDT": {"last": 0.004848, "ask": 0.004849, "bid": 0.004851}, "WIN/USDT": {"last": 7.459e-05, "ask": 7.454e-05, "bid": 7.46e-05}, "SXP/USDT": {"last": 0.4269, "ask": 0.4266, "bid": 0.4268}, "TEL/USDT": {"last": 0.001729, "ask": 0.00171947, "bid": 0.00172899}, "HEART/USDT": {"last": 0.016107, "ask": 0.016072, "bid": 0.016172}, "NYM/USDT": {"last": 0.1732, "ask": 0.1722, "bid": 0.1732}, "LTO/USDT": {"last": 0.08398, "ask": 0.08399, "bid": 0.08448}, "RPL/USDT": {"last": 44.98, "ask": 44.99, "bid": 45.14}, "REN/USDT": {"last": 0.07306, "ask": 0.07301, "bid": 0.07308}, "BLUR/USDT": {"last": 0.4539, "ask": 0.4539, "bid": 0.454}, "LUNC/USDT": {"last": 8.962e-05, "ask": 8.961e-05, "bid": 8.962e-05}, "SHILL/USDT": {"last": 0.01118, "ask": 0.01118, "bid": 0.01119}, "DAG/USDT": {"last": 0.035423, "ask": 0.035423, "bid": 0.035486}, "STG/USDT": {"last": 0.5875, "ask": 0.5859, "bid": 0.5866}, "XMR/USDT": {"last": 151.36, "ask": 151.34, "bid": 151.35}, "POLC/USDT": {"last": 0.01646, "ask": 0.01635, "bid": 0.01646}, "ZEN/USDT": {"last": 8.093, "ask": 8.093, "bid": 8.103}, "FTM/USDT": {"last": 0.36294, "ask": 0.36278, "bid": 0.3628}, "ZCX/USDT": {"last": 0.06798, "ask": 0.06747, "bid": 0.06799}, "CKB/USDT": {"last": 0.00304, "ask": 0.003038, "bid": 0.003044}, "MAGIC/USDT": {"last": 0.8161, "ask": 0.8145, "bid": 0.815}, "MTL/USDT": {"last": 0.9914, "ask": 0.9891, "bid": 0.9904}, "DYDX/USDT": {"last": 2.0465, "ask": 2.046, "bid": 2.0468}, "1EARTH/USDT": {"last": 0.00183303, "ask": 0.00183008, "bid": 0.001836}, "REQ/USDT": {"last": 0.08903, "ask": 0.08887, "bid": 0.08909}, "SUKU/USDT": {"last": 0.05938, "ask": 0.05944, "bid": 0.05952}, "DAO/USDT": {"last": 1.4483, "ask": 1.44796, "bid": 1.45099}, "BOSON/USDT": {"last": 0.1767, "ask": 0.1766, "bid": 0.1771}, "GODS/USDT": {"last": 0.1677, "ask": 0.1673, "bid": 0.1675}, "XPR/USDT": {"last": 0.000977, "ask": 0.000976, "bid": 0.000977}, "LOKI/USDT": {"last": 0.11259, "ask": 0.11268, "bid": 0.11367}, "FXS/USDT": {"last": 6.314, "ask": 6.305, "bid": 6.31}, "XRD/USDT": {"last": 0.07156, "ask": 0.07159, "bid": 0.0717}, "RLC/USDT": {"last": 1.4963, "ask": 1.4939, "bid": 1.4979}, "FTT/USDT": {"last": 1.08, "ask": 1.079, "bid": 1.081}, "FITFI/USDT": {"last": 0.0057, "ask": 0.00569, "bid": 0.0057}, "BCHSV/USDT": {"last": 34.345, "ask": 34.309, "bid": 34.345}, "SNX/USDT": {"last": 2.015637, "ask": 2.013299, "bid": 2.01465}, "AIOZ/USDT": {"last": 0.017, "ask": 0.01678, "bid": 0.017}, "ATOM/USDT": {"last": 10.8932, "ask": 10.8924, "bid": 10.8925}, "MANA/USDT": {"last": 0.44342, "ask": 0.44322, "bid": 0.44332}, "AUDIO/USDT": {"last": 0.2281, "ask": 0.228, "bid": 0.2281}, "KSM/USDT": {"last": 24.7503, "ask": 24.7358, "bid": 24.7497}, "ETH/USDT": {"last": 1771.62, "ask": 1771.42, "bid": 1771.43}, "STORJ/USDT": {"last": 0.2978, "ask": 0.2974, "bid": 0.2982}, "GALAX/USDT": {"last": 0.02873, "ask": 0.02873, "bid": 0.02874}, "BURGER/USDT": {"last": 0.4548, "ask": 0.4547, "bid": 0.455}, "PEOPLE/USDT": {"last": 0.0174, "ask": 0.01734, "bid": 0.01739}, "CWEB/USDT": {"last": 0.0271, "ask": 0.02709, "bid": 0.0271}, "FLOW/USDT": {"last": 0.7382, "ask": 0.7375, "bid": 0.7378}, "SUPER/USDT": {"last": 0.12546, "ask": 0.12526, "bid": 0.12565}, "IMX/USDT": {"last": 0.7259, "ask": 0.7259, "bid": 0.7262}, "CREAM/USDT": {"last": 16.997, "ask": 16.996, "bid": 17.088}, "GARI/USDT": {"last": 0.05157, "ask": 0.05155, "bid": 0.05197}, "VRA/USDT": {"last": 0.0044803, "ask": 0.0044781, "bid": 0.00447956}, "WAX/USDT": {"last": 0.05549, "ask": 0.05531, "bid": 0.05549}, "DEXE/USDT": {"last": 2.5271, "ask": 2.5271, "bid": 2.534}, "SDAO/USDT": {"last": 0.3243, "ask": 0.3241, "bid": 0.3244}, "1INCH/USDT": {"last": 0.40713, "ask": 0.40684, "bid": 0.40722}, "PERP/USDT": {"last": 0.6048, "ask": 0.6045, "bid": 0.6055}, "ANT/USDT": {"last": 3.111, "ask": 3.1051, "bid": 3.1103}, "CAKE/USDT": {"last": 1.793, "ask": 1.792, "bid": 1.794}, "NWC/USDT": {"last": 0.081306, "ask": 0.081293, "bid": 0.081319}, "DAR/USDT": {"last": 0.1299, "ask": 0.1296, "bid": 0.1298}, "GAL/USDT": {"last": 1.416, "ask": 1.411, "bid": 1.412}, "ONE/USDT": {"last": 0.015569, "ask": 0.015565, "bid": 0.015574}, "MASK/USDT": {"last": 3.5796,