{"NKN/USDT": {"last": 0.093222, "ask": 0.093101, "bid": 0.093336}, "SENSO/USDT": {"last": 0.059591, "ask": 0.05935, "bid": 0.059835}, "ALICE/USDT": {"last": 1.221, "ask": 1.219, "bid": 1.221}, "LINA/USDT": {"last": 0.009472, "ask": 0.009472, "bid": 0.009484}, "ETC/USDT": {"last": 18.0736, "ask": 18.0571, "bid": 18.0608}, "RUNE/USDT": {"last": 1.1686, "ask": 1.1666, "bid": 1.1672}, "ASTR/USDT": {"last": 0.05068, "ask": 0.05063, "bid": 0.05073}, "BCH/USDT": {"last": 114.47, "ask": 114.34, "bid": 114.44}, "KAVA/USDT": {"last": 0.9136, "ask": 0.912, "bid": 0.9135}, "APT/USDT": {"last": 8.222, "ask": 8.2036, "bid": 8.2094}, "TRX/USDT": {"last": 0.068624, "ask": 0.068623, "bid": 0.068624}, "CELO/USDT": {"last": 0.5155, "ask": 0.5139, "bid": 0.5153}, "SAND/USDT": {"last": 0.49619, "ask": 0.4958, "bid": 0.49588}, "KLAY/USDT": {"last": 0.1852, "ask": 0.1852, "bid": 0.1853}, "SUN/USDT": {"last": 0.0053479, "ask": 0.0053404, "bid": 0.0053515}, "DERO/USDT": {"last": 5.86, "ask": 5.86, "bid": 5.86348}, "LDO/USDT": {"last": 1.8958, "ask": 1.8924, "bid": 1.8933}, "WOM/USDT": {"last": 0.020344, "ask": 0.020255, "bid": 0.02044}, "NUM/USDT": {"last": 0.02904, "ask": 0.02905, "bid": 0.02927}, "TON/USDT": {"last": 1.8112, "ask": 1.8103, "bid": 1.8114}, "AAVE/USDT": {"last": 62.083, "ask": 61.985, "bid": 62.009}, "ELA/USDT": {"last": 1.2016, "ask": 1.2, "bid": 1.2026}, "DOGE/USDT": {"last": 0.07114, "ask": 0.07114, "bid": 0.07115}, "BICO/USDT": {"last": 0.3082, "ask": 0.3077, "bid": 0.3081}, "PRE/USDT": {"last": 0.04698, "ask": 0.046971, "bid": 0.047073}, "ENS/USDT": {"last": 10.223, "ask": 10.224, "bid": 10.24}, "LPT/USDT": {"last": 4.7501, "ask": 4.7382, "bid": 4.7527}, "TLOS/USDT": {"last": 0.172, "ask": 0.17152, "bid": 0.172}, "USDD/USDT": {"last": 0.9987, "ask": 0.9987, "bid": 0.9988}, "NEO/USDT": {"last": 8.968, "ask": 8.9627, "bid": 8.9682}, "USDC/USDT": {"last": 0.99954, "ask": 0.99953, "bid": 0.99954}, "DOT/USDT": {"last": 5.2512, "ask": 5.2512, "bid": 5.2517}, "AZERO/USDT": {"last": 1.1048, "ask": 1.1049, "bid": 1.1055}, "EOS/USDT": {"last": 0.8616, "ask": 0.8614, "bid": 0.8616}, "UOS/USDT": {"last": 0.20144, "ask": 0.20091, "bid": 0.20153}, "GMX/USDT": {"last": 60.3287, "ask": 60.2592, "bid": 60.2966}, "POLS/USDT": {"last": 0.3605, "ask": 0.3601, "bid": 0.3612}, "IOST/USDT": {"last": 0.009246, "ask": 0.009205, "bid": 0.009226}, "TVK/USDT": {"last": 0.03254, "ask": 0.03253, "bid": 0.03264}, "AMB/USDT": {"last": 0.00971, "ask": 0.00971, "bid": 0.00972}, "BTC/USDT": {"last": 26382.5, "ask": 26382.5, "bid": 26382.6}, "OCEAN/USDT": {"last": 0.3295, "ask": 0.3291, "bid": 0.3294}, "CETUS/USDT": {"last": 0.11328, "ask": 0.11327, "bid": 0.114}, "APE/USDT": {"last": 3.2485, "ask": 3.2465, "bid": 3.2473}, "ID/USDT": {"last": 0.46769, "ask": 0.46717, "bid": 0.4677}, "ADA/USDT": {"last": 0.360934, "ask": 0.360873, "bid": 0.360918}, "HNT/USDT": {"last": 1.333, "ask": 1.333, "bid": 1.34}, "ALPHA/USDT": {"last": 0.09836, "ask": 0.09801, "bid": 0.09823}, "CFX/USDT": {"last": 0.24, "ask": 0.240154, "bid": 0.240228}, "SRM/USDT": {"last": 0.0772, "ask": 0.0771, "bid": 0.0773}, "ERN/USDT": {"last": 1.7365, "ask": 1.734, "bid": 1.7357}, "PEPE/USDT": {"last": 1.521e-06, "ask": 1.521e-06, "bid": 1.522e-06}, "ARX/USDT": {"last": 0.002066, "ask": 0.002066, "bid": 0.00207}, "CLV/USDT": {"last": 0.04623, "ask": 0.04622, "bid": 0.0463}, "MAP/USDT": {"last": 0.01283, "ask": 0.012821, "bid": 0.012827}, "BTT/USDT": {"last": 5.944e-07, "ask": 5.944e-07, "bid": 5.96e-07}, "ZEC/USDT": {"last": 32.482, "ask": 32.402, "bid": 32.414}, "SYLO/USDT": {"last": 0.001614, "ask": 0.001614, "bid": 0.001616}, "SPA/USDT": {"last": 0.007911, "ask": 0.00788, "bid": 0.007899}, "ICX/USDT": {"last": 0.2482, "ask": 0.2472, "bid": 0.2479}, "AGIX/USDT": {"last": 0.24454, "ask": 0.24451, "bid": 0.24463}, "JASMY/USDT": {"last": 0.004902, "ask": 0.004901, "bid": 0.004903}, "WIN/USDT": {"last": 7.474e-05, "ask": 7.457e-05, "bid": 7.469e-05}, "SXP/USDT": {"last": 0.4348, "ask": 0.4347, "bid": 0.4349}, "TEL/USDT": {"last": 0.00172, "ask": 0.00171715, "bid": 0.00172}, "HEART/USDT": {"last": 0.015566, "ask": 0.015477, "bid": 0.015626}, "NYM/USDT": {"last": 0.1719, "ask": 0.1719, "bid": 0.173}, "LTO/USDT": {"last": 0.08406, "ask": 0.08405, "bid": 0.08445}, "RPL/USDT": {"last": 46.07, "ask": 45.96, "bid": 46.01}, "REN/USDT": {"last": 0.07438, "ask": 0.07414, "bid": 0.07426}, "BLUR/USDT": {"last": 0.4764, "ask": 0.4761, "bid": 0.4763}, "LUNC/USDT": {"last": 8.901e-05, "ask": 8.899e-05, "bid": 8.901e-05}, "SHILL/USDT": {"last": 0.01114, "ask": 0.01113, "bid": 0.01114}, "DAG/USDT": {"last": 0.035501, "ask": 0.035501, "bid": 0.035593}, "STG/USDT": {"last": 0.599, "ask": 0.5995, "bid": 0.6002}, "XMR/USDT": {"last": 151.7, "ask": 151.62, "bid": 151.63}, "POLC/USDT": {"last": 0.0163, "ask": 0.01616, "bid": 0.0163}, "ZEN/USDT": {"last": 8.171, "ask": 8.158, "bid": 8.169}, "FTM/USDT": {"last": 0.36411, "ask": 0.36406, "bid": 0.36414}, "ZCX/USDT": {"last": 0.06701, "ask": 0.06702, "bid": 0.06741}, "CKB/USDT": {"last": 0.003066, "ask": 0.003066, "bid": 0.003071}, "MAGIC/USDT": {"last": 0.8431, "ask": 0.8416, "bid": 0.8425}, "MTL/USDT": {"last": 0.9983, "ask": 0.9919, "bid": 0.994}, "DYDX/USDT": {"last": 2.078, "ask": 2.0791, "bid": 2.0805}, "1EARTH/USDT": {"last": 0.00192702, "ask": 0.0019183, "bid": 0.00192701}, "REQ/USDT": {"last": 0.0894, "ask": 0.08925, "bid": 0.08949}, "SUKU/USDT": {"last": 0.05953, "ask": 0.05934, "bid": 0.05953}, "DAO/USDT": {"last": 1.46974, "ask": 1.46749, "bid": 1.47178}, "BOSON/USDT": {"last": 0.173, "ask": 0.173, "bid": 0.1737}, "GODS/USDT": {"last": 0.1694, "ask": 0.1694, "bid": 0.1695}, "XPR/USDT": {"last": 0.000991, "ask": 0.00099, "bid": 0.000991}, "LOKI/USDT": {"last": 0.11289, "ask": 0.11319, "bid": 0.11375}, "FXS/USDT": {"last": 6.395, "ask": 6.391, "bid": 6.394}, "XRD/USDT": {"last": 0.07384, "ask": 0.07384, "bid": 0.07386}, "RLC/USDT": {"last": 1.5033, "ask": 1.5033, "bid": 1.506}, "FTT/USDT": {"last": 1.09, "ask": 1.089, "bid": 1.091}, "FITFI/USDT": {"last": 0.00583, "ask": 0.00583, "bid": 0.00585}, "BCHSV/USDT": {"last": 34.701, "ask": 34.605, "bid": 34.669}, "SNX/USDT": {"last": 2.031443, "ask": 2.031965, "bid": 2.033825}, "AIOZ/USDT": {"last": 0.01694, "ask": 0.01684, "bid": 0.01694}, "ATOM/USDT": {"last": 10.982, "ask": 10.9819, "bid": 10.9844}, "MANA/USDT": {"last": 0.44915, "ask": 0.44888, "bid": 0.44907}, "AUDIO/USDT": {"last": 0.2305, "ask": 0.2304, "bid": 0.2307}, "KSM/USDT": {"last": 24.8362, "ask": 24.7784, "bid": 24.7914}, "ETH/USDT": {"last": 1782.76, "ask": 1782.75, "bid": 1782.76}, "STORJ/USDT": {"last": 0.3014, "ask": 0.3007, "bid": 0.3016}, "GALAX/USDT": {"last": 0.02962, "ask": 0.02962, "bid": 0.02963}, "BURGER/USDT": {"last": 0.4574, "ask": 0.4574, "bid": 0.46}, "PEOPLE/USDT": {"last": 0.01763, "ask": 0.01764, "bid": 0.01769}, "CWEB/USDT": {"last": 0.02714, "ask": 0.02713, "bid": 0.02714}, "FLOW/USDT": {"last": 0.7435, "ask": 0.7427, "bid": 0.7434}, "SUPER/USDT": {"last": 0.12647, "ask": 0.12627, "bid": 0.12648}, "IMX/USDT": {"last": 0.7429, "ask": 0.7425, "bid": 0.7427}, "CREAM/USDT": {"last": 17.387, "ask": 17.388, "bid": 17.446}, "GARI/USDT": {"last": 0.05156, "ask": 0.05156, "bid": 0.05166}, "VRA/USDT": {"last": 0.00447288, "ask": 0.00447265, "bid": 0.00447488}, "WAX/USDT": {"last": 0.05568, "ask": 0.05552, "bid": 0.05559}, "DEXE/USDT": {"last": 2.5746, "ask": 2.5746, "bid": 2.588}, "SDAO/USDT": {"last": 0.3243, "ask": 0.3241, "bid": 0.3244}, "1INCH/USDT": {"last": 0.40904, "ask": 0.40918, "bid": 0.40936}, "PERP/USDT": {"last": 0.6109, "ask": 0.6101, "bid": 0.611}, "ANT/USDT": {"last": 3.1504, "ask": 3.1427, "bid": 3.1479}, "CAKE/USDT": {"last": 1.798, "ask": 1.796, "bid": 1.798}, "NWC/USDT": {"last": 0.081294, "ask": 0.080521, "bid": 0.081293}, "DAR/USDT": {"last": 0.1313, "ask": 0.1311, "bid": 0.1313}, "GAL/USDT": {"last": 1.427, "ask": 1.429, "bid": 1.43}, "ONE/USDT": {"last": 0.015832, "ask": 0.015825, "bid": 0.015839}, "MASK/USDT": {"last": 3.6279, "ask": 3.6241,