{"NKN/USDT": {"last": 0.093526, "ask": 0.093451, "bid": 0.093676}, "SENSO/USDT": {"last": 0.06033, "ask": 0.060116, "bid": 0.060544}, "ALICE/USDT": {"last": 1.225, "ask": 1.225, "bid": 1.226}, "LINA/USDT": {"last": 0.009518, "ask": 0.009486, "bid": 0.009506}, "ETC/USDT": {"last": 18.0888, "ask": 18.0887, "bid": 18.0888}, "RUNE/USDT": {"last": 1.1704, "ask": 1.1703, "bid": 1.1707}, "ASTR/USDT": {"last": 0.05088, "ask": 0.05088, "bid": 0.05096}, "BCH/USDT": {"last": 114.46, "ask": 114.44, "bid": 114.53}, "KAVA/USDT": {"last": 0.9126, "ask": 0.9121, "bid": 0.9129}, "APT/USDT": {"last": 8.2003, "ask": 8.1948, "bid": 8.1995}, "TRX/USDT": {"last": 0.068732, "ask": 0.068732, "bid": 0.068736}, "CELO/USDT": {"last": 0.517, "ask": 0.5159, "bid": 0.5171}, "SAND/USDT": {"last": 0.49609, "ask": 0.49653, "bid": 0.49663}, "KLAY/USDT": {"last": 0.1867, "ask": 0.1864, "bid": 0.1868}, "SUN/USDT": {"last": 0.0053523, "ask": 0.0053426, "bid": 0.005356}, "DERO/USDT": {"last": 5.86, "ask": 5.86, "bid": 5.86347}, "LDO/USDT": {"last": 1.9179, "ask": 1.9158, "bid": 1.9179}, "WOM/USDT": {"last": 0.020353, "ask": 0.020224, "bid": 0.020412}, "NUM/USDT": {"last": 0.0291, "ask": 0.02909, "bid": 0.02928}, "TON/USDT": {"last": 1.8075, "ask": 1.8067, "bid": 1.8074}, "AAVE/USDT": {"last": 62.145, "ask": 62.152, "bid": 62.174}, "ELA/USDT": {"last": 1.2018, "ask": 1.2, "bid": 1.2027}, "DOGE/USDT": {"last": 0.07142, "ask": 0.07142, "bid": 0.07143}, "BICO/USDT": {"last": 0.3077, "ask": 0.3077, "bid": 0.3078}, "PRE/USDT": {"last": 0.045174, "ask": 0.045204, "bid": 0.045308}, "ENS/USDT": {"last": 10.266, "ask": 10.279, "bid": 10.296}, "LPT/USDT": {"last": 4.7554, "ask": 4.7522, "bid": 4.7594}, "TLOS/USDT": {"last": 0.17154, "ask": 0.17139, "bid": 0.17159}, "USDD/USDT": {"last": 0.9988, "ask": 0.9988, "bid": 0.9989}, "NEO/USDT": {"last": 8.984, "ask": 8.984, "bid": 8.9903}, "USDC/USDT": {"last": 0.99953, "ask": 0.99953, "bid": 0.99954}, "DOT/USDT": {"last": 5.2625, "ask": 5.2635, "bid": 5.2644}, "AZERO/USDT": {"last": 1.1061, "ask": 1.1047, "bid": 1.1069}, "EOS/USDT": {"last": 0.8633, "ask": 0.8633, "bid": 0.8636}, "UOS/USDT": {"last": 0.20044, "ask": 0.20019, "bid": 0.20044}, "GMX/USDT": {"last": 60.7504, "ask": 60.7147, "bid": 60.7622}, "POLS/USDT": {"last": 0.361, "ask": 0.3602, "bid": 0.3612}, "IOST/USDT": {"last": 0.009246, "ask": 0.009229, "bid": 0.009246}, "TVK/USDT": {"last": 0.03265, "ask": 0.03261, "bid": 0.03272}, "AMB/USDT": {"last": 0.00968, "ask": 0.00968, "bid": 0.00969}, "BTC/USDT": {"last": 26426.3, "ask": 26426.2, "bid": 26426.3}, "OCEAN/USDT": {"last": 0.3276, "ask": 0.3276, "bid": 0.3278}, "CETUS/USDT": {"last": 0.11417, "ask": 0.11328, "bid": 0.1142}, "APE/USDT": {"last": 3.2477, "ask": 3.2491, "bid": 3.2503}, "ID/USDT": {"last": 0.46938, "ask": 0.46834, "bid": 0.46891}, "ADA/USDT": {"last": 0.361426, "ask": 0.361441, "bid": 0.361492}, "HNT/USDT": {"last": 1.339, "ask": 1.339, "bid": 1.343}, "ALPHA/USDT": {"last": 0.09811, "ask": 0.0982, "bid": 0.09835}, "CFX/USDT": {"last": 0.241049, "ask": 0.241069, "bid": 0.241203}, "SRM/USDT": {"last": 0.078, "ask": 0.078, "bid": 0.0783}, "ERN/USDT": {"last": 1.7389, "ask": 1.7382, "bid": 1.7421}, "PEPE/USDT": {"last": 1.534e-06, "ask": 1.533e-06, "bid": 1.535e-06}, "ARX/USDT": {"last": 0.002075, "ask": 0.002067, "bid": 0.002072}, "CLV/USDT": {"last": 0.0463, "ask": 0.04629, "bid": 0.0463}, "MAP/USDT": {"last": 0.012874, "ask": 0.012869, "bid": 0.012879}, "BTT/USDT": {"last": 5.937e-07, "ask": 5.937e-07, "bid": 5.94e-07}, "ZEC/USDT": {"last": 32.5, "ask": 32.517, "bid": 32.532}, "SYLO/USDT": {"last": 0.001616, "ask": 0.001614, "bid": 0.001616}, "SPA/USDT": {"last": 0.007751, "ask": 0.007742, "bid": 0.00776}, "ICX/USDT": {"last": 0.2486, "ask": 0.2483, "bid": 0.2488}, "AGIX/USDT": {"last": 0.24545, "ask": 0.24526, "bid": 0.24539}, "JASMY/USDT": {"last": 0.004919, "ask": 0.004921, "bid": 0.004922}, "WIN/USDT": {"last": 7.482e-05, "ask": 7.485e-05, "bid": 7.491e-05}, "SXP/USDT": {"last": 0.4365, "ask": 0.4364, "bid": 0.4368}, "TEL/USDT": {"last": 0.001722, "ask": 0.00171611, "bid": 0.00172229}, "HEART/USDT": {"last": 0.015559, "ask": 0.01549, "bid": 0.015538}, "NYM/USDT": {"last": 0.1719, "ask": 0.1719, "bid": 0.1734}, "LTO/USDT": {"last": 0.08445, "ask": 0.08413, "bid": 0.08445}, "RPL/USDT": {"last": 46.02, "ask": 46.02, "bid": 46.08}, "REN/USDT": {"last": 0.07437, "ask": 0.07437, "bid": 0.07444}, "BLUR/USDT": {"last": 0.4724, "ask": 0.4723, "bid": 0.4724}, "LUNC/USDT": {"last": 8.909e-05, "ask": 8.91e-05, "bid": 8.913e-05}, "SHILL/USDT": {"last": 0.01113, "ask": 0.01112, "bid": 0.01113}, "DAG/USDT": {"last": 0.035695, "ask": 0.035699, "bid": 0.03579}, "STG/USDT": {"last": 0.5993, "ask": 0.6001, "bid": 0.601}, "XMR/USDT": {"last": 151.97, "ask": 151.97, "bid": 152.02}, "POLC/USDT": {"last": 0.01627, "ask": 0.01615, "bid": 0.01627}, "ZEN/USDT": {"last": 8.183, "ask": 8.177, "bid": 8.184}, "FTM/USDT": {"last": 0.36519, "ask": 0.36525, "bid": 0.36534}, "ZCX/USDT": {"last": 0.06755, "ask": 0.06707, "bid": 0.0676}, "CKB/USDT": {"last": 0.003059, "ask": 0.003067, "bid": 0.003079}, "MAGIC/USDT": {"last": 0.848, "ask": 0.8454, "bid": 0.8465}, "MTL/USDT": {"last": 0.998, "ask": 0.9952, "bid": 0.998}, "DYDX/USDT": {"last": 2.0988, "ask": 2.0988, "bid": 2.1003}, "1EARTH/USDT": {"last": 0.00191944, "ask": 0.00191487, "bid": 0.0019239}, "REQ/USDT": {"last": 0.08927, "ask": 0.08932, "bid": 0.08959}, "SUKU/USDT": {"last": 0.0596, "ask": 0.05934, "bid": 0.05953}, "DAO/USDT": {"last": 1.47177, "ask": 1.4713, "bid": 1.47305}, "BOSON/USDT": {"last": 0.1736, "ask": 0.1729, "bid": 0.1736}, "GODS/USDT": {"last": 0.1694, "ask": 0.1693, "bid": 0.1694}, "XPR/USDT": {"last": 0.000986, "ask": 0.000985, "bid": 0.000986}, "LOKI/USDT": {"last": 0.11264, "ask": 0.11175, "bid": 0.11262}, "FXS/USDT": {"last": 6.396, "ask": 6.393, "bid": 6.4}, "XRD/USDT": {"last": 0.07359, "ask": 0.07361, "bid": 0.07363}, "RLC/USDT": {"last": 1.5068, "ask": 1.5064, "bid": 1.5089}, "FTT/USDT": {"last": 1.085, "ask": 1.085, "bid": 1.086}, "FITFI/USDT": {"last": 0.0058, "ask": 0.0058, "bid": 0.00584}, "BCHSV/USDT": {"last": 34.633, "ask": 34.641, "bid": 34.695}, "SNX/USDT": {"last": 2.042666, "ask": 2.041281, "bid": 2.043064}, "AIOZ/USDT": {"last": 0.01697, "ask": 0.01694, "bid": 0.01697}, "ATOM/USDT": {"last": 11.0417, "ask": 11.0453, "bid": 11.0459}, "MANA/USDT": {"last": 0.44977, "ask": 0.44979, "bid": 0.44995}, "AUDIO/USDT": {"last": 0.2309, "ask": 0.2307, "bid": 0.2309}, "KSM/USDT": {"last": 24.8819, "ask": 24.8674, "bid": 24.8875}, "ETH/USDT": {"last": 1787.28, "ask": 1787.54, "bid": 1787.55}, "STORJ/USDT": {"last": 0.3011, "ask": 0.3015, "bid": 0.3021}, "GALAX/USDT": {"last": 0.02978, "ask": 0.0298, "bid": 0.02981}, "BURGER/USDT": {"last": 0.459, "ask": 0.4587, "bid": 0.46}, "PEOPLE/USDT": {"last": 0.01765, "ask": 0.01764, "bid": 0.01767}, "CWEB/USDT": {"last": 0.02715, "ask": 0.02714, "bid": 0.02715}, "FLOW/USDT": {"last": 0.7461, "ask": 0.7461, "bid": 0.7467}, "SUPER/USDT": {"last": 0.12668, "ask": 0.12609, "bid": 0.12647}, "IMX/USDT": {"last": 0.7461, "ask": 0.7463, "bid": 0.7468}, "CREAM/USDT": {"last": 17.318, "ask": 17.356, "bid": 17.442}, "GARI/USDT": {"last": 0.05203, "ask": 0.05167, "bid": 0.05203}, "VRA/USDT": {"last": 0.00450549, "ask": 0.00450683, "bid": 0.00450866}, "WAX/USDT": {"last": 0.0554, "ask": 0.0554, "bid": 0.05548}, "DEXE/USDT": {"last": 2.584, "ask": 2.5806, "bid": 2.588}, "SDAO/USDT": {"last": 0.3241, "ask": 0.3241, "bid": 0.3243}, "1INCH/USDT": {"last": 0.41032, "ask": 0.41005, "bid": 0.41031}, "PERP/USDT": {"last": 0.6083, "ask": 0.6113, "bid": 0.612}, "ANT/USDT": {"last": 3.155, "ask": 3.1484, "bid": 3.152}, "CAKE/USDT": {"last": 1.798, "ask": 1.798, "bid": 1.799}, "NWC/USDT": {"last": 0.080483, "ask": 0.080518, "bid": 0.081294}, "DAR/USDT": {"last": 0.1313, "ask": 0.1312, "bid": 0.1314}, "GAL/USDT": {"last": 1.435, "ask": 1.43, "bid": 1.433}, "ONE/USDT": {"last": 0.015807, "ask": 0.015802, "bid": 0.015807}, "MASK/USDT": {"last": 3.6294,