{"NKN/USDT": {"last": 0.093737, "ask": 0.093958, "bid": 0.094197}, "SENSO/USDT": {"last": 0.059302, "ask": 0.05905, "bid": 0.059554}, "ALICE/USDT": {"last": 1.233, "ask": 1.232, "bid": 1.234}, "LINA/USDT": {"last": 0.009693, "ask": 0.009704, "bid": 0.009708}, "ETC/USDT": {"last": 18.21, "ask": 18.1953, "bid": 18.1994}, "RUNE/USDT": {"last": 1.1771, "ask": 1.1774, "bid": 1.1781}, "ASTR/USDT": {"last": 0.05136, "ask": 0.05129, "bid": 0.05143}, "BCH/USDT": {"last": 115.29, "ask": 115.24, "bid": 115.36}, "KAVA/USDT": {"last": 0.9197, "ask": 0.9186, "bid": 0.9201}, "APT/USDT": {"last": 8.2611, "ask": 8.2569, "bid": 8.2612}, "TRX/USDT": {"last": 0.068749, "ask": 0.068746, "bid": 0.068761}, "CELO/USDT": {"last": 0.5185, "ask": 0.5187, "bid": 0.5195}, "SAND/USDT": {"last": 0.50241, "ask": 0.50345, "bid": 0.50361}, "KLAY/USDT": {"last": 0.1868, "ask": 0.1865, "bid": 0.1868}, "SUN/USDT": {"last": 0.0053727, "ask": 0.0053634, "bid": 0.0053734}, "DERO/USDT": {"last": 5.96127, "ask": 5.92, "bid": 5.96128}, "LDO/USDT": {"last": 1.9009, "ask": 1.9014, "bid": 1.9032}, "WOM/USDT": {"last": 0.020364, "ask": 0.020355, "bid": 0.020431}, "NUM/USDT": {"last": 0.02945, "ask": 0.02932, "bid": 0.02961}, "TON/USDT": {"last": 1.8355, "ask": 1.8362, "bid": 1.8374}, "AAVE/USDT": {"last": 62.587, "ask": 62.576, "bid": 62.645}, "ELA/USDT": {"last": 1.2013, "ask": 1.2008, "bid": 1.2026}, "DOGE/USDT": {"last": 0.07215, "ask": 0.07214, "bid": 0.07215}, "BICO/USDT": {"last": 0.3098, "ask": 0.309, "bid": 0.3102}, "PRE/USDT": {"last": 0.047223, "ask": 0.047108, "bid": 0.047212}, "ENS/USDT": {"last": 10.316, "ask": 10.303, "bid": 10.316}, "LPT/USDT": {"last": 4.7767, "ask": 4.7785, "bid": 4.7827}, "TLOS/USDT": {"last": 0.1717, "ask": 0.17164, "bid": 0.17186}, "USDD/USDT": {"last": 0.9993, "ask": 0.9991, "bid": 0.9992}, "NEO/USDT": {"last": 9.0546, "ask": 9.0672, "bid": 9.074}, "USDC/USDT": {"last": 0.99954, "ask": 0.99953, "bid": 0.99954}, "DOT/USDT": {"last": 5.3233, "ask": 5.3229, "bid": 5.324}, "AZERO/USDT": {"last": 1.1177, "ask": 1.1162, "bid": 1.12}, "EOS/USDT": {"last": 0.8695, "ask": 0.8699, "bid": 0.8705}, "UOS/USDT": {"last": 0.20201, "ask": 0.20111, "bid": 0.20196}, "GMX/USDT": {"last": 61.1379, "ask": 61.1821, "bid": 61.2204}, "POLS/USDT": {"last": 0.3629, "ask": 0.3626, "bid": 0.3636}, "IOST/USDT": {"last": 0.009296, "ask": 0.009295, "bid": 0.009312}, "TVK/USDT": {"last": 0.0329, "ask": 0.03282, "bid": 0.03294}, "AMB/USDT": {"last": 0.00981, "ask": 0.00981, "bid": 0.00983}, "BTC/USDT": {"last": 26753.9, "ask": 26753.9, "bid": 26754.0}, "OCEAN/USDT": {"last": 0.3348, "ask": 0.3352, "bid": 0.3356}, "CETUS/USDT": {"last": 0.11729, "ask": 0.11707, "bid": 0.11772}, "APE/USDT": {"last": 3.3058, "ask": 3.3054, "bid": 3.306}, "ID/USDT": {"last": 0.47533, "ask": 0.47589, "bid": 0.47629}, "ADA/USDT": {"last": 0.365746, "ask": 0.365715, "bid": 0.365753}, "HNT/USDT": {"last": 1.362, "ask": 1.362, "bid": 1.369}, "ALPHA/USDT": {"last": 0.09995, "ask": 0.1, "bid": 0.10003}, "CFX/USDT": {"last": 0.245861, "ask": 0.24601, "bid": 0.246083}, "SRM/USDT": {"last": 0.0777, "ask": 0.0771, "bid": 0.0775}, "ERN/USDT": {"last": 1.7598, "ask": 1.7542, "bid": 1.7618}, "PEPE/USDT": {"last": 1.541e-06, "ask": 1.54e-06, "bid": 1.541e-06}, "ARX/USDT": {"last": 0.002073, "ask": 0.00207, "bid": 0.002073}, "CLV/USDT": {"last": 0.04634, "ask": 0.04649, "bid": 0.04658}, "MAP/USDT": {"last": 0.01304, "ask": 0.013038, "bid": 0.013041}, "BTT/USDT": {"last": 5.95e-07, "ask": 5.945e-07, "bid": 5.964e-07}, "ZEC/USDT": {"last": 32.674, "ask": 32.679, "bid": 32.698}, "SYLO/USDT": {"last": 0.001626, "ask": 0.001622, "bid": 0.001626}, "SPA/USDT": {"last": 0.008006, "ask": 0.007988, "bid": 0.008007}, "ICX/USDT": {"last": 0.25, "ask": 0.2501, "bid": 0.2506}, "AGIX/USDT": {"last": 0.25056, "ask": 0.25056, "bid": 0.25068}, "JASMY/USDT": {"last": 0.004861, "ask": 0.004868, "bid": 0.00487}, "WIN/USDT": {"last": 7.493e-05, "ask": 7.497e-05, "bid": 7.512e-05}, "SXP/USDT": {"last": 0.4346, "ask": 0.4349, "bid": 0.4354}, "TEL/USDT": {"last": 0.00175119, "ask": 0.00175106, "bid": 0.00175208}, "HEART/USDT": {"last": 0.015051, "ask": 0.015058, "bid": 0.015106}, "NYM/USDT": {"last": 0.1719, "ask": 0.1727, "bid": 0.1736}, "LTO/USDT": {"last": 0.08468, "ask": 0.08441, "bid": 0.08469}, "RPL/USDT": {"last": 46.12, "ask": 46.18, "bid": 46.4}, "REN/USDT": {"last": 0.0755, "ask": 0.07548, "bid": 0.07556}, "BLUR/USDT": {"last": 0.4785, "ask": 0.478, "bid": 0.4784}, "LUNC/USDT": {"last": 9.102e-05, "ask": 9.102e-05, "bid": 9.105e-05}, "SHILL/USDT": {"last": 0.01108, "ask": 0.01107, "bid": 0.01109}, "DAG/USDT": {"last": 0.035945, "ask": 0.035891, "bid": 0.035945}, "STG/USDT": {"last": 0.6067, "ask": 0.6085, "bid": 0.609}, "XMR/USDT": {"last": 152.35, "ask": 152.35, "bid": 152.38}, "POLC/USDT": {"last": 0.0162, "ask": 0.01608, "bid": 0.0162}, "ZEN/USDT": {"last": 8.214, "ask": 8.201, "bid": 8.226}, "FTM/USDT": {"last": 0.37082, "ask": 0.37078, "bid": 0.37091}, "ZCX/USDT": {"last": 0.06769, "ask": 0.06769, "bid": 0.0677}, "CKB/USDT": {"last": 0.00311, "ask": 0.00312, "bid": 0.003127}, "MAGIC/USDT": {"last": 0.8594, "ask": 0.8593, "bid": 0.86}, "MTL/USDT": {"last": 1.0156, "ask": 1.0155, "bid": 1.0156}, "DYDX/USDT": {"last": 2.1233, "ask": 2.1223, "bid": 2.1235}, "1EARTH/USDT": {"last": 0.00196166, "ask": 0.00195397, "bid": 0.00196929}, "REQ/USDT": {"last": 0.08976, "ask": 0.08967, "bid": 0.08993}, "SUKU/USDT": {"last": 0.05955, "ask": 0.05955, "bid": 0.05986}, "DAO/USDT": {"last": 1.47097, "ask": 1.46716, "bid": 1.47059}, "BOSON/USDT": {"last": 0.1737, "ask": 0.1735, "bid": 0.1737}, "GODS/USDT": {"last": 0.1708, "ask": 0.1708, "bid": 0.1709}, "XPR/USDT": {"last": 0.001004, "ask": 0.001003, "bid": 0.001004}, "LOKI/USDT": {"last": 0.11585, "ask": 0.11466, "bid": 0.11582}, "FXS/USDT": {"last": 6.467, "ask": 6.476, "bid": 6.482}, "XRD/USDT": {"last": 0.07469, "ask": 0.07469, "bid": 0.07471}, "RLC/USDT": {"last": 1.5103, "ask": 1.5109, "bid": 1.5169}, "FTT/USDT": {"last": 1.114, "ask": 1.111, "bid": 1.115}, "FITFI/USDT": {"last": 0.00599, "ask": 0.00599, "bid": 0.00601}, "BCHSV/USDT": {"last": 35.02, "ask": 34.978, "bid": 35.031}, "SNX/USDT": {"last": 2.052807, "ask": 2.05491, "bid": 2.057526}, "AIOZ/USDT": {"last": 0.01757, "ask": 0.01734, "bid": 0.01757}, "ATOM/USDT": {"last": 11.111, "ask": 11.1123, "bid": 11.1154}, "MANA/USDT": {"last": 0.45273, "ask": 0.4525, "bid": 0.45273}, "AUDIO/USDT": {"last": 0.2328, "ask": 0.2328, "bid": 0.2331}, "KSM/USDT": {"last": 25.0768, "ask": 25.0707, "bid": 25.0768}, "ETH/USDT": {"last": 1806.33, "ask": 1806.32, "bid": 1806.33}, "STORJ/USDT": {"last": 0.3048, "ask": 0.304, "bid": 0.305}, "GALAX/USDT": {"last": 0.02997, "ask": 0.02996, "bid": 0.02998}, "BURGER/USDT": {"last": 0.4641, "ask": 0.4645, "bid": 0.4669}, "PEOPLE/USDT": {"last": 0.01788, "ask": 0.01787, "bid": 0.01791}, "CWEB/USDT": {"last": 0.02715, "ask": 0.02713, "bid": 0.02715}, "FLOW/USDT": {"last": 0.7508, "ask": 0.7508, "bid": 0.7514}, "SUPER/USDT": {"last": 0.12709, "ask": 0.1271, "bid": 0.12749}, "IMX/USDT": {"last": 0.7471, "ask": 0.7483, "bid": 0.7489}, "CREAM/USDT": {"last": 17.436, "ask": 17.435, "bid": 17.498}, "GARI/USDT": {"last": 0.05166, "ask": 0.05164, "bid": 0.05186}, "VRA/USDT": {"last": 0.00454551, "ask": 0.00454578, "bid": 0.00455067}, "WAX/USDT": {"last": 0.056, "ask": 0.05604, "bid": 0.05612}, "DEXE/USDT": {"last": 2.6135, "ask": 2.6135, "bid": 2.624}, "SDAO/USDT": {"last": 0.3244, "ask": 0.3241, "bid": 0.3245}, "1INCH/USDT": {"last": 0.4116, "ask": 0.41179, "bid": 0.41196}, "PERP/USDT": {"last": 0.6159, "ask": 0.616, "bid": 0.6174}, "ANT/USDT": {"last": 3.173, "ask": 3.1701, "bid": 3.1749}, "CAKE/USDT": {"last": 1.805, "ask": 1.806, "bid": 1.808}, "NWC/USDT": {"last": 0.080097, "ask": 0.080003, "bid": 0.080097}, "DAR/USDT": {"last": 0.1323, "ask": 0.1327, "bid": 0.133}, "GAL/USDT": {"last": 1.447, "ask": 1.446, "bid": 1.448}, "ONE/USDT": {"last": 0.015943, "ask": 0.015955, "bid": 0.015961}, "MASK/USDT": {"last": 3.6988,