{"NKN/USDT": {"last": 0.093222, "ask": 0.093156, "bid": 0.093383}, "SENSO/USDT": {"last": 0.059554, "ask": 0.059069, "bid": 0.059554}, "ALICE/USDT": {"last": 1.218, "ask": 1.218, "bid": 1.22}, "LINA/USDT": {"last": 0.009475, "ask": 0.009481, "bid": 0.009491}, "ETC/USDT": {"last": 18.0599, "ask": 18.084, "bid": 18.0916}, "RUNE/USDT": {"last": 1.1675, "ask": 1.1678, "bid": 1.1682}, "ASTR/USDT": {"last": 0.05063, "ask": 0.05071, "bid": 0.05078}, "BCH/USDT": {"last": 114.41, "ask": 114.43, "bid": 114.5}, "KAVA/USDT": {"last": 0.915, "ask": 0.9153, "bid": 0.9155}, "APT/USDT": {"last": 8.1913, "ask": 8.2044, "bid": 8.2076}, "TRX/USDT": {"last": 0.068565, "ask": 0.06857, "bid": 0.068571}, "CELO/USDT": {"last": 0.5148, "ask": 0.5147, "bid": 0.5154}, "SAND/USDT": {"last": 0.4957, "ask": 0.49583, "bid": 0.49592}, "KLAY/USDT": {"last": 0.1852, "ask": 0.1852, "bid": 0.1855}, "SUN/USDT": {"last": 0.0053465, "ask": 0.0053393, "bid": 0.0053501}, "DERO/USDT": {"last": 5.848, "ask": 5.81411, "bid": 5.85305}, "LDO/USDT": {"last": 1.8957, "ask": 1.8953, "bid": 1.8963}, "WOM/USDT": {"last": 0.02025, "ask": 0.020224, "bid": 0.020369}, "NUM/USDT": {"last": 0.02911, "ask": 0.02897, "bid": 0.02925}, "TON/USDT": {"last": 1.8109, "ask": 1.8102, "bid": 1.8117}, "AAVE/USDT": {"last": 62.007, "ask": 62.023, "bid": 62.054}, "ELA/USDT": {"last": 1.2014, "ask": 1.2, "bid": 1.202}, "DOGE/USDT": {"last": 0.0712, "ask": 0.07122, "bid": 0.07123}, "BICO/USDT": {"last": 0.3082, "ask": 0.3077, "bid": 0.3081}, "PRE/USDT": {"last": 0.046564, "ask": 0.046564, "bid": 0.046888}, "ENS/USDT": {"last": 10.207, "ask": 10.227, "bid": 10.245}, "LPT/USDT": {"last": 4.7402, "ask": 4.7384, "bid": 4.7519}, "TLOS/USDT": {"last": 0.17194, "ask": 0.17156, "bid": 0.172}, "USDD/USDT": {"last": 0.9988, "ask": 0.9987, "bid": 0.9988}, "NEO/USDT": {"last": 8.9597, "ask": 8.9666, "bid": 8.9705}, "USDC/USDT": {"last": 0.99954, "ask": 0.99953, "bid": 0.99954}, "DOT/USDT": {"last": 5.2582, "ask": 5.2611, "bid": 5.2623}, "AZERO/USDT": {"last": 1.1073, "ask": 1.1056, "bid": 1.1087}, "EOS/USDT": {"last": 0.8612, "ask": 0.8614, "bid": 0.8615}, "UOS/USDT": {"last": 0.20156, "ask": 0.20114, "bid": 0.20156}, "GMX/USDT": {"last": 60.1556, "ask": 60.3072, "bid": 60.3794}, "POLS/USDT": {"last": 0.3606, "ask": 0.3595, "bid": 0.3611}, "IOST/USDT": {"last": 0.009205, "ask": 0.009224, "bid": 0.009236}, "TVK/USDT": {"last": 0.03254, "ask": 0.03243, "bid": 0.03255}, "AMB/USDT": {"last": 0.00976, "ask": 0.00976, "bid": 0.00979}, "BTC/USDT": {"last": 26423.4, "ask": 26423.3, "bid": 26423.4}, "OCEAN/USDT": {"last": 0.3291, "ask": 0.3292, "bid": 0.3294}, "CETUS/USDT": {"last": 0.1126, "ask": 0.11282, "bid": 0.11349}, "APE/USDT": {"last": 3.2531, "ask": 3.2543, "bid": 3.2548}, "ID/USDT": {"last": 0.46825, "ask": 0.46808, "bid": 0.46844}, "ADA/USDT": {"last": 0.360263, "ask": 0.360609, "bid": 0.360634}, "HNT/USDT": {"last": 1.332, "ask": 1.331, "bid": 1.336}, "ALPHA/USDT": {"last": 0.0982, "ask": 0.09817, "bid": 0.09839}, "CFX/USDT": {"last": 0.239743, "ask": 0.239843, "bid": 0.239938}, "SRM/USDT": {"last": 0.0773, "ask": 0.0771, "bid": 0.0772}, "ERN/USDT": {"last": 1.7334, "ask": 1.7314, "bid": 1.7343}, "PEPE/USDT": {"last": 1.533e-06, "ask": 1.532e-06, "bid": 1.534e-06}, "ARX/USDT": {"last": 0.00207, "ask": 0.002066, "bid": 0.00207}, "CLV/USDT": {"last": 0.04623, "ask": 0.04615, "bid": 0.04623}, "MAP/USDT": {"last": 0.012827, "ask": 0.012833, "bid": 0.012835}, "BTT/USDT": {"last": 5.951e-07, "ask": 5.947e-07, "bid": 5.966e-07}, "ZEC/USDT": {"last": 32.334, "ask": 32.379, "bid": 32.393}, "SYLO/USDT": {"last": 0.001614, "ask": 0.001614, "bid": 0.001616}, "SPA/USDT": {"last": 0.007862, "ask": 0.007844, "bid": 0.007861}, "ICX/USDT": {"last": 0.2477, "ask": 0.2474, "bid": 0.2479}, "AGIX/USDT": {"last": 0.24452, "ask": 0.24507, "bid": 0.24517}, "JASMY/USDT": {"last": 0.004891, "ask": 0.00489, "bid": 0.004892}, "WIN/USDT": {"last": 7.46e-05, "ask": 7.456e-05, "bid": 7.473e-05}, "SXP/USDT": {"last": 0.4326, "ask": 0.4326, "bid": 0.4329}, "TEL/USDT": {"last": 0.00171562, "ask": 0.00171608, "bid": 0.00172}, "HEART/USDT": {"last": 0.015601, "ask": 0.015488, "bid": 0.015621}, "NYM/USDT": {"last": 0.1719, "ask": 0.1719, "bid": 0.1732}, "LTO/USDT": {"last": 0.08406, "ask": 0.08415, "bid": 0.08445}, "RPL/USDT": {"last": 45.73, "ask": 45.72, "bid": 45.75}, "REN/USDT": {"last": 0.07427, "ask": 0.07429, "bid": 0.0744}, "BLUR/USDT": {"last": 0.4725, "ask": 0.4734, "bid": 0.4736}, "LUNC/USDT": {"last": 8.94e-05, "ask": 8.94e-05, "bid": 8.944e-05}, "SHILL/USDT": {"last": 0.01113, "ask": 0.01113, "bid": 0.01114}, "DAG/USDT": {"last": 0.035501, "ask": 0.035501, "bid": 0.035627}, "STG/USDT": {"last": 0.6014, "ask": 0.6011, "bid": 0.6016}, "XMR/USDT": {"last": 151.64, "ask": 151.63, "bid": 151.66}, "POLC/USDT": {"last": 0.01625, "ask": 0.01615, "bid": 0.01625}, "ZEN/USDT": {"last": 8.161, "ask": 8.163, "bid": 8.173}, "FTM/USDT": {"last": 0.36392, "ask": 0.36411, "bid": 0.36414}, "ZCX/USDT": {"last": 0.06754, "ask": 0.06715, "bid": 0.06771}, "CKB/USDT": {"last": 0.003072, "ask": 0.003072, "bid": 0.003079}, "MAGIC/USDT": {"last": 0.8416, "ask": 0.8408, "bid": 0.8419}, "MTL/USDT": {"last": 0.9997, "ask": 0.9926, "bid": 0.995}, "DYDX/USDT": {"last": 2.0814, "ask": 2.085, "bid": 2.0862}, "1EARTH/USDT": {"last": 0.00191782, "ask": 0.0019147, "bid": 0.00192097}, "REQ/USDT": {"last": 0.08949, "ask": 0.0892, "bid": 0.08942}, "SUKU/USDT": {"last": 0.05964, "ask": 0.05935, "bid": 0.05967}, "DAO/USDT": {"last": 1.46968, "ask": 1.46748, "bid": 1.47178}, "BOSON/USDT": {"last": 0.1736, "ask": 0.173, "bid": 0.1736}, "GODS/USDT": {"last": 0.1696, "ask": 0.1697, "bid": 0.1698}, "XPR/USDT": {"last": 0.000989, "ask": 0.000989, "bid": 0.00099}, "LOKI/USDT": {"last": 0.11351, "ask": 0.11333, "bid": 0.11385}, "FXS/USDT": {"last": 6.374, "ask": 6.386, "bid": 6.393}, "XRD/USDT": {"last": 0.07383, "ask": 0.07383, "bid": 0.07384}, "RLC/USDT": {"last": 1.5121, "ask": 1.512, "bid": 1.5157}, "FTT/USDT": {"last": 1.088, "ask": 1.086, "bid": 1.088}, "FITFI/USDT": {"last": 0.00581, "ask": 0.00582, "bid": 0.00583}, "BCHSV/USDT": {"last": 34.626, "ask": 34.645, "bid": 34.734}, "SNX/USDT": {"last": 2.02866, "ask": 2.029689, "bid": 2.031806}, "AIOZ/USDT": {"last": 0.01685, "ask": 0.01679, "bid": 0.0169}, "ATOM/USDT": {"last": 10.9876, "ask": 10.9901, "bid": 10.9913}, "MANA/USDT": {"last": 0.4477, "ask": 0.44867, "bid": 0.44883}, "AUDIO/USDT": {"last": 0.2307, "ask": 0.2306, "bid": 0.2309}, "KSM/USDT": {"last": 24.7843, "ask": 24.7798, "bid": 24.7962}, "ETH/USDT": {"last": 1784.75, "ask": 1785.14, "bid": 1785.15}, "STORJ/USDT": {"last": 0.3009, "ask": 0.3011, "bid": 0.3018}, "GALAX/USDT": {"last": 0.02975, "ask": 0.02975, "bid": 0.02976}, "BURGER/USDT": {"last": 0.4574, "ask": 0.4587, "bid": 0.4611}, "PEOPLE/USDT": {"last": 0.01763, "ask": 0.01764, "bid": 0.01767}, "CWEB/USDT": {"last": 0.02714, "ask": 0.02713, "bid": 0.02714}, "FLOW/USDT": {"last": 0.7437, "ask": 0.7437, "bid": 0.7442}, "SUPER/USDT": {"last": 0.12631, "ask": 0.12652, "bid": 0.12658}, "IMX/USDT": {"last": 0.7419, "ask": 0.7419, "bid": 0.7426}, "CREAM/USDT": {"last": 17.322, "ask": 17.371, "bid": 17.442}, "GARI/USDT": {"last": 0.05191, "ask": 0.05153, "bid": 0.05194}, "VRA/USDT": {"last": 0.00448118, "ask": 0.00448409, "bid": 0.00448599}, "WAX/USDT": {"last": 0.05568, "ask": 0.05568, "bid": 0.05579}, "DEXE/USDT": {"last": 2.613, "ask": 2.5965, "bid": 2.6038}, "SDAO/USDT": {"last": 0.3237, "ask": 0.3234, "bid": 0.3243}, "1INCH/USDT": {"last": 0.40919, "ask": 0.40909, "bid": 0.40936}, "PERP/USDT": {"last": 0.6109, "ask": 0.611, "bid": 0.6119}, "ANT/USDT": {"last": 3.1398, "ask": 3.1434, "bid": 3.148}, "CAKE/USDT": {"last": 1.799, "ask": 1.798, "bid": 1.799}, "NWC/USDT": {"last": 0.080521, "ask": 0.080524, "bid": 0.081319}, "DAR/USDT": {"last": 0.1313, "ask": 0.1311, "bid": 0.1314}, "GAL/USDT": {"last": 1.427, "ask": 1.429, "bid": 1.431}, "ONE/USDT": {"last": 0.015772, "ask": 0.015778, "bid": 0.015793}, "MASK/USDT": {"last": 3.6292,