{"NKN/USDT": {"last": 0.09173, "ask": 0.091592, "bid": 0.09183}, "SENSO/USDT": {"last": 0.059763, "ask": 0.05948, "bid": 0.060046}, "ALICE/USDT": {"last": 1.203, "ask": 1.201, "bid": 1.203}, "LINA/USDT": {"last": 0.009313, "ask": 0.009303, "bid": 0.009316}, "ETC/USDT": {"last": 17.8614, "ask": 17.8753, "bid": 17.8814}, "RUNE/USDT": {"last": 1.1556, "ask": 1.1557, "bid": 1.1563}, "ASTR/USDT": {"last": 0.05015, "ask": 0.05006, "bid": 0.05016}, "BCH/USDT": {"last": 113.51, "ask": 113.54, "bid": 113.64}, "KAVA/USDT": {"last": 0.9067, "ask": 0.9078, "bid": 0.9095}, "APT/USDT": {"last": 8.0001, "ask": 8.0047, "bid": 8.0087}, "TRX/USDT": {"last": 0.068689, "ask": 0.0687, "bid": 0.068701}, "CELO/USDT": {"last": 0.5074, "ask": 0.5069, "bid": 0.5079}, "SAND/USDT": {"last": 0.48701, "ask": 0.4867, "bid": 0.48687}, "KLAY/USDT": {"last": 0.1842, "ask": 0.1838, "bid": 0.1841}, "SUN/USDT": {"last": 0.0053252, "ask": 0.0053153, "bid": 0.0053282}, "DERO/USDT": {"last": 5.77787, "ask": 5.72958, "bid": 5.77799}, "LDO/USDT": {"last": 1.819, "ask": 1.818, "bid": 1.8189}, "WOM/USDT": {"last": 0.020421, "ask": 0.020256, "bid": 0.020441}, "NUM/USDT": {"last": 0.02903, "ask": 0.02897, "bid": 0.02912}, "TON/USDT": {"last": 1.7951, "ask": 1.7943, "bid": 1.795}, "AAVE/USDT": {"last": 61.357, "ask": 61.328, "bid": 61.348}, "ELA/USDT": {"last": 1.1903, "ask": 1.1929, "bid": 1.2019}, "DOGE/USDT": {"last": 0.07021, "ask": 0.07021, "bid": 0.07022}, "BICO/USDT": {"last": 0.3038, "ask": 0.3038, "bid": 0.3046}, "PRE/USDT": {"last": 0.045375, "ask": 0.045348, "bid": 0.045375}, "ENS/USDT": {"last": 10.174, "ask": 10.158, "bid": 10.176}, "LPT/USDT": {"last": 4.6622, "ask": 4.6672, "bid": 4.6727}, "TLOS/USDT": {"last": 0.17138, "ask": 0.17098, "bid": 0.17156}, "USDD/USDT": {"last": 0.9991, "ask": 0.999, "bid": 0.9991}, "NEO/USDT": {"last": 8.8553, "ask": 8.8581, "bid": 8.8621}, "USDC/USDT": {"last": 0.99954, "ask": 0.99953, "bid": 0.99954}, "DOT/USDT": {"last": 5.1857, "ask": 5.1859, "bid": 5.1866}, "AZERO/USDT": {"last": 1.1002, "ask": 1.0982, "bid": 1.1001}, "EOS/USDT": {"last": 0.8553, "ask": 0.8547, "bid": 0.855}, "UOS/USDT": {"last": 0.20037, "ask": 0.1996, "bid": 0.20037}, "GMX/USDT": {"last": 59.6709, "ask": 59.6431, "bid": 59.687}, "POLS/USDT": {"last": 0.3572, "ask": 0.357, "bid": 0.3574}, "IOST/USDT": {"last": 0.009084, "ask": 0.009084, "bid": 0.009097}, "TVK/USDT": {"last": 0.03235, "ask": 0.03222, "bid": 0.03234}, "AMB/USDT": {"last": 0.00936, "ask": 0.00938, "bid": 0.00939}, "BTC/USDT": {"last": 26170.0, "ask": 26169.9, "bid": 26170.0}, "OCEAN/USDT": {"last": 0.3218, "ask": 0.3218, "bid": 0.3221}, "CETUS/USDT": {"last": 0.1107, "ask": 0.1107, "bid": 0.11073}, "APE/USDT": {"last": 3.2031, "ask": 3.2049, "bid": 3.2057}, "ID/USDT": {"last": 0.45399, "ask": 0.45214, "bid": 0.45277}, "ADA/USDT": {"last": 0.356345, "ask": 0.356356, "bid": 0.356366}, "HNT/USDT": {"last": 1.301, "ask": 1.302, "bid": 1.306}, "ALPHA/USDT": {"last": 0.09548, "ask": 0.09541, "bid": 0.09565}, "CFX/USDT": {"last": 0.231333, "ask": 0.231247, "bid": 0.231365}, "SRM/USDT": {"last": 0.0773, "ask": 0.0773, "bid": 0.0776}, "ERN/USDT": {"last": 1.715, "ask": 1.7133, "bid": 1.7171}, "PEPE/USDT": {"last": 1.424e-06, "ask": 1.423e-06, "bid": 1.424e-06}, "ARX/USDT": {"last": 0.002064, "ask": 0.002063, "bid": 0.002074}, "CLV/USDT": {"last": 0.0454, "ask": 0.04567, "bid": 0.0457}, "MAP/USDT": {"last": 0.012805, "ask": 0.012799, "bid": 0.012805}, "BTT/USDT": {"last": 5.936e-07, "ask": 5.933e-07, "bid": 5.95e-07}, "ZEC/USDT": {"last": 32.102, "ask": 32.105, "bid": 32.12}, "SYLO/USDT": {"last": 0.001615, "ask": 0.001614, "bid": 0.001615}, "SPA/USDT": {"last": 0.007754, "ask": 0.00774, "bid": 0.007755}, "ICX/USDT": {"last": 0.2427, "ask": 0.2424, "bid": 0.2431}, "AGIX/USDT": {"last": 0.23648, "ask": 0.23652, "bid": 0.23659}, "JASMY/USDT": {"last": 0.004838, "ask": 0.004839, "bid": 0.00484}, "WIN/USDT": {"last": 7.442e-05, "ask": 7.439e-05, "bid": 7.443e-05}, "SXP/USDT": {"last": 0.4246, "ask": 0.4247, "bid": 0.4249}, "TEL/USDT": {"last": 0.00169451, "ask": 0.00169413, "bid": 0.00170133}, "HEART/USDT": {"last": 0.015995, "ask": 0.015924, "bid": 0.015993}, "NYM/USDT": {"last": 0.1698, "ask": 0.1702, "bid": 0.1715}, "LTO/USDT": {"last": 0.08342, "ask": 0.0834, "bid": 0.08387}, "RPL/USDT": {"last": 45.19, "ask": 45.17, "bid": 45.27}, "REN/USDT": {"last": 0.07266, "ask": 0.07256, "bid": 0.07268}, "BLUR/USDT": {"last": 0.4558, "ask": 0.4556, "bid": 0.4558}, "LUNC/USDT": {"last": 8.769e-05, "ask": 8.767e-05, "bid": 8.77e-05}, "SHILL/USDT": {"last": 0.01115, "ask": 0.01114, "bid": 0.01115}, "DAG/USDT": {"last": 0.035302, "ask": 0.035242, "bid": 0.035302}, "STG/USDT": {"last": 0.5838, "ask": 0.5837, "bid": 0.5842}, "XMR/USDT": {"last": 151.74, "ask": 151.74, "bid": 151.78}, "POLC/USDT": {"last": 0.01596, "ask": 0.01607, "bid": 0.01614}, "ZEN/USDT": {"last": 8.08, "ask": 8.071, "bid": 8.082}, "FTM/USDT": {"last": 0.35959, "ask": 0.35951, "bid": 0.3596}, "ZCX/USDT": {"last": 0.06747, "ask": 0.06706, "bid": 0.06747}, "CKB/USDT": {"last": 0.003013, "ask": 0.003005, "bid": 0.003013}, "MAGIC/USDT": {"last": 0.812, "ask": 0.8127, "bid": 0.8137}, "MTL/USDT": {"last": 0.9822, "ask": 0.9788, "bid": 0.9814}, "DYDX/USDT": {"last": 2.0428, "ask": 2.0462, "bid": 2.0475}, "1EARTH/USDT": {"last": 0.00186502, "ask": 0.00185792, "bid": 0.00187298}, "REQ/USDT": {"last": 0.08874, "ask": 0.08844, "bid": 0.08879}, "SUKU/USDT": {"last": 0.05932, "ask": 0.05932, "bid": 0.05957}, "DAO/USDT": {"last": 1.46101, "ask": 1.46028, "bid": 1.46157}, "BOSON/USDT": {"last": 0.1736, "ask": 0.173, "bid": 0.1732}, "GODS/USDT": {"last": 0.1675, "ask": 0.167, "bid": 0.1673}, "XPR/USDT": {"last": 0.000979, "ask": 0.000979, "bid": 0.00098}, "LOKI/USDT": {"last": 0.11192, "ask": 0.11119, "bid": 0.11189}, "FXS/USDT": {"last": 6.285, "ask": 6.284, "bid": 6.287}, "XRD/USDT": {"last": 0.07159, "ask": 0.07159, "bid": 0.0717}, "RLC/USDT": {"last": 1.5028, "ask": 1.4965, "bid": 1.5007}, "FTT/USDT": {"last": 1.073, "ask": 1.071, "bid": 1.073}, "FITFI/USDT": {"last": 0.00571, "ask": 0.00569, "bid": 0.00571}, "BCHSV/USDT": {"last": 34.303, "ask": 34.312, "bid": 34.368}, "SNX/USDT": {"last": 2.002724, "ask": 2.001897, "bid": 2.003589}, "AIOZ/USDT": {"last": 0.01681, "ask": 0.01675, "bid": 0.01684}, "ATOM/USDT": {"last": 10.8875, "ask": 10.8904, "bid": 10.8917}, "MANA/USDT": {"last": 0.4402, "ask": 0.44033, "bid": 0.44048}, "AUDIO/USDT": {"last": 0.226, "ask": 0.2261, "bid": 0.2262}, "KSM/USDT": {"last": 24.447, "ask": 24.4391, "bid": 24.4573}, "ETH/USDT": {"last": 1770.17, "ask": 1770.17, "bid": 1770.18}, "STORJ/USDT": {"last": 0.2964, "ask": 0.2963, "bid": 0.297}, "GALAX/USDT": {"last": 0.02861, "ask": 0.02868, "bid": 0.02869}, "BURGER/USDT": {"last": 0.4473, "ask": 0.4491, "bid": 0.4495}, "PEOPLE/USDT": {"last": 0.01729, "ask": 0.01723, "bid": 0.01727}, "CWEB/USDT": {"last": 0.02704, "ask": 0.02703, "bid": 0.02704}, "FLOW/USDT": {"last": 0.737, "ask": 0.7371, "bid": 0.7377}, "SUPER/USDT": {"last": 0.12448, "ask": 0.12419, "bid": 0.12448}, "IMX/USDT": {"last": 0.7201, "ask": 0.7202, "bid": 0.7206}, "CREAM/USDT": {"last": 17.101, "ask": 17.103, "bid": 17.2}, "GARI/USDT": {"last": 0.05145, "ask": 0.05144, "bid": 0.05172}, "VRA/USDT": {"last": 0.00440821, "ask": 0.00440922, "bid": 0.00441224}, "WAX/USDT": {"last": 0.05478, "ask": 0.05471, "bid": 0.05478}, "DEXE/USDT": {"last": 2.5533, "ask": 2.5536, "bid": 2.5621}, "SDAO/USDT": {"last": 0.3219, "ask": 0.3218, "bid": 0.322}, "1INCH/USDT": {"last": 0.40461, "ask": 0.40452, "bid": 0.40486}, "PERP/USDT": {"last": 0.599, "ask": 0.5991, "bid": 0.5997}, "ANT/USDT": {"last": 3.1018, "ask": 3.1007, "bid": 3.1059}, "CAKE/USDT": {"last": 1.782, "ask": 1.782, "bid": 1.783}, "NWC/USDT": {"last": 0.080001, "ask": 0.080001, "bid": 0.080436}, "DAR/USDT": {"last": 0.1294, "ask": 0.129, "bid": 0.1293}, "GAL/USDT": {"last": 1.408, "ask": 1.406, "bid": 1.408}, "ONE/USDT": {"last": 0.0155, "ask": 0.015506, "bid": 0.015515}, "MASK/USDT": {"last": 3.5505,