{"NKN/USDT": {"last": 0.093706, "ask": 0.09355, "bid": 0.093739}, "SENSO/USDT": {"last": 0.059483, "ask": 0.059273, "bid": 0.059693}, "ALICE/USDT": {"last": 1.218, "ask": 1.223, "bid": 1.225}, "LINA/USDT": {"last": 0.009597, "ask": 0.009595, "bid": 0.009607}, "ETC/USDT": {"last": 18.1232, "ask": 18.1151, "bid": 18.1192}, "RUNE/USDT": {"last": 1.1741, "ask": 1.1732, "bid": 1.1736}, "ASTR/USDT": {"last": 0.05109, "ask": 0.05101, "bid": 0.05108}, "BCH/USDT": {"last": 114.98, "ask": 114.89, "bid": 114.96}, "KAVA/USDT": {"last": 0.9159, "ask": 0.9167, "bid": 0.9175}, "APT/USDT": {"last": 8.2439, "ask": 8.228, "bid": 8.2317}, "TRX/USDT": {"last": 0.068651, "ask": 0.068656, "bid": 0.068675}, "CELO/USDT": {"last": 0.5176, "ask": 0.5168, "bid": 0.5174}, "SAND/USDT": {"last": 0.49931, "ask": 0.499, "bid": 0.49931}, "KLAY/USDT": {"last": 0.186, "ask": 0.186, "bid": 0.1861}, "SUN/USDT": {"last": 0.0053485, "ask": 0.0053486, "bid": 0.0053546}, "DERO/USDT": {"last": 5.85305, "ask": 5.85305, "bid": 5.88428}, "LDO/USDT": {"last": 1.8936, "ask": 1.8925, "bid": 1.8937}, "WOM/USDT": {"last": 0.020313, "ask": 0.020224, "bid": 0.020381}, "NUM/USDT": {"last": 0.02915, "ask": 0.02902, "bid": 0.02924}, "TON/USDT": {"last": 1.8169, "ask": 1.8166, "bid": 1.8173}, "AAVE/USDT": {"last": 62.378, "ask": 62.302, "bid": 62.358}, "ELA/USDT": {"last": 1.2006, "ask": 1.1992, "bid": 1.2014}, "DOGE/USDT": {"last": 0.07148, "ask": 0.0715, "bid": 0.07151}, "BICO/USDT": {"last": 0.3072, "ask": 0.3078, "bid": 0.3084}, "PRE/USDT": {"last": 0.047269, "ask": 0.047269, "bid": 0.047407}, "ENS/USDT": {"last": 10.274, "ask": 10.266, "bid": 10.282}, "LPT/USDT": {"last": 4.7629, "ask": 4.757, "bid": 4.7717}, "TLOS/USDT": {"last": 0.172, "ask": 0.17157, "bid": 0.172}, "USDD/USDT": {"last": 0.9991, "ask": 0.9991, "bid": 0.9992}, "NEO/USDT": {"last": 8.9927, "ask": 8.9978, "bid": 9.0016}, "USDC/USDT": {"last": 0.99954, "ask": 0.99953, "bid": 0.99954}, "DOT/USDT": {"last": 5.285, "ask": 5.2863, "bid": 5.2864}, "AZERO/USDT": {"last": 1.109, "ask": 1.1065, "bid": 1.1094}, "EOS/USDT": {"last": 0.8657, "ask": 0.8655, "bid": 0.8657}, "UOS/USDT": {"last": 0.20138, "ask": 0.20133, "bid": 0.20138}, "GMX/USDT": {"last": 60.6478, "ask": 60.6146, "bid": 60.6612}, "POLS/USDT": {"last": 0.3616, "ask": 0.3611, "bid": 0.3616}, "IOST/USDT": {"last": 0.009205, "ask": 0.009245, "bid": 0.009253}, "TVK/USDT": {"last": 0.03254, "ask": 0.0326, "bid": 0.03274}, "AMB/USDT": {"last": 0.00972, "ask": 0.00973, "bid": 0.00976}, "BTC/USDT": {"last": 26544.9, "ask": 26543.2, "bid": 26545.0}, "OCEAN/USDT": {"last": 0.3322, "ask": 0.3318, "bid": 0.332}, "CETUS/USDT": {"last": 0.11436, "ask": 0.11411, "bid": 0.11436}, "APE/USDT": {"last": 3.2784, "ask": 3.276, "bid": 3.2765}, "ID/USDT": {"last": 0.47211, "ask": 0.47019, "bid": 0.47103}, "ADA/USDT": {"last": 0.362622, "ask": 0.362141, "bid": 0.36231}, "HNT/USDT": {"last": 1.354, "ask": 1.356, "bid": 1.362}, "ALPHA/USDT": {"last": 0.09869, "ask": 0.09882, "bid": 0.099}, "CFX/USDT": {"last": 0.241526, "ask": 0.241256, "bid": 0.241568}, "SRM/USDT": {"last": 0.0774, "ask": 0.0773, "bid": 0.0775}, "ERN/USDT": {"last": 1.7343, "ask": 1.7359, "bid": 1.7444}, "PEPE/USDT": {"last": 1.55e-06, "ask": 1.549e-06, "bid": 1.552e-06}, "ARX/USDT": {"last": 0.002072, "ask": 0.002072, "bid": 0.002081}, "CLV/USDT": {"last": 0.04631, "ask": 0.04632, "bid": 0.04642}, "MAP/USDT": {"last": 0.012891, "ask": 0.012889, "bid": 0.012903}, "BTT/USDT": {"last": 5.959e-07, "ask": 5.948e-07, "bid": 5.958e-07}, "ZEC/USDT": {"last": 32.528, "ask": 32.533, "bid": 32.547}, "SYLO/USDT": {"last": 0.001623, "ask": 0.001615, "bid": 0.001625}, "SPA/USDT": {"last": 0.007862, "ask": 0.007843, "bid": 0.007862}, "ICX/USDT": {"last": 0.2481, "ask": 0.2482, "bid": 0.2486}, "AGIX/USDT": {"last": 0.24695, "ask": 0.24688, "bid": 0.24713}, "JASMY/USDT": {"last": 0.004887, "ask": 0.00488, "bid": 0.004882}, "WIN/USDT": {"last": 7.472e-05, "ask": 7.464e-05, "bid": 7.483e-05}, "SXP/USDT": {"last": 0.4337, "ask": 0.4331, "bid": 0.4336}, "TEL/USDT": {"last": 0.00174249, "ask": 0.00173868, "bid": 0.00174388}, "HEART/USDT": {"last": 0.015607, "ask": 0.01554, "bid": 0.01562}, "NYM/USDT": {"last": 0.1719, "ask": 0.1724, "bid": 0.1736}, "LTO/USDT": {"last": 0.08445, "ask": 0.0841, "bid": 0.08445}, "RPL/USDT": {"last": 45.83, "ask": 45.89, "bid": 45.96}, "REN/USDT": {"last": 0.07467, "ask": 0.07457, "bid": 0.07473}, "BLUR/USDT": {"last": 0.476, "ask": 0.4763, "bid": 0.4766}, "LUNC/USDT": {"last": 8.995e-05, "ask": 8.995e-05, "bid": 8.996e-05}, "SHILL/USDT": {"last": 0.01113, "ask": 0.01112, "bid": 0.01114}, "DAG/USDT": {"last": 0.035634, "ask": 0.035663, "bid": 0.035709}, "STG/USDT": {"last": 0.6045, "ask": 0.6047, "bid": 0.6055}, "XMR/USDT": {"last": 151.97, "ask": 151.94, "bid": 151.96}, "POLC/USDT": {"last": 0.01625, "ask": 0.01619, "bid": 0.01624}, "ZEN/USDT": {"last": 8.191, "ask": 8.193, "bid": 8.205}, "FTM/USDT": {"last": 0.36649, "ask": 0.36651, "bid": 0.36652}, "ZCX/USDT": {"last": 0.06754, "ask": 0.0671, "bid": 0.06771}, "CKB/USDT": {"last": 0.003097, "ask": 0.003097, "bid": 0.003103}, "MAGIC/USDT": {"last": 0.8514, "ask": 0.85, "bid": 0.8517}, "MTL/USDT": {"last": 1.0032, "ask": 1.0013, "bid": 1.0036}, "DYDX/USDT": {"last": 2.0928, "ask": 2.0903, "bid": 2.092}, "1EARTH/USDT": {"last": 0.00191466, "ask": 0.00190847, "bid": 0.00192092}, "REQ/USDT": {"last": 0.08952, "ask": 0.08937, "bid": 0.0896}, "SUKU/USDT": {"last": 0.05967, "ask": 0.05939, "bid": 0.05967}, "DAO/USDT": {"last": 1.47213, "ask": 1.46925, "bid": 1.47356}, "BOSON/USDT": {"last": 0.1731, "ask": 0.1731, "bid": 0.1736}, "GODS/USDT": {"last": 0.1703, "ask": 0.1701, "bid": 0.1702}, "XPR/USDT": {"last": 0.000999, "ask": 0.000998, "bid": 0.001}, "LOKI/USDT": {"last": 0.11461, "ask": 0.11462, "bid": 0.11506}, "FXS/USDT": {"last": 6.415, "ask": 6.412, "bid": 6.416}, "XRD/USDT": {"last": 0.07384, "ask": 0.07384, "bid": 0.07386}, "RLC/USDT": {"last": 1.5196, "ask": 1.5159, "bid": 1.5198}, "FTT/USDT": {"last": 1.087, "ask": 1.086, "bid": 1.088}, "FITFI/USDT": {"last": 0.00586, "ask": 0.00586, "bid": 0.00589}, "BCHSV/USDT": {"last": 34.783, "ask": 34.767, "bid": 34.795}, "SNX/USDT": {"last": 2.042957, "ask": 2.040512, "bid": 2.042817}, "AIOZ/USDT": {"last": 0.017, "ask": 0.0169, "bid": 0.01707}, "ATOM/USDT": {"last": 11.0321, "ask": 11.0352, "bid": 11.0381}, "MANA/USDT": {"last": 0.45142, "ask": 0.45102, "bid": 0.45126}, "AUDIO/USDT": {"last": 0.2315, "ask": 0.2312, "bid": 0.2315}, "KSM/USDT": {"last": 24.9032, "ask": 24.9106, "bid": 24.9283}, "ETH/USDT": {"last": 1795.62, "ask": 1796.17, "bid": 1796.18}, "STORJ/USDT": {"last": 0.3009, "ask": 0.3018, "bid": 0.3027}, "GALAX/USDT": {"last": 0.02987, "ask": 0.02989, "bid": 0.02991}, "BURGER/USDT": {"last": 0.4624, "ask": 0.4615, "bid": 0.4632}, "PEOPLE/USDT": {"last": 0.01772, "ask": 0.01771, "bid": 0.01773}, "CWEB/USDT": {"last": 0.02713, "ask": 0.02712, "bid": 0.02713}, "FLOW/USDT": {"last": 0.7479, "ask": 0.748, "bid": 0.7486}, "SUPER/USDT": {"last": 0.12665, "ask": 0.12632, "bid": 0.12658}, "IMX/USDT": {"last": 0.7462, "ask": 0.7459, "bid": 0.7467}, "CREAM/USDT": {"last": 17.41, "ask": 17.418, "bid": 17.494}, "GARI/USDT": {"last": 0.05191, "ask": 0.05168, "bid": 0.05195}, "VRA/USDT": {"last": 0.00449598, "ask": 0.00449777, "bid": 0.00450355}, "WAX/USDT": {"last": 0.05568, "ask": 0.05569, "bid": 0.0559}, "DEXE/USDT": {"last": 2.585, "ask": 2.585, "bid": 2.5997}, "SDAO/USDT": {"last": 0.3219, "ask": 0.3212, "bid": 0.3218}, "1INCH/USDT": {"last": 0.41068, "ask": 0.41009, "bid": 0.41073}, "PERP/USDT": {"last": 0.6137, "ask": 0.6135, "bid": 0.6147}, "ANT/USDT": {"last": 3.1605, "ask": 3.1553, "bid": 3.1608}, "CAKE/USDT": {"last": 1.802, "ask": 1.801, "bid": 1.802}, "NWC/USDT": {"last": 0.081337, "ask": 0.08054, "bid": 0.08126}, "DAR/USDT": {"last": 0.1317, "ask": 0.1319, "bid": 0.1323}, "GAL/USDT": {"last": 1.437, "ask": 1.436, "bid": 1.438}, "ONE/USDT": {"last": 0.015865, "ask": 0.01584, "bid": 0.015847}, "MASK/USDT": {"last": 3.656,