{"NKN/USDT": {"last": 0.09106, "ask": 0.091055, "bid": 0.091298}, "SENSO/USDT": {"last": 0.05788, "ask": 0.057571, "bid": 0.058189}, "ALICE/USDT": {"last": 1.193, "ask": 1.191, "bid": 1.194}, "LINA/USDT": {"last": 0.0092, "ask": 0.009208, "bid": 0.009225}, "ETC/USDT": {"last": 17.7871, "ask": 17.751, "bid": 17.77}, "RUNE/USDT": {"last": 1.1494, "ask": 1.1486, "bid": 1.1499}, "ASTR/USDT": {"last": 0.04951, "ask": 0.04948, "bid": 0.0496}, "BCH/USDT": {"last": 113.04, "ask": 113.02, "bid": 113.09}, "KAVA/USDT": {"last": 0.9094, "ask": 0.9086, "bid": 0.9096}, "APT/USDT": {"last": 7.9263, "ask": 7.9239, "bid": 7.9299}, "TRX/USDT": {"last": 0.0684, "ask": 0.068393, "bid": 0.068402}, "CELO/USDT": {"last": 0.5037, "ask": 0.5037, "bid": 0.5045}, "SAND/USDT": {"last": 0.48486, "ask": 0.48443, "bid": 0.48486}, "KLAY/USDT": {"last": 0.1831, "ask": 0.1831, "bid": 0.1833}, "SUN/USDT": {"last": 0.0052953, "ask": 0.0052909, "bid": 0.0053088}, "DERO/USDT": {"last": 5.82855, "ask": 5.78, "bid": 5.79027}, "LDO/USDT": {"last": 1.8328, "ask": 1.8318, "bid": 1.8337}, "WOM/USDT": {"last": 0.020318, "ask": 0.02029, "bid": 0.020318}, "NUM/USDT": {"last": 0.02922, "ask": 0.02911, "bid": 0.02937}, "TON/USDT": {"last": 1.7837, "ask": 1.7841, "bid": 1.7851}, "AAVE/USDT": {"last": 61.014, "ask": 60.981, "bid": 61.014}, "ELA/USDT": {"last": 1.1977, "ask": 1.1888, "bid": 1.1999}, "DOGE/USDT": {"last": 0.07048, "ask": 0.07045, "bid": 0.07048}, "BICO/USDT": {"last": 0.3012, "ask": 0.3008, "bid": 0.3022}, "PRE/USDT": {"last": 0.045546, "ask": 0.045437, "bid": 0.045524}, "ENS/USDT": {"last": 10.086, "ask": 10.075, "bid": 10.09}, "LPT/USDT": {"last": 4.6323, "ask": 4.638, "bid": 4.6527}, "TLOS/USDT": {"last": 0.17048, "ask": 0.17039, "bid": 0.17072}, "USDD/USDT": {"last": 0.9992, "ask": 0.9992, "bid": 0.9993}, "NEO/USDT": {"last": 8.8128, "ask": 8.8026, "bid": 8.8097}, "USDC/USDT": {"last": 0.99954, "ask": 0.99953, "bid": 0.99954}, "DOT/USDT": {"last": 5.1768, "ask": 5.1735, "bid": 5.1773}, "AZERO/USDT": {"last": 1.0967, "ask": 1.0967, "bid": 1.0997}, "EOS/USDT": {"last": 0.8513, "ask": 0.8511, "bid": 0.8516}, "UOS/USDT": {"last": 0.20076, "ask": 0.20076, "bid": 0.20079}, "GMX/USDT": {"last": 59.3409, "ask": 59.2534, "bid": 59.3448}, "POLS/USDT": {"last": 0.3569, "ask": 0.3547, "bid": 0.3569}, "IOST/USDT": {"last": 0.009066, "ask": 0.009035, "bid": 0.009056}, "TVK/USDT": {"last": 0.03205, "ask": 0.03199, "bid": 0.03205}, "AMB/USDT": {"last": 0.00919, "ask": 0.00924, "bid": 0.00927}, "BTC/USDT": {"last": 25958.6, "ask": 25955.5, "bid": 25955.6}, "OCEAN/USDT": {"last": 0.3192, "ask": 0.319, "bid": 0.3193}, "CETUS/USDT": {"last": 0.10784, "ask": 0.10739, "bid": 0.10813}, "APE/USDT": {"last": 3.1904, "ask": 3.1877, "bid": 3.1894}, "ID/USDT": {"last": 0.44572, "ask": 0.44562, "bid": 0.44643}, "ADA/USDT": {"last": 0.355824, "ask": 0.355535, "bid": 0.355623}, "HNT/USDT": {"last": 1.29, "ask": 1.288, "bid": 1.294}, "ALPHA/USDT": {"last": 0.09481, "ask": 0.09463, "bid": 0.09489}, "CFX/USDT": {"last": 0.231984, "ask": 0.231834, "bid": 0.23195}, "SRM/USDT": {"last": 0.0771, "ask": 0.0771, "bid": 0.0776}, "ERN/USDT": {"last": 1.7164, "ask": 1.7125, "bid": 1.7224}, "PEPE/USDT": {"last": 1.331e-06, "ask": 1.331e-06, "bid": 1.333e-06}, "ARX/USDT": {"last": 0.002059, "ask": 0.002059, "bid": 0.002063}, "CLV/USDT": {"last": 0.04557, "ask": 0.04543, "bid": 0.04562}, "MAP/USDT": {"last": 0.012812, "ask": 0.012811, "bid": 0.012815}, "BTT/USDT": {"last": 5.925e-07, "ask": 5.927e-07, "bid": 5.94e-07}, "ZEC/USDT": {"last": 31.904, "ask": 31.862, "bid": 31.891}, "SYLO/USDT": {"last": 0.001615, "ask": 0.001614, "bid": 0.001615}, "SPA/USDT": {"last": 0.007701, "ask": 0.007717, "bid": 0.007739}, "ICX/USDT": {"last": 0.241, "ask": 0.2405, "bid": 0.241}, "AGIX/USDT": {"last": 0.23391, "ask": 0.23376, "bid": 0.2339}, "JASMY/USDT": {"last": 0.004818, "ask": 0.004813, "bid": 0.004817}, "WIN/USDT": {"last": 7.395e-05, "ask": 7.395e-05, "bid": 7.403e-05}, "SXP/USDT": {"last": 0.4231, "ask": 0.4226, "bid": 0.4231}, "TEL/USDT": {"last": 0.00168826, "ask": 0.00168806, "bid": 0.00169257}, "HEART/USDT": {"last": 0.01604, "ask": 0.01588, "bid": 0.015979}, "NYM/USDT": {"last": 0.1708, "ask": 0.1705, "bid": 0.1707}, "LTO/USDT": {"last": 0.08364, "ask": 0.08348, "bid": 0.08384}, "RPL/USDT": {"last": 44.87, "ask": 44.84, "bid": 45.02}, "REN/USDT": {"last": 0.07252, "ask": 0.07233, "bid": 0.07248}, "BLUR/USDT": {"last": 0.4511, "ask": 0.4508, "bid": 0.4512}, "LUNC/USDT": {"last": 8.769e-05, "ask": 8.763e-05, "bid": 8.77e-05}, "SHILL/USDT": {"last": 0.01116, "ask": 0.01115, "bid": 0.01118}, "DAG/USDT": {"last": 0.03498, "ask": 0.034911, "bid": 0.035004}, "STG/USDT": {"last": 0.5824, "ask": 0.5815, "bid": 0.5822}, "XMR/USDT": {"last": 150.61, "ask": 150.61, "bid": 150.67}, "POLC/USDT": {"last": 0.0161, "ask": 0.01609, "bid": 0.01621}, "ZEN/USDT": {"last": 8.015, "ask": 8.008, "bid": 8.022}, "FTM/USDT": {"last": 0.35732, "ask": 0.35713, "bid": 0.3572}, "ZCX/USDT": {"last": 0.06691, "ask": 0.06692, "bid": 0.0674}, "CKB/USDT": {"last": 0.002993, "ask": 0.002985, "bid": 0.002993}, "MAGIC/USDT": {"last": 0.8056, "ask": 0.8053, "bid": 0.8061}, "MTL/USDT": {"last": 0.975, "ask": 0.9742, "bid": 0.9758}, "DYDX/USDT": {"last": 2.035, "ask": 2.0302, "bid": 2.032}, "1EARTH/USDT": {"last": 0.00182884, "ask": 0.00182347, "bid": 0.00183216}, "REQ/USDT": {"last": 0.0883, "ask": 0.08821, "bid": 0.08847}, "SUKU/USDT": {"last": 0.05953, "ask": 0.05932, "bid": 0.05955}, "DAO/USDT": {"last": 1.45447, "ask": 1.45443, "bid": 1.45725}, "BOSON/USDT": {"last": 0.1737, "ask": 0.1736, "bid": 0.1737}, "GODS/USDT": {"last": 0.1661, "ask": 0.1662, "bid": 0.1664}, "XPR/USDT": {"last": 0.000971, "ask": 0.000971, "bid": 0.000972}, "LOKI/USDT": {"last": 0.11177, "ask": 0.11177, "bid": 0.11192}, "FXS/USDT": {"last": 6.271, "ask": 6.265, "bid": 6.274}, "XRD/USDT": {"last": 0.07163, "ask": 0.07153, "bid": 0.07163}, "RLC/USDT": {"last": 1.4854, "ask": 1.4793, "bid": 1.4854}, "FTT/USDT": {"last": 1.059, "ask": 1.058, "bid": 1.059}, "FITFI/USDT": {"last": 0.00571, "ask": 0.00566, "bid": 0.0057}, "BCHSV/USDT": {"last": 34.175, "ask": 34.104, "bid": 34.264}, "SNX/USDT": {"last": 1.993538, "ask": 1.991253, "bid": 1.993538}, "AIOZ/USDT": {"last": 0.01677, "ask": 0.01674, "bid": 0.01675}, "ATOM/USDT": {"last": 10.8672, "ask": 10.8686, "bid": 10.8726}, "MANA/USDT": {"last": 0.43873, "ask": 0.43847, "bid": 0.43884}, "AUDIO/USDT": {"last": 0.2244, "ask": 0.2244, "bid": 0.2246}, "KSM/USDT": {"last": 24.3342, "ask": 24.3314, "bid": 24.3529}, "ETH/USDT": {"last": 1756.2, "ask": 1756.2, "bid": 1756.21}, "STORJ/USDT": {"last": 0.2947, "ask": 0.2945, "bid": 0.2951}, "GALAX/USDT": {"last": 0.02851, "ask": 0.02846, "bid": 0.02848}, "BURGER/USDT": {"last": 0.4483, "ask": 0.446, "bid": 0.448}, "PEOPLE/USDT": {"last": 0.01708, "ask": 0.01713, "bid": 0.01716}, "CWEB/USDT": {"last": 0.02708, "ask": 0.02707, "bid": 0.02708}, "FLOW/USDT": {"last": 0.7324, "ask": 0.7315, "bid": 0.7331}, "SUPER/USDT": {"last": 0.1225, "ask": 0.12336, "bid": 0.12384}, "IMX/USDT": {"last": 0.716, "ask": 0.7155, "bid": 0.7166}, "CREAM/USDT": {"last": 16.99, "ask": 16.989, "bid": 17.084}, "GARI/USDT": {"last": 0.05145, "ask": 0.05151, "bid": 0.05174}, "VRA/USDT": {"last": 0.00438446, "ask": 0.00438252, "bid": 0.00438542}, "WAX/USDT": {"last": 0.0544, "ask": 0.05439, "bid": 0.05449}, "DEXE/USDT": {"last": 2.5206, "ask": 2.5072, "bid": 2.5206}, "SDAO/USDT": {"last": 0.3213, "ask": 0.3208, "bid": 0.3218}, "1INCH/USDT": {"last": 0.40273, "ask": 0.40222, "bid": 0.40254}, "PERP/USDT": {"last": 0.5946, "ask": 0.594, "bid": 0.5952}, "ANT/USDT": {"last": 3.1259, "ask": 3.1225, "bid": 3.126}, "CAKE/USDT": {"last": 1.774, "ask": 1.774, "bid": 1.775}, "NWC/USDT": {"last": 0.0804, "ask": 0.080408, "bid": 0.081219}, "DAR/USDT": {"last": 0.1288, "ask": 0.1288, "bid": 0.129}, "GAL/USDT": {"last": 1.395, "ask": 1.396, "bid": 1.398}, "ONE/USDT": {"last": 0.015404, "ask": 0.01539, "bid": 0.015404}, "MASK/USDT": {"last": 3.532,