{"NKN/USDT": {"last": 0.093526, "ask": 0.093166, "bid": 0.093447}, "SENSO/USDT": {"last": 0.059768, "ask": 0.059755, "bid": 0.060116}, "ALICE/USDT": {"last": 1.225, "ask": 1.22, "bid": 1.222}, "LINA/USDT": {"last": 0.009449, "ask": 0.00944, "bid": 0.00945}, "ETC/USDT": {"last": 18.0676, "ask": 18.0617, "bid": 18.0649}, "RUNE/USDT": {"last": 1.1677, "ask": 1.1674, "bid": 1.1677}, "ASTR/USDT": {"last": 0.05068, "ask": 0.05064, "bid": 0.05072}, "BCH/USDT": {"last": 114.33, "ask": 114.25, "bid": 114.32}, "KAVA/USDT": {"last": 0.9129, "ask": 0.9121, "bid": 0.9129}, "APT/USDT": {"last": 8.1876, "ask": 8.176, "bid": 8.1803}, "TRX/USDT": {"last": 0.068631, "ask": 0.06863, "bid": 0.068631}, "CELO/USDT": {"last": 0.516, "ask": 0.5147, "bid": 0.5153}, "SAND/USDT": {"last": 0.4954, "ask": 0.49511, "bid": 0.49528}, "KLAY/USDT": {"last": 0.1857, "ask": 0.1855, "bid": 0.1858}, "SUN/USDT": {"last": 0.0053523, "ask": 0.0053332, "bid": 0.0053535}, "DERO/USDT": {"last": 5.86, "ask": 5.86, "bid": 5.86348}, "LDO/USDT": {"last": 1.8995, "ask": 1.8995, "bid": 1.9008}, "WOM/USDT": {"last": 0.020311, "ask": 0.020233, "bid": 0.020434}, "NUM/USDT": {"last": 0.02912, "ask": 0.02901, "bid": 0.02927}, "TON/USDT": {"last": 1.8096, "ask": 1.8083, "bid": 1.8095}, "AAVE/USDT": {"last": 62.047, "ask": 62.011, "bid": 62.018}, "ELA/USDT": {"last": 1.2018, "ask": 1.2, "bid": 1.2026}, "DOGE/USDT": {"last": 0.07123, "ask": 0.07118, "bid": 0.07119}, "BICO/USDT": {"last": 0.3077, "ask": 0.3077, "bid": 0.3078}, "PRE/USDT": {"last": 0.04604, "ask": 0.046029, "bid": 0.046276}, "ENS/USDT": {"last": 10.265, "ask": 10.259, "bid": 10.277}, "LPT/USDT": {"last": 4.7594, "ask": 4.747, "bid": 4.7528}, "TLOS/USDT": {"last": 0.17155, "ask": 0.17134, "bid": 0.17151}, "USDD/USDT": {"last": 0.9988, "ask": 0.9988, "bid": 0.9989}, "NEO/USDT": {"last": 8.9756, "ask": 8.9645, "bid": 8.9685}, "USDC/USDT": {"last": 0.99953, "ask": 0.99953, "bid": 0.99954}, "DOT/USDT": {"last": 5.2552, "ask": 5.2504, "bid": 5.2516}, "AZERO/USDT": {"last": 1.1065, "ask": 1.1054, "bid": 1.1072}, "EOS/USDT": {"last": 0.863, "ask": 0.8624, "bid": 0.8629}, "UOS/USDT": {"last": 0.20044, "ask": 0.20049, "bid": 0.2007}, "GMX/USDT": {"last": 60.4055, "ask": 60.3985, "bid": 60.4162}, "POLS/USDT": {"last": 0.3607, "ask": 0.36, "bid": 0.3612}, "IOST/USDT": {"last": 0.009246, "ask": 0.009214, "bid": 0.009232}, "TVK/USDT": {"last": 0.03265, "ask": 0.0326, "bid": 0.03272}, "AMB/USDT": {"last": 0.00968, "ask": 0.00967, "bid": 0.0097}, "BTC/USDT": {"last": 26377.7, "ask": 26377.6, "bid": 26377.7}, "OCEAN/USDT": {"last": 0.3265, "ask": 0.3262, "bid": 0.3264}, "CETUS/USDT": {"last": 0.11428, "ask": 0.11328, "bid": 0.11404}, "APE/USDT": {"last": 3.2489, "ask": 3.2437, "bid": 3.2438}, "ID/USDT": {"last": 0.46691, "ask": 0.46653, "bid": 0.46673}, "ADA/USDT": {"last": 0.360821, "ask": 0.360726, "bid": 0.360765}, "HNT/USDT": {"last": 1.339, "ask": 1.337, "bid": 1.343}, "ALPHA/USDT": {"last": 0.09797, "ask": 0.09786, "bid": 0.09808}, "CFX/USDT": {"last": 0.239988, "ask": 0.239852, "bid": 0.239959}, "SRM/USDT": {"last": 0.0783, "ask": 0.078, "bid": 0.0782}, "ERN/USDT": {"last": 1.7382, "ask": 1.7351, "bid": 1.7407}, "PEPE/USDT": {"last": 1.521e-06, "ask": 1.521e-06, "bid": 1.522e-06}, "ARX/USDT": {"last": 0.00207, "ask": 0.002069, "bid": 0.002073}, "CLV/USDT": {"last": 0.0463, "ask": 0.04614, "bid": 0.0463}, "MAP/USDT": {"last": 0.012872, "ask": 0.012867, "bid": 0.012869}, "BTT/USDT": {"last": 5.939e-07, "ask": 5.939e-07, "bid": 5.94e-07}, "ZEC/USDT": {"last": 32.464, "ask": 32.45, "bid": 32.458}, "SYLO/USDT": {"last": 0.001616, "ask": 0.001614, "bid": 0.001616}, "SPA/USDT": {"last": 0.00784, "ask": 0.007818, "bid": 0.007839}, "ICX/USDT": {"last": 0.2479, "ask": 0.2475, "bid": 0.2479}, "AGIX/USDT": {"last": 0.24405, "ask": 0.244, "bid": 0.24409}, "JASMY/USDT": {"last": 0.004909, "ask": 0.004903, "bid": 0.004905}, "WIN/USDT": {"last": 7.476e-05, "ask": 7.47e-05, "bid": 7.476e-05}, "SXP/USDT": {"last": 0.4335, "ask": 0.4334, "bid": 0.4335}, "TEL/USDT": {"last": 0.001723, "ask": 0.00171713, "bid": 0.00172299}, "HEART/USDT": {"last": 0.015536, "ask": 0.015516, "bid": 0.015539}, "NYM/USDT": {"last": 0.1719, "ask": 0.1716, "bid": 0.173}, "LTO/USDT": {"last": 0.08445, "ask": 0.08413, "bid": 0.08445}, "RPL/USDT": {"last": 45.97, "ask": 45.96, "bid": 45.98}, "REN/USDT": {"last": 0.07435, "ask": 0.07401, "bid": 0.07413}, "BLUR/USDT": {"last": 0.473, "ask": 0.472, "bid": 0.4722}, "LUNC/USDT": {"last": 8.893e-05, "ask": 8.894e-05, "bid": 8.897e-05}, "SHILL/USDT": {"last": 0.01113, "ask": 0.01112, "bid": 0.01113}, "DAG/USDT": {"last": 0.035593, "ask": 0.035575, "bid": 0.035621}, "STG/USDT": {"last": 0.5989, "ask": 0.5979, "bid": 0.5986}, "XMR/USDT": {"last": 151.8, "ask": 151.74, "bid": 151.78}, "POLC/USDT": {"last": 0.01627, "ask": 0.01615, "bid": 0.01627}, "ZEN/USDT": {"last": 8.184, "ask": 8.152, "bid": 8.171}, "FTM/USDT": {"last": 0.36398, "ask": 0.36385, "bid": 0.36388}, "ZCX/USDT": {"last": 0.06755, "ask": 0.06707, "bid": 0.0676}, "CKB/USDT": {"last": 0.003059, "ask": 0.003056, "bid": 0.003062}, "MAGIC/USDT": {"last": 0.844, "ask": 0.8421, "bid": 0.8428}, "MTL/USDT": {"last": 0.998, "ask": 0.9941, "bid": 0.995}, "DYDX/USDT": {"last": 2.0908, "ask": 2.0897, "bid": 2.0911}, "1EARTH/USDT": {"last": 0.00192102, "ask": 0.00191827, "bid": 0.00192388}, "REQ/USDT": {"last": 0.08932, "ask": 0.08941, "bid": 0.0896}, "SUKU/USDT": {"last": 0.0596, "ask": 0.05934, "bid": 0.05953}, "DAO/USDT": {"last": 1.46994, "ask": 1.46749, "bid": 1.47093}, "BOSON/USDT": {"last": 0.1727, "ask": 0.173, "bid": 0.1735}, "GODS/USDT": {"last": 0.1694, "ask": 0.1693, "bid": 0.1694}, "XPR/USDT": {"last": 0.000986, "ask": 0.000985, "bid": 0.000986}, "LOKI/USDT": {"last": 0.11259, "ask": 0.11261, "bid": 0.11289}, "FXS/USDT": {"last": 6.388, "ask": 6.376, "bid": 6.38}, "XRD/USDT": {"last": 0.07359, "ask": 0.07349, "bid": 0.07359}, "RLC/USDT": {"last": 1.5069, "ask": 1.5032, "bid": 1.5059}, "FTT/USDT": {"last": 1.085, "ask": 1.084, "bid": 1.085}, "FITFI/USDT": {"last": 0.00589, "ask": 0.00583, "bid": 0.00585}, "BCHSV/USDT": {"last": 34.681, "ask": 34.593, "bid": 34.647}, "SNX/USDT": {"last": 2.034198, "ask": 2.032943, "bid": 2.035527}, "AIOZ/USDT": {"last": 0.01697, "ask": 0.01684, "bid": 0.01696}, "ATOM/USDT": {"last": 11.0083, "ask": 11.0048, "bid": 11.0075}, "MANA/USDT": {"last": 0.44974, "ask": 0.44823, "bid": 0.44837}, "AUDIO/USDT": {"last": 0.2307, "ask": 0.2302, "bid": 0.2304}, "KSM/USDT": {"last": 24.8445, "ask": 24.8345, "bid": 24.8433}, "ETH/USDT": {"last": 1784.01, "ask": 1784.0, "bid": 1784.01}, "STORJ/USDT": {"last": 0.3021, "ask": 0.301, "bid": 0.3018}, "GALAX/USDT": {"last": 0.02964, "ask": 0.02961, "bid": 0.02964}, "BURGER/USDT": {"last": 0.4604, "ask": 0.459, "bid": 0.4609}, "PEOPLE/USDT": {"last": 0.01767, "ask": 0.01764, "bid": 0.01767}, "CWEB/USDT": {"last": 0.02714, "ask": 0.02707, "bid": 0.02714}, "FLOW/USDT": {"last": 0.7454, "ask": 0.7441, "bid": 0.7448}, "SUPER/USDT": {"last": 0.1261, "ask": 0.12598, "bid": 0.12627}, "IMX/USDT": {"last": 0.7451, "ask": 0.7439, "bid": 0.7443}, "CREAM/USDT": {"last": 17.318, "ask": 17.362, "bid": 17.442}, "GARI/USDT": {"last": 0.05203, "ask": 0.05156, "bid": 0.05186}, "VRA/USDT": {"last": 0.00449467, "ask": 0.00449118, "bid": 0.00449572}, "WAX/USDT": {"last": 0.0554, "ask": 0.0554, "bid": 0.05546}, "DEXE/USDT": {"last": 2.584, "ask": 2.5746, "bid": 2.588}, "SDAO/USDT": {"last": 0.3244, "ask": 0.3243, "bid": 0.3244}, "1INCH/USDT": {"last": 0.41007, "ask": 0.40968, "bid": 0.41}, "PERP/USDT": {"last": 0.6126, "ask": 0.6103, "bid": 0.6115}, "ANT/USDT": {"last": 3.1524, "ask": 3.1421, "bid": 3.146}, "CAKE/USDT": {"last": 1.797, "ask": 1.796, "bid": 1.797}, "NWC/USDT": {"last": 0.080483, "ask": 0.080519, "bid": 0.081294}, "DAR/USDT": {"last": 0.1313, "ask": 0.1311, "bid": 0.1313}, "GAL/USDT": {"last": 1.435, "ask": 1.432, "bid": 1.434}, "ONE/USDT": {"last": 0.015799, "ask": 0.015787, "bid": 0.015798}, "MASK/USDT": {"last": 3.6243, "ask": 3.6246,