{"NKN/USDT": {"last": 0.093293, "ask": 0.093101, "bid": 0.093293}, "SENSO/USDT": {"last": 0.059861, "ask": 0.059649, "bid": 0.060072}, "ALICE/USDT": {"last": 1.214, "ask": 1.219, "bid": 1.22}, "LINA/USDT": {"last": 0.0095, "ask": 0.009476, "bid": 0.009497}, "ETC/USDT": {"last": 18.0656, "ask": 18.0592, "bid": 18.0662}, "RUNE/USDT": {"last": 1.169, "ask": 1.1701, "bid": 1.1709}, "ASTR/USDT": {"last": 0.0508, "ask": 0.05072, "bid": 0.05079}, "BCH/USDT": {"last": 114.34, "ask": 114.27, "bid": 114.32}, "KAVA/USDT": {"last": 0.9105, "ask": 0.9118, "bid": 0.9129}, "APT/USDT": {"last": 8.1599, "ask": 8.1579, "bid": 8.1637}, "TRX/USDT": {"last": 0.068832, "ask": 0.068832, "bid": 0.068836}, "CELO/USDT": {"last": 0.5137, "ask": 0.5149, "bid": 0.5156}, "SAND/USDT": {"last": 0.49462, "ask": 0.49444, "bid": 0.49471}, "KLAY/USDT": {"last": 0.186, "ask": 0.186, "bid": 0.1862}, "SUN/USDT": {"last": 0.0053512, "ask": 0.0053514, "bid": 0.0053552}, "DERO/USDT": {"last": 5.80396, "ask": 5.81014, "bid": 5.81225}, "LDO/USDT": {"last": 1.8733, "ask": 1.8703, "bid": 1.8726}, "WOM/USDT": {"last": 0.020326, "ask": 0.020225, "bid": 0.020447}, "NUM/USDT": {"last": 0.02914, "ask": 0.02905, "bid": 0.02924}, "TON/USDT": {"last": 1.8031, "ask": 1.802, "bid": 1.803}, "AAVE/USDT": {"last": 62.068, "ask": 62.033, "bid": 62.062}, "ELA/USDT": {"last": 1.2132, "ask": 1.212, "bid": 1.2138}, "DOGE/USDT": {"last": 0.07129, "ask": 0.07129, "bid": 0.0713}, "BICO/USDT": {"last": 0.3062, "ask": 0.307, "bid": 0.3077}, "PRE/USDT": {"last": 0.045289, "ask": 0.045287, "bid": 0.045426}, "ENS/USDT": {"last": 10.256, "ask": 10.259, "bid": 10.277}, "LPT/USDT": {"last": 4.733, "ask": 4.7404, "bid": 4.7529}, "TLOS/USDT": {"last": 0.17184, "ask": 0.1716, "bid": 0.172}, "USDD/USDT": {"last": 0.9988, "ask": 0.9988, "bid": 0.9989}, "NEO/USDT": {"last": 8.978, "ask": 8.9857, "bid": 8.995}, "USDC/USDT": {"last": 0.99954, "ask": 0.99953, "bid": 0.99954}, "DOT/USDT": {"last": 5.2565, "ask": 5.2563, "bid": 5.2573}, "AZERO/USDT": {"last": 1.1072, "ask": 1.1032, "bid": 1.1072}, "EOS/USDT": {"last": 0.861, "ask": 0.8607, "bid": 0.8611}, "UOS/USDT": {"last": 0.20067, "ask": 0.19986, "bid": 0.20056}, "GMX/USDT": {"last": 60.5476, "ask": 60.5347, "bid": 60.5989}, "POLS/USDT": {"last": 0.3601, "ask": 0.3601, "bid": 0.361}, "IOST/USDT": {"last": 0.009205, "ask": 0.009206, "bid": 0.009226}, "TVK/USDT": {"last": 0.03256, "ask": 0.03259, "bid": 0.03265}, "AMB/USDT": {"last": 0.00959, "ask": 0.00959, "bid": 0.00961}, "BTC/USDT": {"last": 26461.2, "ask": 26461.2, "bid": 26461.3}, "OCEAN/USDT": {"last": 0.3283, "ask": 0.3279, "bid": 0.3281}, "CETUS/USDT": {"last": 0.11231, "ask": 0.11251, "bid": 0.11328}, "APE/USDT": {"last": 3.2439, "ask": 3.2426, "bid": 3.2444}, "ID/USDT": {"last": 0.46582, "ask": 0.46575, "bid": 0.46583}, "ADA/USDT": {"last": 0.360947, "ask": 0.361009, "bid": 0.361062}, "HNT/USDT": {"last": 1.336, "ask": 1.337, "bid": 1.343}, "ALPHA/USDT": {"last": 0.09755, "ask": 0.09743, "bid": 0.09763}, "CFX/USDT": {"last": 0.23911, "ask": 0.239125, "bid": 0.239315}, "SRM/USDT": {"last": 0.0781, "ask": 0.0777, "bid": 0.0781}, "ERN/USDT": {"last": 1.735, "ask": 1.7342, "bid": 1.7378}, "PEPE/USDT": {"last": 1.496e-06, "ask": 1.496e-06, "bid": 1.498e-06}, "ARX/USDT": {"last": 0.002065, "ask": 0.002065, "bid": 0.002072}, "CLV/USDT": {"last": 0.04608, "ask": 0.04607, "bid": 0.04629}, "MAP/USDT": {"last": 0.01289, "ask": 0.012886, "bid": 0.012895}, "BTT/USDT": {"last": 5.926e-07, "ask": 5.925e-07, "bid": 5.93e-07}, "ZEC/USDT": {"last": 32.561, "ask": 32.554, "bid": 32.565}, "SYLO/USDT": {"last": 0.001615, "ask": 0.001614, "bid": 0.001615}, "SPA/USDT": {"last": 0.00788, "ask": 0.007852, "bid": 0.007894}, "ICX/USDT": {"last": 0.2481, "ask": 0.2477, "bid": 0.2481}, "AGIX/USDT": {"last": 0.24496, "ask": 0.24478, "bid": 0.24492}, "JASMY/USDT": {"last": 0.004963, "ask": 0.004962, "bid": 0.004966}, "WIN/USDT": {"last": 7.476e-05, "ask": 7.474e-05, "bid": 7.489e-05}, "SXP/USDT": {"last": 0.4306, "ask": 0.4306, "bid": 0.4308}, "TEL/USDT": {"last": 0.00171568, "ask": 0.00171781, "bid": 0.00172137}, "HEART/USDT": {"last": 0.015349, "ask": 0.01527, "bid": 0.015382}, "NYM/USDT": {"last": 0.1715, "ask": 0.1722, "bid": 0.1726}, "LTO/USDT": {"last": 0.08416, "ask": 0.08381, "bid": 0.0842}, "RPL/USDT": {"last": 46.64, "ask": 46.55, "bid": 46.78}, "REN/USDT": {"last": 0.07402, "ask": 0.0739, "bid": 0.07406}, "BLUR/USDT": {"last": 0.466, "ask": 0.466, "bid": 0.4664}, "LUNC/USDT": {"last": 8.895e-05, "ask": 8.895e-05, "bid": 8.904e-05}, "SHILL/USDT": {"last": 0.01115, "ask": 0.01114, "bid": 0.01115}, "DAG/USDT": {"last": 0.035502, "ask": 0.035502, "bid": 0.035573}, "STG/USDT": {"last": 0.5961, "ask": 0.596, "bid": 0.5965}, "XMR/USDT": {"last": 152.27, "ask": 152.17, "bid": 152.2}, "POLC/USDT": {"last": 0.01616, "ask": 0.01614, "bid": 0.01616}, "ZEN/USDT": {"last": 8.16, "ask": 8.15, "bid": 8.173}, "FTM/USDT": {"last": 0.36587, "ask": 0.36577, "bid": 0.36579}, "ZCX/USDT": {"last": 0.06698, "ask": 0.06694, "bid": 0.06698}, "CKB/USDT": {"last": 0.003084, "ask": 0.003084, "bid": 0.003099}, "MAGIC/USDT": {"last": 0.8381, "ask": 0.8377, "bid": 0.8392}, "MTL/USDT": {"last": 0.998, "ask": 0.9961, "bid": 0.9981}, "DYDX/USDT": {"last": 2.0878, "ask": 2.0868, "bid": 2.0886}, "1EARTH/USDT": {"last": 0.00190982, "ask": 0.00190982, "bid": 0.00191588}, "REQ/USDT": {"last": 0.08918, "ask": 0.08919, "bid": 0.08927}, "SUKU/USDT": {"last": 0.0596, "ask": 0.05934, "bid": 0.05961}, "DAO/USDT": {"last": 1.46694, "ask": 1.46419, "bid": 1.46841}, "BOSON/USDT": {"last": 0.173, "ask": 0.173, "bid": 0.1731}, "GODS/USDT": {"last": 0.1686, "ask": 0.1685, "bid": 0.1686}, "XPR/USDT": {"last": 0.000984, "ask": 0.000984, "bid": 0.000985}, "LOKI/USDT": {"last": 0.11188, "ask": 0.1119, "bid": 0.11286}, "FXS/USDT": {"last": 6.376, "ask": 6.372, "bid": 6.373}, "XRD/USDT": {"last": 0.0738, "ask": 0.07339, "bid": 0.07351}, "RLC/USDT": {"last": 1.5061, "ask": 1.5064, "bid": 1.5119}, "FTT/USDT": {"last": 1.084, "ask": 1.084, "bid": 1.086}, "FITFI/USDT": {"last": 0.00581, "ask": 0.0058, "bid": 0.00585}, "BCHSV/USDT": {"last": 34.723, "ask": 34.673, "bid": 34.728}, "SNX/USDT": {"last": 2.035429, "ask": 2.034799, "bid": 2.037169}, "AIOZ/USDT": {"last": 0.01694, "ask": 0.01683, "bid": 0.01698}, "ATOM/USDT": {"last": 11.026, "ask": 11.0233, "bid": 11.0265}, "MANA/USDT": {"last": 0.44798, "ask": 0.44798, "bid": 0.44816}, "AUDIO/USDT": {"last": 0.2296, "ask": 0.2297, "bid": 0.2299}, "KSM/USDT": {"last": 24.8442, "ask": 24.8314, "bid": 24.8513}, "ETH/USDT": {"last": 1788.07, "ask": 1788.44, "bid": 1788.45}, "STORJ/USDT": {"last": 0.3017, "ask": 0.3011, "bid": 0.3019}, "GALAX/USDT": {"last": 0.02962, "ask": 0.02963, "bid": 0.02967}, "BURGER/USDT": {"last": 0.4546, "ask": 0.4549, "bid": 0.455}, "PEOPLE/USDT": {"last": 0.01752, "ask": 0.01753, "bid": 0.01755}, "CWEB/USDT": {"last": 0.02713, "ask": 0.02713, "bid": 0.02714}, "FLOW/USDT": {"last": 0.7449, "ask": 0.7449, "bid": 0.7456}, "SUPER/USDT": {"last": 0.12633, "ask": 0.12595, "bid": 0.12634}, "IMX/USDT": {"last": 0.7426, "ask": 0.7422, "bid": 0.7434}, "CREAM/USDT": {"last": 17.263, "ask": 17.262, "bid": 17.365}, "GARI/USDT": {"last": 0.05221, "ask": 0.05155, "bid": 0.05202}, "VRA/USDT": {"last": 0.00449586, "ask": 0.00449205, "bid": 0.00449586}, "WAX/USDT": {"last": 0.0553, "ask": 0.05519, "bid": 0.0553}, "DEXE/USDT": {"last": 2.584, "ask": 2.5806, "bid": 2.588}, "SDAO/USDT": {"last": 0.3242, "ask": 0.324, "bid": 0.3247}, "1INCH/USDT": {"last": 0.40978, "ask": 0.40964, "bid": 0.41}, "PERP/USDT": {"last": 0.6062, "ask": 0.6078, "bid": 0.6087}, "ANT/USDT": {"last": 3.11, "ask": 3.1131, "bid": 3.1174}, "CAKE/USDT": {"last": 1.795, "ask": 1.794, "bid": 1.795}, "NWC/USDT": {"last": 0.080766, "ask": 0.080004, "bid": 0.080766}, "DAR/USDT": {"last": 0.1308, "ask": 0.1311, "bid": 0.1313}, "GAL/USDT": {"last": 1.43, "ask": 1.432, "bid": 1.433}, "ONE/USDT": {"last": 0.015775, "ask": 0.015757, "bid": 0.01577}, "MASK/USDT": {"last": 3.6367,