{"NKN/USDT": {"last": 0.093222, "ask": 0.09304, "bid": 0.093249}, "SENSO/USDT": {"last": 0.059311, "ask": 0.059069, "bid": 0.059554}, "ALICE/USDT": {"last": 1.218, "ask": 1.216, "bid": 1.217}, "LINA/USDT": {"last": 0.00947, "ask": 0.009464, "bid": 0.009476}, "ETC/USDT": {"last": 18.0599, "ask": 18.0588, "bid": 18.063}, "RUNE/USDT": {"last": 1.1658, "ask": 1.1659, "bid": 1.1665}, "ASTR/USDT": {"last": 0.05063, "ask": 0.05061, "bid": 0.05066}, "BCH/USDT": {"last": 114.28, "ask": 114.28, "bid": 114.33}, "KAVA/USDT": {"last": 0.9119, "ask": 0.9124, "bid": 0.913}, "APT/USDT": {"last": 8.1792, "ask": 8.1796, "bid": 8.184}, "TRX/USDT": {"last": 0.0685, "ask": 0.068481, "bid": 0.068482}, "CELO/USDT": {"last": 0.5139, "ask": 0.5139, "bid": 0.5153}, "SAND/USDT": {"last": 0.49508, "ask": 0.49475, "bid": 0.49488}, "KLAY/USDT": {"last": 0.1851, "ask": 0.185, "bid": 0.1853}, "SUN/USDT": {"last": 0.0053464, "ask": 0.0053419, "bid": 0.0053501}, "DERO/USDT": {"last": 5.80318, "ask": 5.80319, "bid": 5.848}, "LDO/USDT": {"last": 1.889, "ask": 1.8882, "bid": 1.8893}, "WOM/USDT": {"last": 0.020384, "ask": 0.020224, "bid": 0.020389}, "NUM/USDT": {"last": 0.02914, "ask": 0.02905, "bid": 0.02914}, "TON/USDT": {"last": 1.8111, "ask": 1.8106, "bid": 1.8117}, "AAVE/USDT": {"last": 61.952, "ask": 61.877, "bid": 61.906}, "ELA/USDT": {"last": 1.2015, "ask": 1.2001, "bid": 1.2026}, "DOGE/USDT": {"last": 0.07113, "ask": 0.07108, "bid": 0.0711}, "BICO/USDT": {"last": 0.3082, "ask": 0.3077, "bid": 0.3081}, "PRE/USDT": {"last": 0.046618, "ask": 0.046675, "bid": 0.046933}, "ENS/USDT": {"last": 10.207, "ask": 10.216, "bid": 10.232}, "LPT/USDT": {"last": 4.7501, "ask": 4.7333, "bid": 4.7428}, "TLOS/USDT": {"last": 0.17194, "ask": 0.17149, "bid": 0.172}, "USDD/USDT": {"last": 0.9987, "ask": 0.9987, "bid": 0.9988}, "NEO/USDT": {"last": 8.9506, "ask": 8.9486, "bid": 8.9536}, "USDC/USDT": {"last": 0.99953, "ask": 0.99953, "bid": 0.99954}, "DOT/USDT": {"last": 5.2483, "ask": 5.247, "bid": 5.2472}, "AZERO/USDT": {"last": 1.1064, "ask": 1.1056, "bid": 1.1072}, "EOS/USDT": {"last": 0.8607, "ask": 0.8605, "bid": 0.8608}, "UOS/USDT": {"last": 0.20156, "ask": 0.20104, "bid": 0.20156}, "GMX/USDT": {"last": 60.2774, "ask": 60.1993, "bid": 60.2412}, "POLS/USDT": {"last": 0.3603, "ask": 0.3595, "bid": 0.3611}, "IOST/USDT": {"last": 0.009246, "ask": 0.009195, "bid": 0.009215}, "TVK/USDT": {"last": 0.03254, "ask": 0.03251, "bid": 0.03264}, "AMB/USDT": {"last": 0.00976, "ask": 0.00974, "bid": 0.00976}, "BTC/USDT": {"last": 26389.0, "ask": 26388.9, "bid": 26389.0}, "OCEAN/USDT": {"last": 0.3281, "ask": 0.328, "bid": 0.3281}, "CETUS/USDT": {"last": 0.11229, "ask": 0.11228, "bid": 0.11307}, "APE/USDT": {"last": 3.2493, "ask": 3.2471, "bid": 3.2481}, "ID/USDT": {"last": 0.4655, "ask": 0.46577, "bid": 0.46632}, "ADA/USDT": {"last": 0.360238, "ask": 0.360093, "bid": 0.360127}, "HNT/USDT": {"last": 1.341, "ask": 1.335, "bid": 1.341}, "ALPHA/USDT": {"last": 0.0982, "ask": 0.09797, "bid": 0.09818}, "CFX/USDT": {"last": 0.239364, "ask": 0.239233, "bid": 0.239365}, "SRM/USDT": {"last": 0.0774, "ask": 0.0771, "bid": 0.0773}, "ERN/USDT": {"last": 1.7334, "ask": 1.7312, "bid": 1.7345}, "PEPE/USDT": {"last": 1.522e-06, "ask": 1.522e-06, "bid": 1.524e-06}, "ARX/USDT": {"last": 0.002066, "ask": 0.002068, "bid": 0.002073}, "CLV/USDT": {"last": 0.04623, "ask": 0.04613, "bid": 0.04623}, "MAP/USDT": {"last": 0.012827, "ask": 0.01282, "bid": 0.012832}, "BTT/USDT": {"last": 5.951e-07, "ask": 5.947e-07, "bid": 5.96e-07}, "ZEC/USDT": {"last": 32.344, "ask": 32.342, "bid": 32.347}, "SYLO/USDT": {"last": 0.001614, "ask": 0.001614, "bid": 0.001616}, "SPA/USDT": {"last": 0.00783, "ask": 0.007835, "bid": 0.007852}, "ICX/USDT": {"last": 0.2477, "ask": 0.2469, "bid": 0.2474}, "AGIX/USDT": {"last": 0.24423, "ask": 0.24419, "bid": 0.24425}, "JASMY/USDT": {"last": 0.004881, "ask": 0.004877, "bid": 0.00488}, "WIN/USDT": {"last": 7.456e-05, "ask": 7.456e-05, "bid": 7.465e-05}, "SXP/USDT": {"last": 0.4324, "ask": 0.4321, "bid": 0.4323}, "TEL/USDT": {"last": 0.00171562, "ask": 0.00171616, "bid": 0.00172}, "HEART/USDT": {"last": 0.015538, "ask": 0.015487, "bid": 0.015621}, "NYM/USDT": {"last": 0.1719, "ask": 0.1717, "bid": 0.173}, "LTO/USDT": {"last": 0.08406, "ask": 0.08406, "bid": 0.08444}, "RPL/USDT": {"last": 45.9, "ask": 45.89, "bid": 45.95}, "REN/USDT": {"last": 0.07418, "ask": 0.07416, "bid": 0.07428}, "BLUR/USDT": {"last": 0.4745, "ask": 0.4743, "bid": 0.4746}, "LUNC/USDT": {"last": 8.914e-05, "ask": 8.909e-05, "bid": 8.912e-05}, "SHILL/USDT": {"last": 0.01113, "ask": 0.01112, "bid": 0.01114}, "DAG/USDT": {"last": 0.035501, "ask": 0.035501, "bid": 0.035622}, "STG/USDT": {"last": 0.6006, "ask": 0.6, "bid": 0.6006}, "XMR/USDT": {"last": 151.66, "ask": 151.6, "bid": 151.61}, "POLC/USDT": {"last": 0.01626, "ask": 0.01616, "bid": 0.01627}, "ZEN/USDT": {"last": 8.171, "ask": 8.145, "bid": 8.157}, "FTM/USDT": {"last": 0.36364, "ask": 0.36348, "bid": 0.36356}, "ZCX/USDT": {"last": 0.06754, "ask": 0.06711, "bid": 0.06771}, "CKB/USDT": {"last": 0.003069, "ask": 0.003064, "bid": 0.003072}, "MAGIC/USDT": {"last": 0.8381, "ask": 0.8378, "bid": 0.8393}, "MTL/USDT": {"last": 0.9994, "ask": 0.9914, "bid": 0.9938}, "DYDX/USDT": {"last": 2.076, "ask": 2.0762, "bid": 2.0772}, "1EARTH/USDT": {"last": 0.00191739, "ask": 0.00191377, "bid": 0.00192098}, "REQ/USDT": {"last": 0.08949, "ask": 0.08917, "bid": 0.08942}, "SUKU/USDT": {"last": 0.05964, "ask": 0.05935, "bid": 0.05967}, "DAO/USDT": {"last": 1.47011, "ask": 1.46748, "bid": 1.46996}, "BOSON/USDT": {"last": 0.1736, "ask": 0.173, "bid": 0.1736}, "GODS/USDT": {"last": 0.1695, "ask": 0.1695, "bid": 0.1696}, "XPR/USDT": {"last": 0.000991, "ask": 0.00099, "bid": 0.000991}, "LOKI/USDT": {"last": 0.11405, "ask": 0.1138, "bid": 0.11409}, "FXS/USDT": {"last": 6.374, "ask": 6.374, "bid": 6.379}, "XRD/USDT": {"last": 0.0738, "ask": 0.0738, "bid": 0.07382}, "RLC/USDT": {"last": 1.5059, "ask": 1.5037, "bid": 1.5069}, "FTT/USDT": {"last": 1.083, "ask": 1.084, "bid": 1.087}, "FITFI/USDT": {"last": 0.00583, "ask": 0.00583, "bid": 0.00584}, "BCHSV/USDT": {"last": 34.674, "ask": 34.673, "bid": 34.742}, "SNX/USDT": {"last": 2.029882, "ask": 2.02753, "bid": 2.02942}, "AIOZ/USDT": {"last": 0.01685, "ask": 0.0168, "bid": 0.01692}, "ATOM/USDT": {"last": 10.9736, "ask": 10.9723, "bid": 10.9734}, "MANA/USDT": {"last": 0.44794, "ask": 0.44774, "bid": 0.44791}, "AUDIO/USDT": {"last": 0.2303, "ask": 0.2302, "bid": 0.2304}, "KSM/USDT": {"last": 24.7511, "ask": 24.7332, "bid": 24.752}, "ETH/USDT": {"last": 1782.61, "ask": 1782.36, "bid": 1782.37}, "STORJ/USDT": {"last": 0.3009, "ask": 0.3005, "bid": 0.3012}, "GALAX/USDT": {"last": 0.02964, "ask": 0.02964, "bid": 0.02965}, "BURGER/USDT": {"last": 0.4574, "ask": 0.4577, "bid": 0.4605}, "PEOPLE/USDT": {"last": 0.01763, "ask": 0.01761, "bid": 0.01765}, "CWEB/USDT": {"last": 0.02712, "ask": 0.02709, "bid": 0.02714}, "FLOW/USDT": {"last": 0.7435, "ask": 0.7421, "bid": 0.7427}, "SUPER/USDT": {"last": 0.12621, "ask": 0.12631, "bid": 0.12638}, "IMX/USDT": {"last": 0.7411, "ask": 0.7409, "bid": 0.7412}, "CREAM/USDT": {"last": 17.322, "ask": 17.353, "bid": 17.444}, "GARI/USDT": {"last": 0.05166, "ask": 0.0516, "bid": 0.05191}, "VRA/USDT": {"last": 0.00446621, "ask": 0.00446573, "bid": 0.00446776}, "WAX/USDT": {"last": 0.05568, "ask": 0.05568, "bid": 0.05579}, "DEXE/USDT": {"last": 2.613, "ask": 2.5965, "bid": 2.6169}, "SDAO/USDT": {"last": 0.3237, "ask": 0.3234, "bid": 0.324}, "1INCH/USDT": {"last": 0.40893, "ask": 0.40816, "bid": 0.40842}, "PERP/USDT": {"last": 0.6109, "ask": 0.6101, "bid": 0.611}, "ANT/USDT": {"last": 3.1398, "ask": 3.1381, "bid": 3.1433}, "CAKE/USDT": {"last": 1.798, "ask": 1.797, "bid": 1.798}, "NWC/USDT": {"last": 0.080521, "ask": 0.080521, "bid": 0.081293}, "DAR/USDT": {"last": 0.1313, "ask": 0.131, "bid": 0.1313}, "GAL/USDT": {"last": 1.427, "ask": 1.426, "bid": 1.427}, "ONE/USDT": {"last": 0.015759, "ask": 0.015747, "bid": 0.015756}, "MASK/USDT": {"last": 3.6247,