{"NKN/USDT": {"last": 0.093526, "ask": 0.093254, "bid": 0.093547}, "SENSO/USDT": {"last": 0.06033, "ask": 0.060116, "bid": 0.060544}, "ALICE/USDT": {"last": 1.224, "ask": 1.222, "bid": 1.223}, "LINA/USDT": {"last": 0.009468, "ask": 0.009457, "bid": 0.009469}, "ETC/USDT": {"last": 18.094, "ask": 18.0581, "bid": 18.0629}, "RUNE/USDT": {"last": 1.1696, "ask": 1.168, "bid": 1.1683}, "ASTR/USDT": {"last": 0.05088, "ask": 0.05072, "bid": 0.05083}, "BCH/USDT": {"last": 114.46, "ask": 114.43, "bid": 114.53}, "KAVA/USDT": {"last": 0.9121, "ask": 0.9116, "bid": 0.9125}, "APT/USDT": {"last": 8.1875, "ask": 8.1805, "bid": 8.1854}, "TRX/USDT": {"last": 0.068682, "ask": 0.06868, "bid": 0.068682}, "CELO/USDT": {"last": 0.5162, "ask": 0.5153, "bid": 0.516}, "SAND/USDT": {"last": 0.4957, "ask": 0.49551, "bid": 0.49562}, "KLAY/USDT": {"last": 0.1863, "ask": 0.1859, "bid": 0.1862}, "SUN/USDT": {"last": 0.0053523, "ask": 0.0053426, "bid": 0.0053551}, "DERO/USDT": {"last": 5.86, "ask": 5.86, "bid": 5.86348}, "LDO/USDT": {"last": 1.9093, "ask": 1.9093, "bid": 1.9111}, "WOM/USDT": {"last": 0.020268, "ask": 0.020239, "bid": 0.020424}, "NUM/USDT": {"last": 0.02912, "ask": 0.02897, "bid": 0.02924}, "TON/USDT": {"last": 1.8084, "ask": 1.8077, "bid": 1.8093}, "AAVE/USDT": {"last": 62.136, "ask": 62.025, "bid": 62.046}, "ELA/USDT": {"last": 1.2018, "ask": 1.2, "bid": 1.2027}, "DOGE/USDT": {"last": 0.07129, "ask": 0.07129, "bid": 0.07131}, "BICO/USDT": {"last": 0.3077, "ask": 0.3077, "bid": 0.3078}, "PRE/USDT": {"last": 0.04644, "ask": 0.046314, "bid": 0.046648}, "ENS/USDT": {"last": 10.276, "ask": 10.266, "bid": 10.286}, "LPT/USDT": {"last": 4.7594, "ask": 4.747, "bid": 4.7629}, "TLOS/USDT": {"last": 0.17154, "ask": 0.17137, "bid": 0.17163}, "USDD/USDT": {"last": 0.9988, "ask": 0.9988, "bid": 0.9989}, "NEO/USDT": {"last": 8.984, "ask": 8.9674, "bid": 8.9731}, "USDC/USDT": {"last": 0.99953, "ask": 0.99953, "bid": 0.99954}, "DOT/USDT": {"last": 5.2606, "ask": 5.2546, "bid": 5.2558}, "AZERO/USDT": {"last": 1.1051, "ask": 1.1047, "bid": 1.1066}, "EOS/USDT": {"last": 0.8631, "ask": 0.8624, "bid": 0.8629}, "UOS/USDT": {"last": 0.20044, "ask": 0.20018, "bid": 0.20044}, "GMX/USDT": {"last": 60.6254, "ask": 60.5482, "bid": 60.5753}, "POLS/USDT": {"last": 0.3607, "ask": 0.36, "bid": 0.3612}, "IOST/USDT": {"last": 0.009246, "ask": 0.009215, "bid": 0.009235}, "TVK/USDT": {"last": 0.03265, "ask": 0.03261, "bid": 0.03273}, "AMB/USDT": {"last": 0.00968, "ask": 0.00968, "bid": 0.00969}, "BTC/USDT": {"last": 26369.4, "ask": 26373.5, "bid": 26373.6}, "OCEAN/USDT": {"last": 0.3278, "ask": 0.3268, "bid": 0.3271}, "CETUS/USDT": {"last": 0.11417, "ask": 0.11328, "bid": 0.11402}, "APE/USDT": {"last": 3.2476, "ask": 3.2468, "bid": 3.248}, "ID/USDT": {"last": 0.46938, "ask": 0.4669, "bid": 0.46756}, "ADA/USDT": {"last": 0.360768, "ask": 0.360663, "bid": 0.36073}, "HNT/USDT": {"last": 1.339, "ask": 1.337, "bid": 1.342}, "ALPHA/USDT": {"last": 0.09835, "ask": 0.09798, "bid": 0.09823}, "CFX/USDT": {"last": 0.240709, "ask": 0.240237, "bid": 0.240405}, "SRM/USDT": {"last": 0.078, "ask": 0.078, "bid": 0.0783}, "ERN/USDT": {"last": 1.7389, "ask": 1.7382, "bid": 1.7413}, "PEPE/USDT": {"last": 1.532e-06, "ask": 1.531e-06, "bid": 1.532e-06}, "ARX/USDT": {"last": 0.002072, "ask": 0.00207, "bid": 0.002075}, "CLV/USDT": {"last": 0.0463, "ask": 0.04617, "bid": 0.0463}, "MAP/USDT": {"last": 0.012872, "ask": 0.01287, "bid": 0.012875}, "BTT/USDT": {"last": 5.939e-07, "ask": 5.934e-07, "bid": 5.94e-07}, "ZEC/USDT": {"last": 32.5, "ask": 32.468, "bid": 32.486}, "SYLO/USDT": {"last": 0.001616, "ask": 0.001614, "bid": 0.001616}, "SPA/USDT": {"last": 0.00778, "ask": 0.007753, "bid": 0.007788}, "ICX/USDT": {"last": 0.2486, "ask": 0.2478, "bid": 0.2484}, "AGIX/USDT": {"last": 0.24441, "ask": 0.24425, "bid": 0.24443}, "JASMY/USDT": {"last": 0.004924, "ask": 0.004906, "bid": 0.004907}, "WIN/USDT": {"last": 7.476e-05, "ask": 7.476e-05, "bid": 7.488e-05}, "SXP/USDT": {"last": 0.4346, "ask": 0.4339, "bid": 0.4343}, "TEL/USDT": {"last": 0.001722, "ask": 0.00171905, "bid": 0.00172297}, "HEART/USDT": {"last": 0.015515, "ask": 0.015489, "bid": 0.01554}, "NYM/USDT": {"last": 0.1719, "ask": 0.1717, "bid": 0.173}, "LTO/USDT": {"last": 0.08445, "ask": 0.08413, "bid": 0.08445}, "RPL/USDT": {"last": 46.01, "ask": 45.97, "bid": 46.04}, "REN/USDT": {"last": 0.07435, "ask": 0.07413, "bid": 0.07434}, "BLUR/USDT": {"last": 0.4723, "ask": 0.4718, "bid": 0.4721}, "LUNC/USDT": {"last": 8.904e-05, "ask": 8.905e-05, "bid": 8.906e-05}, "SHILL/USDT": {"last": 0.01113, "ask": 0.01112, "bid": 0.01113}, "DAG/USDT": {"last": 0.035691, "ask": 0.035564, "bid": 0.035621}, "STG/USDT": {"last": 0.5993, "ask": 0.5978, "bid": 0.5989}, "XMR/USDT": {"last": 151.85, "ask": 151.8, "bid": 151.84}, "POLC/USDT": {"last": 0.01615, "ask": 0.01615, "bid": 0.01627}, "ZEN/USDT": {"last": 8.184, "ask": 8.155, "bid": 8.181}, "FTM/USDT": {"last": 0.36428, "ask": 0.36415, "bid": 0.36426}, "ZCX/USDT": {"last": 0.06755, "ask": 0.06707, "bid": 0.0676}, "CKB/USDT": {"last": 0.003058, "ask": 0.003056, "bid": 0.003072}, "MAGIC/USDT": {"last": 0.8468, "ask": 0.8441, "bid": 0.845}, "MTL/USDT": {"last": 0.998, "ask": 0.9941, "bid": 0.996}, "DYDX/USDT": {"last": 2.0952, "ask": 2.0952, "bid": 2.0962}, "1EARTH/USDT": {"last": 0.00191989, "ask": 0.001916, "bid": 0.00192389}, "REQ/USDT": {"last": 0.08927, "ask": 0.08931, "bid": 0.08959}, "SUKU/USDT": {"last": 0.0596, "ask": 0.05934, "bid": 0.05953}, "DAO/USDT": {"last": 1.4679, "ask": 1.46748, "bid": 1.47122}, "BOSON/USDT": {"last": 0.1726, "ask": 0.1727, "bid": 0.1734}, "GODS/USDT": {"last": 0.1694, "ask": 0.1693, "bid": 0.1694}, "XPR/USDT": {"last": 0.000983, "ask": 0.000982, "bid": 0.000983}, "LOKI/USDT": {"last": 0.11264, "ask": 0.11229, "bid": 0.11288}, "FXS/USDT": {"last": 6.396, "ask": 6.386, "bid": 6.393}, "XRD/USDT": {"last": 0.07356, "ask": 0.07356, "bid": 0.07366}, "RLC/USDT": {"last": 1.5068, "ask": 1.5032, "bid": 1.5069}, "FTT/USDT": {"last": 1.085, "ask": 1.084, "bid": 1.085}, "FITFI/USDT": {"last": 0.0058, "ask": 0.0058, "bid": 0.00584}, "BCHSV/USDT": {"last": 34.672, "ask": 34.64, "bid": 34.677}, "SNX/USDT": {"last": 2.043614, "ask": 2.036123, "bid": 2.038699}, "AIOZ/USDT": {"last": 0.01697, "ask": 0.01688, "bid": 0.01697}, "ATOM/USDT": {"last": 11.0241, "ask": 11.0217, "bid": 11.0227}, "MANA/USDT": {"last": 0.44974, "ask": 0.44877, "bid": 0.44897}, "AUDIO/USDT": {"last": 0.231, "ask": 0.2303, "bid": 0.2305}, "KSM/USDT": {"last": 24.8915, "ask": 24.8513, "bid": 24.8646}, "ETH/USDT": {"last": 1784.3, "ask": 1784.29, "bid": 1784.3}, "STORJ/USDT": {"last": 0.3021, "ask": 0.3011, "bid": 0.302}, "GALAX/USDT": {"last": 0.02974, "ask": 0.02968, "bid": 0.0297}, "BURGER/USDT": {"last": 0.4598, "ask": 0.4582, "bid": 0.46}, "PEOPLE/USDT": {"last": 0.01767, "ask": 0.01764, "bid": 0.01767}, "CWEB/USDT": {"last": 0.02715, "ask": 0.02706, "bid": 0.02714}, "FLOW/USDT": {"last": 0.7468, "ask": 0.7444, "bid": 0.745}, "SUPER/USDT": {"last": 0.1261, "ask": 0.12585, "bid": 0.12617}, "IMX/USDT": {"last": 0.7459, "ask": 0.744, "bid": 0.7448}, "CREAM/USDT": {"last": 17.318, "ask": 17.356, "bid": 17.442}, "GARI/USDT": {"last": 0.05203, "ask": 0.05166, "bid": 0.05203}, "VRA/USDT": {"last": 0.00449376, "ask": 0.00449155, "bid": 0.0044958}, "WAX/USDT": {"last": 0.0554, "ask": 0.05535, "bid": 0.05546}, "DEXE/USDT": {"last": 2.584, "ask": 2.5806, "bid": 2.588}, "SDAO/USDT": {"last": 0.3244, "ask": 0.3243, "bid": 0.3244}, "1INCH/USDT": {"last": 0.40976, "ask": 0.40938, "bid": 0.40998}, "PERP/USDT": {"last": 0.6126, "ask": 0.6106, "bid": 0.6118}, "ANT/USDT": {"last": 3.152, "ask": 3.143, "bid": 3.156}, "CAKE/USDT": {"last": 1.796, "ask": 1.795, "bid": 1.797}, "NWC/USDT": {"last": 0.080483, "ask": 0.080519, "bid": 0.081294}, "DAR/USDT": {"last": 0.1313, "ask": 0.1311, "bid": 0.1314}, "GAL/USDT": {"last": 1.435, "ask": 1.43, "bid": 1.432}, "ONE/USDT": {"last": 0.015801, "ask": 0.015776, "bid": 0.015788}, "MASK/USDT": {"last": 3.6451, "ask": 3.6275,