{"NKN/USDT": {"last": 0.093222, "ask": 0.093354, "bid": 0.093527}, "SENSO/USDT": {"last": 0.059483, "ask": 0.059273, "bid": 0.059693}, "ALICE/USDT": {"last": 1.218, "ask": 1.22, "bid": 1.222}, "LINA/USDT": {"last": 0.009493, "ask": 0.009493, "bid": 0.009505}, "ETC/USDT": {"last": 18.0677, "ask": 18.0677, "bid": 18.0724}, "RUNE/USDT": {"last": 1.1686, "ask": 1.169, "bid": 1.1696}, "ASTR/USDT": {"last": 0.05093, "ask": 0.05091, "bid": 0.05096}, "BCH/USDT": {"last": 114.59, "ask": 114.61, "bid": 114.66}, "KAVA/USDT": {"last": 0.9158, "ask": 0.9143, "bid": 0.9155}, "APT/USDT": {"last": 8.2027, "ask": 8.2007, "bid": 8.2027}, "TRX/USDT": {"last": 0.068566, "ask": 0.068565, "bid": 0.068566}, "CELO/USDT": {"last": 0.5154, "ask": 0.515, "bid": 0.516}, "SAND/USDT": {"last": 0.4966, "ask": 0.4966, "bid": 0.49672}, "KLAY/USDT": {"last": 0.1854, "ask": 0.1854, "bid": 0.1857}, "SUN/USDT": {"last": 0.0053499, "ask": 0.0053475, "bid": 0.0053524}, "DERO/USDT": {"last": 5.8915, "ask": 5.85305, "bid": 5.88979}, "LDO/USDT": {"last": 1.8892, "ask": 1.8887, "bid": 1.8897}, "WOM/USDT": {"last": 0.02041, "ask": 0.020227, "bid": 0.02044}, "NUM/USDT": {"last": 0.02912, "ask": 0.02906, "bid": 0.02928}, "TON/USDT": {"last": 1.8158, "ask": 1.816, "bid": 1.8169}, "AAVE/USDT": {"last": 62.109, "ask": 62.093, "bid": 62.112}, "ELA/USDT": {"last": 1.2005, "ask": 1.199, "bid": 1.2014}, "DOGE/USDT": {"last": 0.07129, "ask": 0.0713, "bid": 0.07131}, "BICO/USDT": {"last": 0.3082, "ask": 0.3077, "bid": 0.3081}, "PRE/USDT": {"last": 0.047192, "ask": 0.04719, "bid": 0.04724}, "ENS/USDT": {"last": 10.207, "ask": 10.234, "bid": 10.25}, "LPT/USDT": {"last": 4.7519, "ask": 4.7481, "bid": 4.7576}, "TLOS/USDT": {"last": 0.1718, "ask": 0.17147, "bid": 0.172}, "USDD/USDT": {"last": 0.999, "ask": 0.9988, "bid": 0.999}, "NEO/USDT": {"last": 8.9786, "ask": 8.9723, "bid": 8.977}, "USDC/USDT": {"last": 0.99953, "ask": 0.99953, "bid": 0.99954}, "DOT/USDT": {"last": 5.2696, "ask": 5.2696, "bid": 5.2697}, "AZERO/USDT": {"last": 1.1091, "ask": 1.1063, "bid": 1.1091}, "EOS/USDT": {"last": 0.8628, "ask": 0.8627, "bid": 0.8629}, "UOS/USDT": {"last": 0.2012, "ask": 0.20039, "bid": 0.2012}, "GMX/USDT": {"last": 60.3552, "ask": 60.3397, "bid": 60.3861}, "POLS/USDT": {"last": 0.3604, "ask": 0.3601, "bid": 0.3612}, "IOST/USDT": {"last": 0.009205, "ask": 0.009225, "bid": 0.009245}, "TVK/USDT": {"last": 0.03254, "ask": 0.03251, "bid": 0.03264}, "AMB/USDT": {"last": 0.00976, "ask": 0.00975, "bid": 0.00978}, "BTC/USDT": {"last": 26457.4, "ask": 26457.3, "bid": 26457.4}, "OCEAN/USDT": {"last": 0.3297, "ask": 0.3296, "bid": 0.3298}, "CETUS/USDT": {"last": 0.11436, "ask": 0.1134, "bid": 0.11436}, "APE/USDT": {"last": 3.2595, "ask": 3.2595, "bid": 3.2597}, "ID/USDT": {"last": 0.47038, "ask": 0.47028, "bid": 0.47061}, "ADA/USDT": {"last": 0.360987, "ask": 0.360987, "bid": 0.360997}, "HNT/USDT": {"last": 1.332, "ask": 1.332, "bid": 1.338}, "ALPHA/USDT": {"last": 0.09857, "ask": 0.09874, "bid": 0.09875}, "CFX/USDT": {"last": 0.240389, "ask": 0.240312, "bid": 0.240448}, "SRM/USDT": {"last": 0.0774, "ask": 0.0773, "bid": 0.0776}, "ERN/USDT": {"last": 1.7343, "ask": 1.7328, "bid": 1.7388}, "PEPE/USDT": {"last": 1.529e-06, "ask": 1.53e-06, "bid": 1.531e-06}, "ARX/USDT": {"last": 0.00207, "ask": 0.002066, "bid": 0.00207}, "CLV/USDT": {"last": 0.04634, "ask": 0.04623, "bid": 0.04633}, "MAP/USDT": {"last": 0.012841, "ask": 0.012841, "bid": 0.012848}, "BTT/USDT": {"last": 5.955e-07, "ask": 5.947e-07, "bid": 5.963e-07}, "ZEC/USDT": {"last": 32.423, "ask": 32.428, "bid": 32.44}, "SYLO/USDT": {"last": 0.001614, "ask": 0.001614, "bid": 0.001616}, "SPA/USDT": {"last": 0.007862, "ask": 0.007843, "bid": 0.007861}, "ICX/USDT": {"last": 0.2477, "ask": 0.2473, "bid": 0.2479}, "AGIX/USDT": {"last": 0.24555, "ask": 0.24551, "bid": 0.24558}, "JASMY/USDT": {"last": 0.004882, "ask": 0.004882, "bid": 0.004884}, "WIN/USDT": {"last": 7.479e-05, "ask": 7.47e-05, "bid": 7.48e-05}, "SXP/USDT": {"last": 0.4334, "ask": 0.4329, "bid": 0.4331}, "TEL/USDT": {"last": 0.00172894, "ask": 0.00172929, "bid": 0.00173348}, "HEART/USDT": {"last": 0.015594, "ask": 0.015489, "bid": 0.015621}, "NYM/USDT": {"last": 0.1719, "ask": 0.1721, "bid": 0.1734}, "LTO/USDT": {"last": 0.08406, "ask": 0.08406, "bid": 0.08444}, "RPL/USDT": {"last": 45.75, "ask": 45.78, "bid": 45.83}, "REN/USDT": {"last": 0.07444, "ask": 0.07439, "bid": 0.0745}, "BLUR/USDT": {"last": 0.4728, "ask": 0.4727, "bid": 0.4728}, "LUNC/USDT": {"last": 8.958e-05, "ask": 8.962e-05, "bid": 8.964e-05}, "SHILL/USDT": {"last": 0.01113, "ask": 0.01112, "bid": 0.01114}, "DAG/USDT": {"last": 0.03564, "ask": 0.035635, "bid": 0.035662}, "STG/USDT": {"last": 0.6024, "ask": 0.6028, "bid": 0.603}, "XMR/USDT": {"last": 151.7, "ask": 151.68, "bid": 151.72}, "POLC/USDT": {"last": 0.01625, "ask": 0.01615, "bid": 0.01625}, "ZEN/USDT": {"last": 8.173, "ask": 8.163, "bid": 8.177}, "FTM/USDT": {"last": 0.36495, "ask": 0.36495, "bid": 0.36501}, "ZCX/USDT": {"last": 0.06754, "ask": 0.06715, "bid": 0.06771}, "CKB/USDT": {"last": 0.003078, "ask": 0.003078, "bid": 0.003083}, "MAGIC/USDT": {"last": 0.8431, "ask": 0.8422, "bid": 0.843}, "MTL/USDT": {"last": 0.9997, "ask": 0.9948, "bid": 0.998}, "DYDX/USDT": {"last": 2.0832, "ask": 2.0841, "bid": 2.0853}, "1EARTH/USDT": {"last": 0.00191908, "ask": 0.0019173, "bid": 0.00192095}, "REQ/USDT": {"last": 0.08949, "ask": 0.08917, "bid": 0.08942}, "SUKU/USDT": {"last": 0.05964, "ask": 0.05935, "bid": 0.05967}, "DAO/USDT": {"last": 1.47088, "ask": 1.46748, "bid": 1.47067}, "BOSON/USDT": {"last": 0.1736, "ask": 0.173, "bid": 0.1736}, "GODS/USDT": {"last": 0.1699, "ask": 0.1698, "bid": 0.1699}, "XPR/USDT": {"last": 0.000994, "ask": 0.000993, "bid": 0.000994}, "LOKI/USDT": {"last": 0.11425, "ask": 0.11425, "bid": 0.1146}, "FXS/USDT": {"last": 6.393, "ask": 6.389, "bid": 6.393}, "XRD/USDT": {"last": 0.07367, "ask": 0.07368, "bid": 0.0738}, "RLC/USDT": {"last": 1.5126, "ask": 1.5142, "bid": 1.5169}, "FTT/USDT": {"last": 1.087, "ask": 1.087, "bid": 1.088}, "FITFI/USDT": {"last": 0.00584, "ask": 0.00584, "bid": 0.00587}, "BCHSV/USDT": {"last": 34.689, "ask": 34.694, "bid": 34.759}, "SNX/USDT": {"last": 2.02866, "ask": 2.032097, "bid": 2.033704}, "AIOZ/USDT": {"last": 0.01703, "ask": 0.0169, "bid": 0.01703}, "ATOM/USDT": {"last": 11.0012, "ask": 11.0029, "bid": 11.0049}, "MANA/USDT": {"last": 0.44872, "ask": 0.44878, "bid": 0.44887}, "AUDIO/USDT": {"last": 0.2305, "ask": 0.2307, "bid": 0.2308}, "KSM/USDT": {"last": 24.8096, "ask": 24.8072, "bid": 24.8222}, "ETH/USDT": {"last": 1788.34, "ask": 1788.33, "bid": 1788.34}, "STORJ/USDT": {"last": 0.3009, "ask": 0.3014, "bid": 0.3019}, "GALAX/USDT": {"last": 0.02971, "ask": 0.02973, "bid": 0.02974}, "BURGER/USDT": {"last": 0.4624, "ask": 0.4598, "bid": 0.4617}, "PEOPLE/USDT": {"last": 0.01763, "ask": 0.01766, "bid": 0.0177}, "CWEB/USDT": {"last": 0.02713, "ask": 0.02712, "bid": 0.02713}, "FLOW/USDT": {"last": 0.7452, "ask": 0.7448, "bid": 0.7452}, "SUPER/USDT": {"last": 0.12658, "ask": 0.12674, "bid": 0.12678}, "IMX/USDT": {"last": 0.7426, "ask": 0.7426, "bid": 0.7432}, "CREAM/USDT": {"last": 17.372, "ask": 17.371, "bid": 17.445}, "GARI/USDT": {"last": 0.05191, "ask": 0.05164, "bid": 0.05195}, "VRA/USDT": {"last": 0.00447729, "ask": 0.00447738, "bid": 0.00447987}, "WAX/USDT": {"last": 0.05568, "ask": 0.05569, "bid": 0.05583}, "DEXE/USDT": {"last": 2.5956, "ask": 2.5946, "bid": 2.6124}, "SDAO/USDT": {"last": 0.323, "ask": 0.3238, "bid": 0.3241}, "1INCH/USDT": {"last": 0.40909, "ask": 0.40913, "bid": 0.40941}, "PERP/USDT": {"last": 0.6109, "ask": 0.6123, "bid": 0.6134}, "ANT/USDT": {"last": 3.1559, "ask": 3.1504, "bid": 3.1559}, "CAKE/USDT": {"last": 1.8, "ask": 1.798, "bid": 1.8}, "NWC/USDT": {"last": 0.080521, "ask": 0.080717, "bid": 0.081319}, "DAR/USDT": {"last": 0.1313, "ask": 0.1313, "bid": 0.1316}, "GAL/USDT": {"last": 1.427, "ask": 1.431, "bid": 1.433}, "ONE/USDT": {"last": 0.015779, "ask": 0.015773, "bid": 0.015783}, "MASK/USDT": {"last": 3.6343,