{"NKN/USDT": {"last": 0.091923, "ask": 0.092284, "bid": 0.09244}, "SENSO/USDT": {"last": 0.057784, "ask": 0.05759, "bid": 0.057977}, "ALICE/USDT": {"last": 1.21, "ask": 1.208, "bid": 1.21}, "LINA/USDT": {"last": 0.009333, "ask": 0.009337, "bid": 0.009349}, "ETC/USDT": {"last": 17.9282, "ask": 17.9364, "bid": 17.9435}, "RUNE/USDT": {"last": 1.1602, "ask": 1.1598, "bid": 1.1603}, "ASTR/USDT": {"last": 0.05008, "ask": 0.05004, "bid": 0.05008}, "BCH/USDT": {"last": 113.89, "ask": 113.84, "bid": 113.9}, "KAVA/USDT": {"last": 0.9159, "ask": 0.9156, "bid": 0.9166}, "APT/USDT": {"last": 8.0187, "ask": 8.0159, "bid": 8.0174}, "TRX/USDT": {"last": 0.06882, "ask": 0.068803, "bid": 0.068817}, "CELO/USDT": {"last": 0.5094, "ask": 0.5086, "bid": 0.5095}, "SAND/USDT": {"last": 0.48991, "ask": 0.48987, "bid": 0.48988}, "KLAY/USDT": {"last": 0.1842, "ask": 0.1843, "bid": 0.1846}, "SUN/USDT": {"last": 0.00534, "ask": 0.0053359, "bid": 0.0053429}, "DERO/USDT": {"last": 5.85984, "ask": 5.81552, "bid": 5.85984}, "LDO/USDT": {"last": 1.8426, "ask": 1.8421, "bid": 1.8434}, "WOM/USDT": {"last": 0.020324, "ask": 0.020291, "bid": 0.020435}, "NUM/USDT": {"last": 0.02939, "ask": 0.02928, "bid": 0.02954}, "TON/USDT": {"last": 1.796, "ask": 1.7954, "bid": 1.796}, "AAVE/USDT": {"last": 61.341, "ask": 61.353, "bid": 61.372}, "ELA/USDT": {"last": 1.2013, "ask": 1.2, "bid": 1.2026}, "DOGE/USDT": {"last": 0.07124, "ask": 0.07123, "bid": 0.07124}, "BICO/USDT": {"last": 0.3052, "ask": 0.3041, "bid": 0.3057}, "PRE/USDT": {"last": 0.045378, "ask": 0.04524, "bid": 0.045437}, "ENS/USDT": {"last": 10.179, "ask": 10.178, "bid": 10.192}, "LPT/USDT": {"last": 4.6947, "ask": 4.697, "bid": 4.7011}, "TLOS/USDT": {"last": 0.17137, "ask": 0.1711, "bid": 0.17144}, "USDD/USDT": {"last": 0.9992, "ask": 0.9991, "bid": 0.9992}, "NEO/USDT": {"last": 8.9012, "ask": 8.8963, "bid": 8.9004}, "USDC/USDT": {"last": 0.99954, "ask": 0.99953, "bid": 0.99954}, "DOT/USDT": {"last": 5.2367, "ask": 5.2364, "bid": 5.2374}, "AZERO/USDT": {"last": 1.1052, "ask": 1.1052, "bid": 1.1065}, "EOS/USDT": {"last": 0.8615, "ask": 0.8613, "bid": 0.8614}, "UOS/USDT": {"last": 0.202, "ask": 0.20072, "bid": 0.20136}, "GMX/USDT": {"last": 60.0053, "ask": 59.9476, "bid": 59.9881}, "POLS/USDT": {"last": 0.3602, "ask": 0.3596, "bid": 0.3612}, "IOST/USDT": {"last": 0.009174, "ask": 0.009154, "bid": 0.009166}, "TVK/USDT": {"last": 0.03249, "ask": 0.03241, "bid": 0.03252}, "AMB/USDT": {"last": 0.00936, "ask": 0.00933, "bid": 0.00937}, "BTC/USDT": {"last": 26322.0, "ask": 26321.9, "bid": 26322.0}, "OCEAN/USDT": {"last": 0.3208, "ask": 0.32, "bid": 0.3203}, "CETUS/USDT": {"last": 0.11205, "ask": 0.11149, "bid": 0.11215}, "APE/USDT": {"last": 3.2244, "ask": 3.2219, "bid": 3.2227}, "ID/USDT": {"last": 0.45, "ask": 0.44996, "bid": 0.45017}, "ADA/USDT": {"last": 0.360157, "ask": 0.360056, "bid": 0.360097}, "HNT/USDT": {"last": 1.306, "ask": 1.3, "bid": 1.306}, "ALPHA/USDT": {"last": 0.09636, "ask": 0.09631, "bid": 0.0966}, "CFX/USDT": {"last": 0.239013, "ask": 0.238944, "bid": 0.239045}, "SRM/USDT": {"last": 0.0757, "ask": 0.0752, "bid": 0.0755}, "ERN/USDT": {"last": 1.7346, "ask": 1.7302, "bid": 1.7328}, "PEPE/USDT": {"last": 1.349e-06, "ask": 1.347e-06, "bid": 1.349e-06}, "ARX/USDT": {"last": 0.002069, "ask": 0.00206, "bid": 0.002068}, "CLV/USDT": {"last": 0.04601, "ask": 0.04592, "bid": 0.04605}, "MAP/USDT": {"last": 0.012956, "ask": 0.012908, "bid": 0.012953}, "BTT/USDT": {"last": 5.942e-07, "ask": 5.925e-07, "bid": 5.942e-07}, "ZEC/USDT": {"last": 32.155, "ask": 32.136, "bid": 32.147}, "SYLO/USDT": {"last": 0.001626, "ask": 0.001618, "bid": 0.001625}, "SPA/USDT": {"last": 0.00783, "ask": 0.00783, "bid": 0.007833}, "ICX/USDT": {"last": 0.2425, "ask": 0.2425, "bid": 0.2429}, "AGIX/USDT": {"last": 0.23674, "ask": 0.23673, "bid": 0.23674}, "JASMY/USDT": {"last": 0.004883, "ask": 0.004879, "bid": 0.00488}, "WIN/USDT": {"last": 7.449e-05, "ask": 7.443e-05, "bid": 7.456e-05}, "SXP/USDT": {"last": 0.4263, "ask": 0.4259, "bid": 0.4261}, "TEL/USDT": {"last": 0.00172112, "ask": 0.00172112, "bid": 0.00172787}, "HEART/USDT": {"last": 0.016107, "ask": 0.016071, "bid": 0.016172}, "NYM/USDT": {"last": 0.1732, "ask": 0.1717, "bid": 0.1731}, "LTO/USDT": {"last": 0.08398, "ask": 0.08399, "bid": 0.08448}, "RPL/USDT": {"last": 44.98, "ask": 44.99, "bid": 45.09}, "REN/USDT": {"last": 0.07306, "ask": 0.0729, "bid": 0.07302}, "BLUR/USDT": {"last": 0.4537, "ask": 0.4528, "bid": 0.4532}, "LUNC/USDT": {"last": 8.941e-05, "ask": 8.937e-05, "bid": 8.94e-05}, "SHILL/USDT": {"last": 0.01119, "ask": 0.01118, "bid": 0.01119}, "DAG/USDT": {"last": 0.035477, "ask": 0.035424, "bid": 0.035481}, "STG/USDT": {"last": 0.5875, "ask": 0.5858, "bid": 0.5862}, "XMR/USDT": {"last": 151.48, "ask": 151.44, "bid": 151.47}, "POLC/USDT": {"last": 0.01646, "ask": 0.01633, "bid": 0.01644}, "ZEN/USDT": {"last": 8.093, "ask": 8.091, "bid": 8.103}, "FTM/USDT": {"last": 0.36289, "ask": 0.36255, "bid": 0.36261}, "ZCX/USDT": {"last": 0.06798, "ask": 0.06747, "bid": 0.06793}, "CKB/USDT": {"last": 0.003024, "ask": 0.003024, "bid": 0.003042}, "MAGIC/USDT": {"last": 0.8161, "ask": 0.8137, "bid": 0.8147}, "MTL/USDT": {"last": 0.9894, "ask": 0.9864, "bid": 0.9879}, "DYDX/USDT": {"last": 2.0416, "ask": 2.0425, "bid": 2.0434}, "1EARTH/USDT": {"last": 0.00183301, "ask": 0.00183008, "bid": 0.001836}, "REQ/USDT": {"last": 0.08903, "ask": 0.08887, "bid": 0.08909}, "SUKU/USDT": {"last": 0.05938, "ask": 0.05943, "bid": 0.05945}, "DAO/USDT": {"last": 1.44864, "ask": 1.44715, "bid": 1.45026}, "BOSON/USDT": {"last": 0.1758, "ask": 0.1756, "bid": 0.1763}, "GODS/USDT": {"last": 0.1677, "ask": 0.1673, "bid": 0.1675}, "XPR/USDT": {"last": 0.000978, "ask": 0.000977, "bid": 0.000978}, "LOKI/USDT": {"last": 0.11247, "ask": 0.11204, "bid": 0.1125}, "FXS/USDT": {"last": 6.306, "ask": 6.307, "bid": 6.31}, "XRD/USDT": {"last": 0.07176, "ask": 0.07158, "bid": 0.07178}, "RLC/USDT": {"last": 1.4963, "ask": 1.4931, "bid": 1.4969}, "FTT/USDT": {"last": 1.077, "ask": 1.076, "bid": 1.078}, "FITFI/USDT": {"last": 0.00569, "ask": 0.0057, "bid": 0.00571}, "BCHSV/USDT": {"last": 34.276, "ask": 34.249, "bid": 34.308}, "SNX/USDT": {"last": 2.013423, "ask": 2.013685, "bid": 2.014703}, "AIOZ/USDT": {"last": 0.017, "ask": 0.01678, "bid": 0.017}, "ATOM/USDT": {"last": 10.8832, "ask": 10.8869, "bid": 10.8884}, "MANA/USDT": {"last": 0.44326, "ask": 0.443, "bid": 0.44316}, "AUDIO/USDT": {"last": 0.2277, "ask": 0.2275, "bid": 0.2277}, "KSM/USDT": {"last": 24.7503, "ask": 24.7333, "bid": 24.7496}, "ETH/USDT": {"last": 1770.44, "ask": 1770.7, "bid": 1770.71}, "STORJ/USDT": {"last": 0.2978, "ask": 0.297, "bid": 0.2976}, "GALAX/USDT": {"last": 0.02872, "ask": 0.02874, "bid": 0.02875}, "BURGER/USDT": {"last": 0.4548, "ask": 0.454, "bid": 0.4558}, "PEOPLE/USDT": {"last": 0.0174, "ask": 0.01733, "bid": 0.01738}, "CWEB/USDT": {"last": 0.02712, "ask": 0.02711, "bid": 0.02712}, "FLOW/USDT": {"last": 0.7375, "ask": 0.7372, "bid": 0.7375}, "SUPER/USDT": {"last": 0.12546, "ask": 0.12524, "bid": 0.12564}, "IMX/USDT": {"last": 0.7245, "ask": 0.7244, "bid": 0.7247}, "CREAM/USDT": {"last": 16.997, "ask": 16.996, "bid": 17.088}, "GARI/USDT": {"last": 0.05154, "ask": 0.05155, "bid": 0.05208}, "VRA/USDT": {"last": 0.0044733, "ask": 0.00447518, "bid": 0.0044778}, "WAX/USDT": {"last": 0.05531, "ask": 0.05536, "bid": 0.0554}, "DEXE/USDT": {"last": 2.5271, "ask": 2.5288, "bid": 2.534}, "SDAO/USDT": {"last": 0.3243, "ask": 0.3241, "bid": 0.3244}, "1INCH/USDT": {"last": 0.40687, "ask": 0.40667, "bid": 0.40687}, "PERP/USDT": {"last": 0.6048, "ask": 0.6042, "bid": 0.6054}, "ANT/USDT": {"last": 3.111, "ask": 3.105, "bid": 3.1093}, "CAKE/USDT": {"last": 1.791, "ask": 1.792, "bid": 1.793}, "NWC/USDT": {"last": 0.0813, "ask": 0.081294, "bid": 0.081306}, "DAR/USDT": {"last": 0.1299, "ask": 0.1296, "bid": 0.1298}, "GAL/USDT": {"last": 1.416, "ask": 1.411, "bid": 1.412}, "ONE/USDT": {"last": 0.015569, "ask": 0.015554, "bid": 0.015561}, "MASK/USDT": {"last": 3.5697,