{"NKN/USDT": {"last": 0.093222, "ask": 0.093364, "bid": 0.093583}, "SENSO/USDT": {"last": 0.059483, "ask": 0.059273, "bid": 0.059693}, "ALICE/USDT": {"last": 1.218, "ask": 1.221, "bid": 1.223}, "LINA/USDT": {"last": 0.009509, "ask": 0.009509, "bid": 0.00952}, "ETC/USDT": {"last": 18.0677, "ask": 18.0585, "bid": 18.0615}, "RUNE/USDT": {"last": 1.1693, "ask": 1.169, "bid": 1.1693}, "ASTR/USDT": {"last": 0.05093, "ask": 0.0509, "bid": 0.05096}, "BCH/USDT": {"last": 114.59, "ask": 114.61, "bid": 114.68}, "KAVA/USDT": {"last": 0.9143, "ask": 0.9138, "bid": 0.9145}, "APT/USDT": {"last": 8.21, "ask": 8.1987, "bid": 8.2033}, "TRX/USDT": {"last": 0.068587, "ask": 0.06858, "bid": 0.068583}, "CELO/USDT": {"last": 0.5154, "ask": 0.5153, "bid": 0.5162}, "SAND/USDT": {"last": 0.49833, "ask": 0.49765, "bid": 0.49794}, "KLAY/USDT": {"last": 0.1854, "ask": 0.1854, "bid": 0.1858}, "SUN/USDT": {"last": 0.0053498, "ask": 0.0053475, "bid": 0.0053524}, "DERO/USDT": {"last": 5.8915, "ask": 5.85305, "bid": 5.88816}, "LDO/USDT": {"last": 1.8893, "ask": 1.8878, "bid": 1.889}, "WOM/USDT": {"last": 0.020339, "ask": 0.020224, "bid": 0.020417}, "NUM/USDT": {"last": 0.02917, "ask": 0.02903, "bid": 0.02928}, "TON/USDT": {"last": 1.8158, "ask": 1.8151, "bid": 1.8158}, "AAVE/USDT": {"last": 62.145, "ask": 62.105, "bid": 62.136}, "ELA/USDT": {"last": 1.2004, "ask": 1.199, "bid": 1.2014}, "DOGE/USDT": {"last": 0.07132, "ask": 0.07129, "bid": 0.0713}, "BICO/USDT": {"last": 0.3082, "ask": 0.3077, "bid": 0.3081}, "PRE/USDT": {"last": 0.047208, "ask": 0.047103, "bid": 0.047208}, "ENS/USDT": {"last": 10.207, "ask": 10.239, "bid": 10.257}, "LPT/USDT": {"last": 4.7519, "ask": 4.7471, "bid": 4.7628}, "TLOS/USDT": {"last": 0.1718, "ask": 0.17147, "bid": 0.172}, "USDD/USDT": {"last": 0.999, "ask": 0.9988, "bid": 0.999}, "NEO/USDT": {"last": 8.9786, "ask": 8.9709, "bid": 8.9752}, "USDC/USDT": {"last": 0.99953, "ask": 0.99953, "bid": 0.99954}, "DOT/USDT": {"last": 5.2779, "ask": 5.2758, "bid": 5.2768}, "AZERO/USDT": {"last": 1.1091, "ask": 1.1063, "bid": 1.1091}, "EOS/USDT": {"last": 0.863, "ask": 0.8626, "bid": 0.8629}, "UOS/USDT": {"last": 0.2012, "ask": 0.20058, "bid": 0.2012}, "GMX/USDT": {"last": 60.3552, "ask": 60.3626, "bid": 60.4053}, "POLS/USDT": {"last": 0.3612, "ask": 0.3601, "bid": 0.3612}, "IOST/USDT": {"last": 0.009205, "ask": 0.009226, "bid": 0.009245}, "TVK/USDT": {"last": 0.03254, "ask": 0.03251, "bid": 0.03264}, "AMB/USDT": {"last": 0.00976, "ask": 0.00974, "bid": 0.00976}, "BTC/USDT": {"last": 26453.7, "ask": 26453.0, "bid": 26453.1}, "OCEAN/USDT": {"last": 0.3298, "ask": 0.3297, "bid": 0.3299}, "CETUS/USDT": {"last": 0.11436, "ask": 0.11387, "bid": 0.11436}, "APE/USDT": {"last": 3.263, "ask": 3.2604, "bid": 3.2616}, "ID/USDT": {"last": 0.47117, "ask": 0.46959, "bid": 0.47}, "ADA/USDT": {"last": 0.360917, "ask": 0.360901, "bid": 0.360917}, "HNT/USDT": {"last": 1.332, "ask": 1.332, "bid": 1.338}, "ALPHA/USDT": {"last": 0.09896, "ask": 0.09881, "bid": 0.099}, "CFX/USDT": {"last": 0.240218, "ask": 0.240152, "bid": 0.240282}, "SRM/USDT": {"last": 0.0774, "ask": 0.0772, "bid": 0.0775}, "ERN/USDT": {"last": 1.7343, "ask": 1.7344, "bid": 1.7388}, "PEPE/USDT": {"last": 1.534e-06, "ask": 1.533e-06, "bid": 1.535e-06}, "ARX/USDT": {"last": 0.002066, "ask": 0.002066, "bid": 0.00207}, "CLV/USDT": {"last": 0.04634, "ask": 0.04624, "bid": 0.04636}, "MAP/USDT": {"last": 0.012851, "ask": 0.012845, "bid": 0.012857}, "BTT/USDT": {"last": 5.955e-07, "ask": 5.947e-07, "bid": 5.958e-07}, "ZEC/USDT": {"last": 32.523, "ask": 32.479, "bid": 32.502}, "SYLO/USDT": {"last": 0.001614, "ask": 0.001614, "bid": 0.001616}, "SPA/USDT": {"last": 0.007862, "ask": 0.007843, "bid": 0.007862}, "ICX/USDT": {"last": 0.2477, "ask": 0.2475, "bid": 0.2478}, "AGIX/USDT": {"last": 0.24548, "ask": 0.24553, "bid": 0.24556}, "JASMY/USDT": {"last": 0.004867, "ask": 0.004866, "bid": 0.004867}, "WIN/USDT": {"last": 7.479e-05, "ask": 7.47e-05, "bid": 7.478e-05}, "SXP/USDT": {"last": 0.4334, "ask": 0.4329, "bid": 0.4331}, "TEL/USDT": {"last": 0.001734, "ask": 0.00173019, "bid": 0.001734}, "HEART/USDT": {"last": 0.015548, "ask": 0.01549, "bid": 0.015621}, "NYM/USDT": {"last": 0.1719, "ask": 0.1722, "bid": 0.1736}, "LTO/USDT": {"last": 0.08406, "ask": 0.08406, "bid": 0.08444}, "RPL/USDT": {"last": 45.75, "ask": 45.79, "bid": 45.85}, "REN/USDT": {"last": 0.0745, "ask": 0.07442, "bid": 0.07453}, "BLUR/USDT": {"last": 0.4731, "ask": 0.4727, "bid": 0.4729}, "LUNC/USDT": {"last": 8.969e-05, "ask": 8.967e-05, "bid": 8.973e-05}, "SHILL/USDT": {"last": 0.01113, "ask": 0.01112, "bid": 0.01114}, "DAG/USDT": {"last": 0.03564, "ask": 0.035636, "bid": 0.035639}, "STG/USDT": {"last": 0.603, "ask": 0.6029, "bid": 0.6037}, "XMR/USDT": {"last": 151.78, "ask": 151.74, "bid": 151.78}, "POLC/USDT": {"last": 0.01625, "ask": 0.01618, "bid": 0.01628}, "ZEN/USDT": {"last": 8.173, "ask": 8.169, "bid": 8.18}, "FTM/USDT": {"last": 0.36506, "ask": 0.36504, "bid": 0.36505}, "ZCX/USDT": {"last": 0.06754, "ask": 0.0671, "bid": 0.06771}, "CKB/USDT": {"last": 0.003084, "ask": 0.00308, "bid": 0.003085}, "MAGIC/USDT": {"last": 0.8431, "ask": 0.8415, "bid": 0.8429}, "MTL/USDT": {"last": 0.9997, "ask": 0.9962, "bid": 0.9989}, "DYDX/USDT": {"last": 2.0868, "ask": 2.0837, "bid": 2.085}, "1EARTH/USDT": {"last": 0.00191907, "ask": 0.0019173, "bid": 0.00192094}, "REQ/USDT": {"last": 0.08949, "ask": 0.08917, "bid": 0.08942}, "SUKU/USDT": {"last": 0.05964, "ask": 0.05935, "bid": 0.05967}, "DAO/USDT": {"last": 1.47088, "ask": 1.46748, "bid": 1.47028}, "BOSON/USDT": {"last": 0.1736, "ask": 0.1731, "bid": 0.1736}, "GODS/USDT": {"last": 0.1699, "ask": 0.1698, "bid": 0.1699}, "XPR/USDT": {"last": 0.000994, "ask": 0.000993, "bid": 0.000994}, "LOKI/USDT": {"last": 0.11425, "ask": 0.11425, "bid": 0.1146}, "FXS/USDT": {"last": 6.398, "ask": 6.389, "bid": 6.394}, "XRD/USDT": {"last": 0.07369, "ask": 0.07369, "bid": 0.0738}, "RLC/USDT": {"last": 1.5126, "ask": 1.5112, "bid": 1.5169}, "FTT/USDT": {"last": 1.088, "ask": 1.086, "bid": 1.088}, "FITFI/USDT": {"last": 0.00584, "ask": 0.00584, "bid": 0.00586}, "BCHSV/USDT": {"last": 34.84, "ask": 34.792, "bid": 34.856}, "SNX/USDT": {"last": 2.035917, "ask": 2.032844, "bid": 2.035119}, "AIOZ/USDT": {"last": 0.01703, "ask": 0.01689, "bid": 0.01705}, "ATOM/USDT": {"last": 11.0059, "ask": 11.0035, "bid": 11.0064}, "MANA/USDT": {"last": 0.44922, "ask": 0.44883, "bid": 0.44906}, "AUDIO/USDT": {"last": 0.2308, "ask": 0.2305, "bid": 0.2308}, "KSM/USDT": {"last": 24.8096, "ask": 24.811, "bid": 24.826}, "ETH/USDT": {"last": 1788.0, "ask": 1787.75, "bid": 1787.76}, "STORJ/USDT": {"last": 0.3009, "ask": 0.3013, "bid": 0.3022}, "GALAX/USDT": {"last": 0.02972, "ask": 0.02972, "bid": 0.02973}, "BURGER/USDT": {"last": 0.4624, "ask": 0.4597, "bid": 0.4621}, "PEOPLE/USDT": {"last": 0.01763, "ask": 0.01765, "bid": 0.0177}, "CWEB/USDT": {"last": 0.02713, "ask": 0.02711, "bid": 0.02713}, "FLOW/USDT": {"last": 0.7463, "ask": 0.7452, "bid": 0.7457}, "SUPER/USDT": {"last": 0.12658, "ask": 0.12675, "bid": 0.12678}, "IMX/USDT": {"last": 0.7437, "ask": 0.7429, "bid": 0.7433}, "CREAM/USDT": {"last": 17.372, "ask": 17.371, "bid": 17.441}, "GARI/USDT": {"last": 0.05191, "ask": 0.05165, "bid": 0.05195}, "VRA/USDT": {"last": 0.00448325, "ask": 0.00448343, "bid": 0.00448413}, "WAX/USDT": {"last": 0.05568, "ask": 0.05569, "bid": 0.05583}, "DEXE/USDT": {"last": 2.5956, "ask": 2.5946, "bid": 2.6079}, "SDAO/USDT": {"last": 0.322, "ask": 0.3214, "bid": 0.3218}, "1INCH/USDT": {"last": 0.40944, "ask": 0.40909, "bid": 0.40946}, "PERP/USDT": {"last": 0.6109, "ask": 0.6127, "bid": 0.6134}, "ANT/USDT": {"last": 3.159, "ask": 3.153, "bid": 3.157}, "CAKE/USDT": {"last": 1.8, "ask": 1.799, "bid": 1.8}, "NWC/USDT": {"last": 0.080711, "ask": 0.08071, "bid": 0.081319}, "DAR/USDT": {"last": 0.1313, "ask": 0.1313, "bid": 0.1316}, "GAL/USDT": {"last": 1.427, "ask": 1.432, "bid": 1.434}, "ONE/USDT": {"last": 0.015783, "ask": 0.015777, "bid": 0.015785}, "MASK/USDT": {"last": 3.6378,