{"NKN/USDT": {"last": 0.093068, "ask": 0.092675, "bid": 0.092949}, "SENSO/USDT": {"last": 0.059861, "ask": 0.059649, "bid": 0.060072}, "ALICE/USDT": {"last": 1.214, "ask": 1.213, "bid": 1.216}, "LINA/USDT": {"last": 0.009412, "ask": 0.009404, "bid": 0.009423}, "ETC/USDT": {"last": 18.0358, "ask": 18.0166, "bid": 18.0249}, "RUNE/USDT": {"last": 1.1676, "ask": 1.1674, "bid": 1.1687}, "ASTR/USDT": {"last": 0.0506, "ask": 0.05044, "bid": 0.05052}, "BCH/USDT": {"last": 114.24, "ask": 114.12, "bid": 114.2}, "KAVA/USDT": {"last": 0.9151, "ask": 0.9146, "bid": 0.9154}, "APT/USDT": {"last": 8.1097, "ask": 8.1097, "bid": 8.1192}, "TRX/USDT": {"last": 0.068809, "ask": 0.068791, "bid": 0.068793}, "CELO/USDT": {"last": 0.5146, "ask": 0.5124, "bid": 0.5133}, "SAND/USDT": {"last": 0.4932, "ask": 0.49302, "bid": 0.49329}, "KLAY/USDT": {"last": 0.1857, "ask": 0.185, "bid": 0.1853}, "SUN/USDT": {"last": 0.0053492, "ask": 0.005349, "bid": 0.0053542}, "DERO/USDT": {"last": 5.80396, "ask": 5.81001, "bid": 5.81225}, "LDO/USDT": {"last": 1.8476, "ask": 1.8479, "bid": 1.8503}, "WOM/USDT": {"last": 0.020224, "ask": 0.020224, "bid": 0.020335}, "NUM/USDT": {"last": 0.02911, "ask": 0.02902, "bid": 0.02923}, "TON/USDT": {"last": 1.7981, "ask": 1.7983, "bid": 1.7994}, "AAVE/USDT": {"last": 61.886, "ask": 61.873, "bid": 61.933}, "ELA/USDT": {"last": 1.2132, "ask": 1.212, "bid": 1.2135}, "DOGE/USDT": {"last": 0.07109, "ask": 0.07111, "bid": 0.07113}, "BICO/USDT": {"last": 0.3062, "ask": 0.3058, "bid": 0.3072}, "PRE/USDT": {"last": 0.045298, "ask": 0.04522, "bid": 0.045298}, "ENS/USDT": {"last": 10.224, "ask": 10.221, "bid": 10.237}, "LPT/USDT": {"last": 4.733, "ask": 4.717, "bid": 4.7329}, "TLOS/USDT": {"last": 0.17177, "ask": 0.17157, "bid": 0.172}, "USDD/USDT": {"last": 0.9989, "ask": 0.9988, "bid": 0.9989}, "NEO/USDT": {"last": 8.97, "ask": 8.9498, "bid": 8.9618}, "USDC/USDT": {"last": 0.99953, "ask": 0.99953, "bid": 0.99954}, "DOT/USDT": {"last": 5.2387, "ask": 5.2384, "bid": 5.2399}, "AZERO/USDT": {"last": 1.1008, "ask": 1.1008, "bid": 1.1015}, "EOS/USDT": {"last": 0.8594, "ask": 0.8585, "bid": 0.8589}, "UOS/USDT": {"last": 0.20041, "ask": 0.20038, "bid": 0.2009}, "GMX/USDT": {"last": 60.4524, "ask": 60.3568, "bid": 60.4699}, "POLS/USDT": {"last": 0.3612, "ask": 0.3601, "bid": 0.3612}, "IOST/USDT": {"last": 0.009205, "ask": 0.009174, "bid": 0.009193}, "TVK/USDT": {"last": 0.03249, "ask": 0.03249, "bid": 0.03253}, "AMB/USDT": {"last": 0.00951, "ask": 0.00949, "bid": 0.0095}, "BTC/USDT": {"last": 26389.0, "ask": 26393.2, "bid": 26393.3}, "OCEAN/USDT": {"last": 0.326, "ask": 0.3254, "bid": 0.3258}, "CETUS/USDT": {"last": 0.113, "ask": 0.113, "bid": 0.1133}, "APE/USDT": {"last": 3.2252, "ask": 3.2238, "bid": 3.2254}, "ID/USDT": {"last": 0.4594, "ask": 0.45958, "bid": 0.45994}, "ADA/USDT": {"last": 0.359814, "ask": 0.359752, "bid": 0.35987}, "HNT/USDT": {"last": 1.328, "ask": 1.323, "bid": 1.329}, "ALPHA/USDT": {"last": 0.09699, "ask": 0.09686, "bid": 0.09713}, "CFX/USDT": {"last": 0.236609, "ask": 0.236315, "bid": 0.236473}, "SRM/USDT": {"last": 0.078, "ask": 0.0777, "bid": 0.0779}, "ERN/USDT": {"last": 1.73, "ask": 1.7294, "bid": 1.7349}, "PEPE/USDT": {"last": 1.475e-06, "ask": 1.475e-06, "bid": 1.477e-06}, "ARX/USDT": {"last": 0.002073, "ask": 0.002065, "bid": 0.002073}, "CLV/USDT": {"last": 0.046, "ask": 0.04593, "bid": 0.04608}, "MAP/USDT": {"last": 0.012898, "ask": 0.012889, "bid": 0.012895}, "BTT/USDT": {"last": 5.923e-07, "ask": 5.923e-07, "bid": 5.926e-07}, "ZEC/USDT": {"last": 32.409, "ask": 32.42, "bid": 32.441}, "SYLO/USDT": {"last": 0.001615, "ask": 0.001614, "bid": 0.001615}, "SPA/USDT": {"last": 0.007795, "ask": 0.007776, "bid": 0.007823}, "ICX/USDT": {"last": 0.2464, "ask": 0.2464, "bid": 0.2468}, "AGIX/USDT": {"last": 0.24282, "ask": 0.24261, "bid": 0.24292}, "JASMY/USDT": {"last": 0.004927, "ask": 0.004923, "bid": 0.004927}, "WIN/USDT": {"last": 7.478e-05, "ask": 7.464e-05, "bid": 7.477e-05}, "SXP/USDT": {"last": 0.428, "ask": 0.4279, "bid": 0.4283}, "TEL/USDT": {"last": 0.00172136, "ask": 0.00171579, "bid": 0.00172138}, "HEART/USDT": {"last": 0.015611, "ask": 0.015459, "bid": 0.015609}, "NYM/USDT": {"last": 0.1715, "ask": 0.172, "bid": 0.1726}, "LTO/USDT": {"last": 0.08399, "ask": 0.0838, "bid": 0.08399}, "RPL/USDT": {"last": 45.74, "ask": 45.69, "bid": 45.77}, "REN/USDT": {"last": 0.0738, "ask": 0.07345, "bid": 0.07366}, "BLUR/USDT": {"last": 0.4612, "ask": 0.4607, "bid": 0.4609}, "LUNC/USDT": {"last": 8.865e-05, "ask": 8.865e-05, "bid": 8.871e-05}, "SHILL/USDT": {"last": 0.01115, "ask": 0.01114, "bid": 0.01116}, "DAG/USDT": {"last": 0.0355, "ask": 0.035418, "bid": 0.035501}, "STG/USDT": {"last": 0.5923, "ask": 0.5923, "bid": 0.593}, "XMR/USDT": {"last": 152.0, "ask": 152.02, "bid": 152.03}, "POLC/USDT": {"last": 0.01616, "ask": 0.01613, "bid": 0.01616}, "ZEN/USDT": {"last": 8.16, "ask": 8.127, "bid": 8.142}, "FTM/USDT": {"last": 0.36497, "ask": 0.36485, "bid": 0.36509}, "ZCX/USDT": {"last": 0.06753, "ask": 0.06706, "bid": 0.06753}, "CKB/USDT": {"last": 0.003061, "ask": 0.003062, "bid": 0.003069}, "MAGIC/USDT": {"last": 0.8288, "ask": 0.8279, "bid": 0.8294}, "MTL/USDT": {"last": 0.9981, "ask": 0.9912, "bid": 0.9939}, "DYDX/USDT": {"last": 2.074, "ask": 2.0739, "bid": 2.0765}, "1EARTH/USDT": {"last": 0.00186606, "ask": 0.00185896, "bid": 0.00187316}, "REQ/USDT": {"last": 0.08918, "ask": 0.08914, "bid": 0.08927}, "SUKU/USDT": {"last": 0.0596, "ask": 0.05934, "bid": 0.05953}, "DAO/USDT": {"last": 1.4684, "ask": 1.46367, "bid": 1.4677}, "BOSON/USDT": {"last": 0.1732, "ask": 0.173, "bid": 0.1731}, "GODS/USDT": {"last": 0.1686, "ask": 0.1685, "bid": 0.1686}, "XPR/USDT": {"last": 0.000984, "ask": 0.000984, "bid": 0.000985}, "LOKI/USDT": {"last": 0.11224, "ask": 0.11222, "bid": 0.11285}, "FXS/USDT": {"last": 6.348, "ask": 6.341, "bid": 6.351}, "XRD/USDT": {"last": 0.07303, "ask": 0.07295, "bid": 0.07307}, "RLC/USDT": {"last": 1.5061, "ask": 1.5087, "bid": 1.5109}, "FTT/USDT": {"last": 1.086, "ask": 1.085, "bid": 1.087}, "FITFI/USDT": {"last": 0.0058, "ask": 0.0058, "bid": 0.00582}, "BCHSV/USDT": {"last": 34.569, "ask": 34.569, "bid": 34.637}, "SNX/USDT": {"last": 2.02447, "ask": 2.023435, "bid": 2.025342}, "AIOZ/USDT": {"last": 0.01694, "ask": 0.01682, "bid": 0.01698}, "ATOM/USDT": {"last": 10.987, "ask": 10.9806, "bid": 10.9872}, "MANA/USDT": {"last": 0.4458, "ask": 0.44581, "bid": 0.44616}, "AUDIO/USDT": {"last": 0.229, "ask": 0.2288, "bid": 0.229}, "KSM/USDT": {"last": 24.7246, "ask": 24.7068, "bid": 24.7308}, "ETH/USDT": {"last": 1785.35, "ask": 1785.57, "bid": 1785.58}, "STORJ/USDT": {"last": 0.3008, "ask": 0.2995, "bid": 0.3007}, "GALAX/USDT": {"last": 0.02913, "ask": 0.02915, "bid": 0.02917}, "BURGER/USDT": {"last": 0.4543, "ask": 0.4537, "bid": 0.4546}, "PEOPLE/USDT": {"last": 0.01752, "ask": 0.01744, "bid": 0.01748}, "CWEB/USDT": {"last": 0.02706, "ask": 0.02705, "bid": 0.02706}, "FLOW/USDT": {"last": 0.7416, "ask": 0.7414, "bid": 0.742}, "SUPER/USDT": {"last": 0.12574, "ask": 0.12575, "bid": 0.12588}, "IMX/USDT": {"last": 0.7314, "ask": 0.731, "bid": 0.7316}, "CREAM/USDT": {"last": 17.208, "ask": 17.262, "bid": 17.365}, "GARI/USDT": {"last": 0.05185, "ask": 0.05152, "bid": 0.05197}, "VRA/USDT": {"last": 0.00446949, "ask": 0.00446863, "bid": 0.00447276}, "WAX/USDT": {"last": 0.0552, "ask": 0.05517, "bid": 0.05529}, "DEXE/USDT": {"last": 2.584, "ask": 2.5806, "bid": 2.588}, "SDAO/USDT": {"last": 0.3231, "ask": 0.3229, "bid": 0.3237}, "1INCH/USDT": {"last": 0.4088, "ask": 0.40838, "bid": 0.40883}, "PERP/USDT": {"last": 0.6062, "ask": 0.6047, "bid": 0.6059}, "ANT/USDT": {"last": 3.098, "ask": 3.094, "bid": 3.0987}, "CAKE/USDT": {"last": 1.791, "ask": 1.789, "bid": 1.79}, "NWC/USDT": {"last": 0.080766, "ask": 0.080003, "bid": 0.080766}, "DAR/USDT": {"last": 0.1308, "ask": 0.1305, "bid": 0.1308}, "GAL/USDT": {"last": 1.426, "ask": 1.425, "bid": 1.428}, "ONE/USDT": {"last": 0.015677, "ask": 0.015682, "bid": 0.015696}, "MASK/USDT": {"last": 3.6134, "ask": 3.611,