{"OBX/USDT": {"last": 0.001504, "ask": 0.001521, "bid": 0.001503}, "XRP3L/USDT": {"last": 3.0544, "ask": 3.0605, "bid": 3.0518}, "1SOL/USDT": {"last": 0.004085, "ask": 0.004084, "bid": 0.00404}, "ERTHA/USDT": {"last": 0.002472, "ask": 0.002525, "bid": 0.002472}, "OKG/USDT": {"last": 0.002541, "ask": 0.00257, "bid": 0.00254}, "CHRP/USDT": {"last": 0.005251, "ask": 0.005252, "bid": 0.0052}, "GSTS/USDT": {"last": 0.003691, "ask": 0.003997, "bid": 0.003691}, "CAKE/USDT": {"last": 1.7924, "ask": 1.7929, "bid": 1.7926}, "ATOM2S/USDT": {"last": 3.1547, "ask": 3.1547, "bid": 3.1466}, "FTT/USDT": {"last": 1.08, "ask": 1.078, "bid": 1.0749}, "APE2S/USDT": {"last": 3.2106, "ask": 3.2059, "bid": 3.1987}, "QNT/USDT": {"last": 104.5, "ask": 104.6, "bid": 104.4}, "POKT/USDT": {"last": 0.04099, "ask": 0.04099, "bid": 0.04082}, "BNT/USDT": {"last": 0.414, "ask": 0.4163, "bid": 0.4142}, "APEX/USDT": {"last": 0.3314, "ask": 0.3316, "bid": 0.3315}, "BAR/USDT": {"last": 3.6764, "ask": 3.6764, "bid": 3.6418}, "GGM/USDT": {"last": 0.005205, "ask": 0.005229, "bid": 0.005211}, "LGX/USDT": {"last": 0.004477, "ask": 0.004476, "bid": 0.004475}, "PLY/USDT": {"last": 0.0003555, "ask": 0.0003553, "bid": 0.0003492}, "AGI/USDT": {"last": 0.10046, "ask": 0.10092, "bid": 0.10009}, "LADYS/USDT": {"last": 6.07e-08, "ask": 6.07e-08, "bid": 6.06e-08}, "HVH/USDT": {"last": 0.02791, "ask": 0.02791, "bid": 0.02728}, "BTC3L/USDT": {"last": 0.8908, "ask": 0.8912, "bid": 0.8899}, "OKSE/USDT": {"last": 0.0454, "ask": 0.04549, "bid": 0.0454}, "AGLA/USDT": {"last": 0.05173, "ask": 0.05173, "bid": 0.05012}, "FLOKI/USDT": {"last": 3.4343e-05, "ask": 3.4343e-05, "bid": 3.4308e-05}, "MIX/USDT": {"last": 0.002204, "ask": 0.002204, "bid": 0.002164}, "SHILL/USDT": {"last": 0.01117, "ask": 0.0112, "bid": 0.01116}, "VRA/USDT": {"last": 0.004484, "ask": 0.0045, "bid": 0.004468}, "STAT/USDT": {"last": 0.1126, "ask": 0.1144, "bid": 0.1122}, "DOME/USDT": {"last": 0.00084, "ask": 0.000846, "bid": 0.00084}, "SAND2L/USDT": {"last": 0.9797, "ask": 0.9783, "bid": 0.975}, "LUNA/USDT": {"last": 0.9152, "ask": 0.9153, "bid": 0.9147}, "LTC2L/USDT": {"last": 18.2127, "ask": 18.2544, "bid": 18.2127}, "QMALL/USDT": {"last": 0.2013, "ask": 0.2034, "bid": 0.1991}, "GENE/USDT": {"last": 0.4706, "ask": 0.4706, "bid": 0.4683}, "MVL/USDT": {"last": 0.003356, "ask": 0.003371, "bid": 0.00334}, "PSP/USDT": {"last": 0.031548, "ask": 0.032577, "bid": 0.031492}, "LINK2L/USDT": {"last": 4.1712, "ask": 4.1796, "bid": 4.1697}, "PSTAKE/USDT": {"last": 0.0485, "ask": 0.0485, "bid": 0.04814}, "MPLX/USDT": {"last": 0.02923, "ask": 0.02944, "bid": 0.02906}, "WAXP/USDT": {"last": 0.0552, "ask": 0.05534, "bid": 0.05523}, "MCRT/USDT": {"last": 0.002252, "ask": 0.002269, "bid": 0.002252}, "FTM2S/USDT": {"last": 0.6332, "ask": 0.6343, "bid": 0.6325}, "SOLO/USDT": {"last": 0.1216, "ask": 0.1219, "bid": 0.1215}, "DOGE2L/USDT": {"last": 5.138, "ask": 5.1509, "bid": 5.1379}, "CMP/USDT": {"last": 0.03688, "ask": 0.03774, "bid": 0.03684}, "ECOX/USDT": {"last": 0.4033, "ask": 0.4031, "bid": 0.4019}, "PLAY/USDT": {"last": 0.06415, "ask": 0.06417, "bid": 0.06367}, "AVAX2S/USDT": {"last": 0.9507, "ask": 0.954, "bid": 0.9517}, "RLTM/USDT": {"last": 0.02406, "ask": 0.02409, "bid": 0.02406}, "WBTC/USDT": {"last": 26325.96, "ask": 26330.41, "bid": 26175.12}, "MATIC2S/USDT": {"last": 1.8161, "ask": 1.8205, "bid": 1.8161}, "FIDA/USDT": {"last": 0.3307, "ask": 0.3307, "bid": 0.3294}, "DEVT/USDT": {"last": 0.00317, "ask": 0.00318, "bid": 0.00315}, "DEFY/USDT": {"last": 0.004051, "ask": 0.004071, "bid": 0.004051}, "XETA/USDT": {"last": 0.03421, "ask": 0.03418, "bid": 0.03361}, "SOS/USDT": {"last": 6.55e-08, "ask": 6.55e-08, "bid": 6.43e-08}, "RAIN/USDT": {"last": 0.001047, "ask": 0.001046, "bid": 0.001039}, "BTC3S/USDT": {"last": 4.7745, "ask": 4.781, "bid": 4.772}, "KARATE/USDT": {"last": 0.00181, "ask": 0.0018199, "bid": 0.0018101}, "SON/USDT": {"last": 0.0002883, "ask": 0.0002935, "bid": 0.0002867}, "GCAKE/USDT": {"last": 4.151e-07, "ask": 4.223e-07, "bid": 4.105e-07}, "REAL/USDT": {"last": 0.08012, "ask": 0.08104, "bid": 0.08}, "IZI/USDT": {"last": 0.016501, "ask": 0.016559, "bid": 0.016501}, "KUNCI/USDT": {"last": 0.010223, "ask": 0.010521, "bid": 0.010223}, "CITY/USDT": {"last": 5.3793, "ask": 5.4125, "bid": 5.3793}, "CAPS/USDT": {"last": 0.017079, "ask": 0.01772, "bid": 0.01722}, "SEOR/USDT": {"last": 0.001894, "ask": 0.001895, "bid": 0.001893}, "SHIB/USDT": {"last": 8.6411e-06, "ask": 8.636e-06, "bid": 8.6358e-06}, "GNS/USDT": {"last": 4.6938, "ask": 4.7183, "bid": 4.6936}, "AXL/USDT": {"last": 0.5275, "ask": 0.5279, "bid": 0.5277}, "KON/USDT": {"last": 0.07637, "ask": 0.07638, "bid": 0.07633}, "BTT/USDT": {"last": 5.955e-07, "ask": 5.954e-07, "bid": 5.877e-07}, "MV/USDT": {"last": 0.12683, "ask": 0.1268, "bid": 0.1265}, "MNZ/USDT": {"last": 0.0004456, "ask": 0.0004463, "bid": 0.0004449}, "XCAD/USDT": {"last": 0.9415, "ask": 0.9446, "bid": 0.9392}, "INSUR/USDT": {"last": 0.07274, "ask": 0.07274, "bid": 0.07055}, "BABYDOGE/USDT": {"last": 2.276e-09, "ask": 2.276e-09, "bid": 2.269e-09}, "KRL/USDT": {"last": 0.2495, "ask": 0.2507, "bid": 0.2385}, "MOVR/USDT": {"last": 6.3245, "ask": 6.3245, "bid": 6.3048}, "PRIME/USDT": {"last": 1.31, "ask": 1.309, "bid": 1.304}, "KASTA/USDT": {"last": 0.01785, "ask": 0.01786, "bid": 0.01784}, "PERP/USDT": {"last": 0.6046, "ask": 0.6045, "bid": 0.6044}, "AVA/USDT": {"last": 0.537, "ask": 0.5393, "bid": 0.537}, "TAMA/USDT": {"last": 0.01652, "ask": 0.01652, "bid": 0.01651}, "PEPE/USDT": {"last": 1.3479e-06, "ask": 1.3483e-06, "bid": 1.3463e-06}, "MCT/USDT": {"last": 0.0339, "ask": 0.0339, "bid": 0.03127}, "PSG/USDT": {"last": 4.729, "ask": 4.7205, "bid": 4.6894}, "GODS/USDT": {"last": 0.16834, "ask": 0.16834, "bid": 0.16677}, "CBX/USDT": {"last": 0.0269, "ask": 0.02684, "bid": 0.02657}, "SD/USDT": {"last": 0.9257, "ask": 0.9309, "bid": 0.9257}, "MATIC2L/USDT": {"last": 6.3111, "ask": 6.3218, "bid": 6.3061}, "DLC/USDT": {"last": 0.13019, "ask": 0.1303, "bid": 0.13}, "EVER/USDT": {"last": 0.03886, "ask": 0.03887, "bid": 0.03886}, "AFC/USDT": {"last": 1.5689, "ask": 1.5846, "bid": 1.5786}, "DOGE2S/USDT": {"last": 0.7307, "ask": 0.7307, "bid": 0.7289}, "BTG/USDT": {"last": 12.8823, "ask": 12.9214, "bid": 12.8434}, "DAI/USDT": {"last": 0.9994, "ask": 0.9994, "bid": 0.9993}, "ACA/USDT": {"last": 0.0561, "ask": 0.0564, "bid": 0.0561}, "MBS/USDT": {"last": 0.043295, "ask": 0.043294, "bid": 0.042943}, "FTM2L/USDT": {"last": 4.3167, "ask": 4.3167, "bid": 4.3052}, "OAS/USDT": {"last": 0.073815, "ask": 0.073734, "bid": 0.073655}, "XAVA/USDT": {"last": 0.2857, "ask": 0.2907, "bid": 0.2857}, "ACM/USDT": {"last": 2.296, "ask": 2.296, "bid": 2.2797}, "WWY/USDT": {"last": 0.005754, "ask": 0.005767, "bid": 0.00575}, "LFW/USDT": {"last": 0.010538, "ask": 0.01061, "bid": 0.010466}, "SFUND/USDT": {"last": 1.02305, "ask": 1.03081, "bid": 1.02285}, "CWAR/USDT": {"last": 0.01074, "ask": 0.01074, "bid": 0.01057}, "CO/USDT": {"last": 0.008955, "ask": 0.00897, "bid": 0.008936}, "MDAO/USDT": {"last": 0.2736, "ask": 0.2737, "bid": 0.2736}, "KCAL/USDT": {"last": 0.2398, "ask": 0.2497, "bid": 0.2398}, "WLKN/USDT": {"last": 0.0316, "ask": 0.03167, "bid": 0.03159}, "MOVEZ/USDT": {"last": 0.001728, "ask": 0.001745, "bid": 0.001725}, "ADA2L/USDT": {"last": 3.5098, "ask": 3.5098, "bid": 3.5004}, "ELT/USDT": {"last": 0.000726, "ask": 0.000745, "bid": 0.000726}, "SIDUS/USDT": {"last": 0.001209, "ask": 0.0012175, "bid": 0.0012091}, "NEXO/USDT": {"last": 0.6671, "ask": 0.6673, "bid": 0.6636}, "HERO/USDT": {"last": 0.003182, "ask": 0.003214, "bid": 0.003167}, "AZY/USDT": {"last": 0.01034, "ask": 0.01067, "bid": 0.01044}, "XWG/USDT": {"last": 0.0012041, "ask": 0.0012098, "bid": 0.0012001}, "TOMI/USDT": {"last": 3.911, "ask": 3.984, "bid": 3.911}, "ORT/USDT": {"last": 0.004402, "ask": 0.004481, "bid": 0.004286}, "SAND2S/USDT": {"last": 3.2949, "ask": 3.3149, "bid": 3.3037}, "GST/USDT": {"last": 0.01586, "ask": 0.01586, "bid": 0.01581}, "CRAFT/USDT": {"last": 0.005565,