{"BTC3S/USDT": {"last": 0.01886, "ask": 0.01885, "bid": 0.01881}, "ULTI/USDT": {"last": 0.003075, "ask": 0.003077, "bid": 0.003073}, "MNRY/USDT": {"last": 0.00605, "ask": 0.00606, "bid": 0.00603}, "NESS/USDT": {"last": 0.03545, "ask": 0.03546, "bid": 0.03545}, "SAIL/USDT": {"last": 0.0008461, "ask": 0.0008482, "bid": 0.0008457}, "MPLX/USDT": {"last": 0.19778, "ask": 0.19786, "bid": 0.19771}, "TRVL/USDT": {"last": 0.005224, "ask": 0.005231, "bid": 0.005224}, "EGO/USDT": {"last": 0.005977, "ask": 0.006011, "bid": 0.005979}, "SON/USDT": {"last": 0.00012, "ask": 0.0001201, "bid": 0.0001197}, "G3/USDT": {"last": 0.00389, "ask": 0.003894, "bid": 0.003877}, "OAS/USDT": {"last": 0.014853, "ask": 0.014861, "bid": 0.014853}, "DICE/USDT": {"last": 0.002933, "ask": 0.002967, "bid": 0.002922}, "NAVX/USDT": {"last": 0.03739, "ask": 0.0375, "bid": 0.03739}, "VINU/USDT": {"last": 1.0516e-08, "ask": 1.0541e-08, "bid": 1.0516e-08}, "DOP1/USDT": {"last": 0.0003032, "ask": 0.0003039, "bid": 0.000303}, "LUNA/USDT": {"last": 0.1554, "ask": 0.1555, "bid": 0.1553}, "ERTHA/USDT": {"last": 0.000584, "ask": 0.0005843, "bid": 0.000584}, "SEOR/USDT": {"last": 8.79e-05, "ask": 8.81e-05, "bid": 8.75e-05}, "GSTS/USDT": {"last": 0.002241, "ask": 0.002238, "bid": 0.002235}, "3P/USDT": {"last": 1.211e-09, "ask": 1.211e-09, "bid": 1.21e-09}, "PSG/USDT": {"last": 1.9563, "ask": 1.9563, "bid": 1.955}, "QORPO/USDT": {"last": 0.01904, "ask": 0.01908, "bid": 0.01904}, "VENOM/USDT": {"last": 0.14027, "ask": 0.14026, "bid": 0.14014}, "CATS/USDT": {"last": 8.525e-06, "ask": 8.525e-06, "bid": 8.521e-06}, "STETH/USDT": {"last": 1591.36, "ask": 1592.16, "bid": 1591.66}, "TIME/USDT": {"last": 11.623, "ask": 11.66, "bid": 11.615}, "ELIX/USDT": {"last": 0.005633, "ask": 0.005667, "bid": 0.005633}, "PELL/USDT": {"last": 0.00389, "ask": 0.0039, "bid": 0.00388}, "CITY/USDT": {"last": 0.9967, "ask": 0.9968, "bid": 0.9967}, "FLOKI/USDT": {"last": 5.383e-05, "ask": 5.38e-05, "bid": 5.379e-05}, "SHRAP/USDT": {"last": 0.004952, "ask": 0.004993, "bid": 0.004949}, "THN/USDT": {"last": 0.00103, "ask": 0.001032, "bid": 0.001028}, "ACA/USDT": {"last": 0.02793, "ask": 0.0281, "bid": 0.02786}, "AFG/USDT": {"last": 0.00298, "ask": 0.002991, "bid": 0.00298}, "KUB/USDT": {"last": 1.348, "ask": 1.3485, "bid": 1.3475}, "SOCIAL/USDT": {"last": 0.0001232, "ask": 0.0001232, "bid": 0.0001212}, "XEC/USDT": {"last": 1.963e-05, "ask": 1.964e-05, "bid": 1.959e-05}, "MOG/USDT": {"last": 4.494e-07, "ask": 4.496e-07, "bid": 4.492e-07}, "WELL/USDT": {"last": 0.000167, "ask": 0.0001685, "bid": 0.0001668}, "ZEX/USDT": {"last": 0.02574, "ask": 0.0258, "bid": 0.02573}, "MV/USDT": {"last": 0.00766, "ask": 0.007665, "bid": 0.00766}, "CBK/USDT": {"last": 0.5565, "ask": 0.5565, "bid": 0.5555}, "XZK/USDT": {"last": 0.00791, "ask": 0.00793, "bid": 0.00792}, "MBS/USDT": {"last": 0.00195, "ask": 0.001975, "bid": 0.00195}, "CATBNB/USDT": {"last": 5.21e-06, "ask": 5.24e-06, "bid": 5.21e-06}, "EGP1/USDT": {"last": 0.9386, "ask": 0.9387, "bid": 0.9362}, "DLC/USDT": {"last": 0.14191, "ask": 0.14204, "bid": 0.1417}, "NLK/USDT": {"last": 0.003046, "ask": 0.003056, "bid": 0.003021}, "BTC3L/USDT": {"last": 3.8351, "ask": 3.842, "bid": 3.8384}, "BTT/USDT": {"last": 6.073e-07, "ask": 6.082e-07, "bid": 6.065e-07}, "PIP/USDT": {"last": 0.002801, "ask": 0.002807, "bid": 0.0028}, "PIRATE/USDT": {"last": 0.03788, "ask": 0.0378, "bid": 0.03743}, "SQD/USDT": {"last": 0.15088, "ask": 0.15088, "bid": 0.1505}, "INSP/USDT": {"last": 0.00732, "ask": 0.007319, "bid": 0.007306}, "PBUX/USDT": {"last": 0.003175, "ask": 0.003179, "bid": 0.003173}, "WEN/USDT": {"last": 2.48e-05, "ask": 2.482e-05, "bid": 2.479e-05}, "XAR/USDT": {"last": 0.008888, "ask": 0.008902, "bid": 0.008883}, "FAR/USDT": {"last": 0.001726, "ask": 0.001728, "bid": 0.001726}, "STAR/USDT": {"last": 0.006831, "ask": 0.006846, "bid": 0.006819}, "RAIN/USDT": {"last": 0.0001306, "ask": 0.0001354, "bid": 0.0001306}, "AGLA/USDT": {"last": 0.0013023, "ask": 0.00131, "bid": 0.0013017}, "STOP/USDT": {"last": 0.08741, "ask": 0.0875, "bid": 0.0873}, "FMB/USDT": {"last": 0.00392, "ask": 0.003922, "bid": 0.003917}, "NEON/USDT": {"last": 0.11372, "ask": 0.11374, "bid": 0.11346}, "SHIB/USDT": {"last": 1.169e-05, "ask": 1.17e-05, "bid": 1.169e-05}, "VRTX/USDT": {"last": 0.04606, "ask": 0.04608, "bid": 0.04606}, "NYAN/USDT": {"last": 0.01548, "ask": 0.01553, "bid": 0.01549}, "APRS/USDT": {"last": 0.01309, "ask": 0.0131, "bid": 0.01308}, "FHE/USDT": {"last": 0.07492, "ask": 0.07501, "bid": 0.0749}, "THRUST/USDT": {"last": 0.01636, "ask": 0.017, "bid": 0.01637}, "KCS/USDT": {"last": 10.273, "ask": 10.35, "bid": 10.272}, "METH/USDT": {"last": 1694.81, "ask": 1694.87, "bid": 1691.9}, "GSWIFT/USDT": {"last": 0.01338, "ask": 0.01342, "bid": 0.01337}, "OIK/USDT": {"last": 0.0188, "ask": 0.019, "bid": 0.0188}, "GAME/USDT": {"last": 0.01715, "ask": 0.01726, "bid": 0.01721}, "CHRP/USDT": {"last": 0.002029, "ask": 0.002031, "bid": 0.002028}, "ORT/USDT": {"last": 0.003058, "ask": 0.003062, "bid": 0.003055}, "SVL/USDT": {"last": 0.004535, "ask": 0.004562, "bid": 0.004528}, "BABYDOGE/USDT": {"last": 1.131e-09, "ask": 1.134e-09, "bid": 1.132e-09}, "HLG/USDT": {"last": 0.0005071, "ask": 0.0005084, "bid": 0.0005076}, "ESE/USDT": {"last": 0.008328, "ask": 0.008356, "bid": 0.008325}, "LIS/USDT": {"last": 6.52e-05, "ask": 6.52e-05, "bid": 6.5e-05}, "FET/USDT": {"last": 0.461, "ask": 0.462, "bid": 0.461}, "JEFF/USDT": {"last": 0.004956, "ask": 0.004963, "bid": 0.004935}, "RATS/USDT": {"last": 2.522e-05, "ask": 2.527e-05, "bid": 2.52e-05}, "MSTAR/USDT": {"last": 0.00709, "ask": 0.00711, "bid": 0.00708}, "SALD/USDT": {"last": 0.0002237, "ask": 0.0002254, "bid": 0.0002236}, "BBQ/USDT": {"last": 0.02048, "ask": 0.02051, "bid": 0.02044}, "GENE/USDT": {"last": 0.05781, "ask": 0.05828, "bid": 0.05731}, "SIS/USDT": {"last": 0.05302, "ask": 0.05323, "bid": 0.05302}, "TUSD/USDT": {"last": 0.9979, "ask": 0.9979, "bid": 0.9978}, "AARK/USDT": {"last": 0.00153, "ask": 0.001538, "bid": 0.001526}, "PURSE/USDT": {"last": 3.973e-05, "ask": 3.992e-05, "bid": 3.973e-05}, "MCRT/USDT": {"last": 0.000623, "ask": 0.0006237, "bid": 0.0006219}, "ZTX/USDT": {"last": 0.00213, "ask": 0.00214, "bid": 0.002127}, "HTX/USDT": {"last": 1.679e-06, "ask": 1.681e-06, "bid": 1.68e-06}, "PINEYE/USDT": {"last": 7.47e-05, "ask": 7.43e-05, "bid": 7.4e-05}, "NIBI/USDT": {"last": 0.0177, "ask": 0.01774, "bid": 0.01769}, "NAKA/USDT": {"last": 0.3017, "ask": 0.3021, "bid": 0.3015}, "COQ/USDT": {"last": 6.235e-07, "ask": 6.235e-07, "bid": 6.228e-07}, "COT/USDT": {"last": 0.003774, "ask": 0.003775, "bid": 0.003768}, "SQR/USDT": {"last": 0.00666, "ask": 0.00667, "bid": 0.00664}, "MEE/USDT": {"last": 0.003404, "ask": 0.003404, "bid": 0.003398}, "OBX/USDT": {"last": 9.85e-06, "ask": 1.022e-05, "bid": 9.92e-06}, "PORT3/USDT": {"last": 0.0186, "ask": 0.01863, "bid": 0.01857}, "EXVG/USDT": {"last": 0.003585, "ask": 0.003605, "bid": 0.003583}, "FIRE/USDT": {"last": 0.07192, "ask": 0.07196, "bid": 0.07151}, "NYM/USDT": {"last": 0.04196, "ask": 0.04199, "bid": 0.04184}, "CORN/USDT": {"last": 0.05264, "ask": 0.05266, "bid": 0.05264}, "APTR/USDT": {"last": 0.001398, "ask": 0.0014, "bid": 0.001398}, "GTAI/USDT": {"last": 0.1185, "ask": 0.1187, "bid": 0.1183}, "IZI/USDT": {"last": 0.004779, "ask": 0.004779, "bid": 0.004778}, "FMC/USDT": {"last": 0.0004197, "ask": 0.0004197, "bid": 0.0004183}, "EVER/USDT": {"last": 0.008021, "ask": 0.008035, "bid": 0.008026}, "JUV/USDT": {"last": 0.969, "ask": 0.969, "bid": 0.9688}, "AMI/USDT": {"last": 0.05396, "ask": 0.05399, "bid": 0.05391}, "TAP/USDT": {"last": 0.0004, "ask": 0.0004007, "bid": 0.0004}, "X/USDT": {"last": 6.754e-05, "ask": 6.759e-05, "bid": 6.753e-05}, "PUFF/USDT": {"last": 0.07214, "ask": 0.07262, "bid": 0.07214}, "PSTAKE/USDT": {"last": 0.01111, "ask": 0.01111, "bid": 0.01101}, "GUMMY/USDT": {"last": 0.001567, "ask": 0.001572, "bid": 0.001568}, "LADYS/USDT": {"last": 3.375e-08, "ask": 3.376e-08, "bid": 3.374e-08},