{"ACS/USDT": {"last": 0.0011983, "ask": 0.0012021, "bid": 0.0011976}, "KCS/USDT": {"last": 10.256, "ask": 10.32, "bid": 10.257}, "LUNAI/USDT": {"last": 0.00752, "ask": 0.00752, "bid": 0.00748}, "KASTA/USDT": {"last": 0.012108, "ask": 0.012136, "bid": 0.012103}, "KRO/USDT": {"last": 0.00919, "ask": 0.0092, "bid": 0.00917}, "BABY1/USDT": {"last": 0.09197, "ask": 0.092, "bid": 0.09197}, "NYM/USDT": {"last": 0.04179, "ask": 0.04191, "bid": 0.04179}, "ELDA/USDT": {"last": 0.002008, "ask": 0.002025, "bid": 0.002007}, "XAVA/USDT": {"last": 0.2356, "ask": 0.2357, "bid": 0.2353}, "GTAI/USDT": {"last": 0.1184, "ask": 0.1187, "bid": 0.1183}, "NEIRO/USDT": {"last": 0.02048, "ask": 0.02046, "bid": 0.02044}, "TUSD/USDT": {"last": 0.9979, "ask": 0.9979, "bid": 0.9978}, "MBX/USDT": {"last": 0.163, "ask": 0.164, "bid": 0.163}, "MDAO/USDT": {"last": 0.02242, "ask": 0.02243, "bid": 0.02242}, "WEN/USDT": {"last": 2.458e-05, "ask": 2.462e-05, "bid": 2.459e-05}, "CITY/USDT": {"last": 0.9978, "ask": 0.9983, "bid": 0.9973}, "SHIB/USDT": {"last": 1.168e-05, "ask": 1.169e-05, "bid": 1.168e-05}, "DEFI/USDT": {"last": 0.003588, "ask": 0.003588, "bid": 0.003587}, "SON/USDT": {"last": 0.0001201, "ask": 0.0001202, "bid": 0.0001198}, "MAK/USDT": {"last": 0.00488, "ask": 0.00489, "bid": 0.00486}, "NAVX/USDT": {"last": 0.03742, "ask": 0.03752, "bid": 0.03742}, "ORT/USDT": {"last": 0.00308, "ask": 0.003084, "bid": 0.003075}, "MCRT/USDT": {"last": 0.0006232, "ask": 0.0006245, "bid": 0.0006228}, "LADYS/USDT": {"last": 3.356e-08, "ask": 3.351e-08, "bid": 3.348e-08}, "TOMI/USDT": {"last": 0.002663, "ask": 0.002664, "bid": 0.002657}, "G3/USDT": {"last": 0.00385, "ask": 0.003865, "bid": 0.003841}, "DAI/USDT": {"last": 1.0001, "ask": 1.0001, "bid": 1.0}, "VELAR/USDT": {"last": 0.00953, "ask": 0.00956, "bid": 0.00955}, "ELIX/USDT": {"last": 0.005636, "ask": 0.005637, "bid": 0.00561}, "VPAD/USDT": {"last": 0.004558, "ask": 0.00456, "bid": 0.004552}, "ACA/USDT": {"last": 0.02788, "ask": 0.02809, "bid": 0.02788}, "EGO/USDT": {"last": 0.006, "ask": 0.006012, "bid": 0.005985}, "PIP/USDT": {"last": 0.002819, "ask": 0.002807, "bid": 0.0028}, "CBK/USDT": {"last": 0.5692, "ask": 0.569, "bid": 0.5676}, "KILO/USDT": {"last": 0.037, "ask": 0.03707, "bid": 0.037}, "USDQ/USDT": {"last": 0.9999, "ask": 1.0001, "bid": 0.9999}, "BABYDOGE/USDT": {"last": 1.124e-09, "ask": 1.126e-09, "bid": 1.124e-09}, "LAYER/USDT": {"last": 1.8686, "ask": 1.869, "bid": 1.8681}, "ARTY/USDT": {"last": 0.2395, "ask": 0.2401, "bid": 0.2389}, "BRAWL/USDT": {"last": 7.42e-05, "ask": 7.46e-05, "bid": 7.4e-05}, "3P/USDT": {"last": 1.228e-09, "ask": 1.224e-09, "bid": 1.201e-09}, "DUEL/USDT": {"last": 0.0008592, "ask": 0.0008595, "bid": 0.0008594}, "SEOR/USDT": {"last": 8.62e-05, "ask": 8.72e-05, "bid": 8.63e-05}, "STOP/USDT": {"last": 0.08732, "ask": 0.08723, "bid": 0.08719}, "GSWIFT/USDT": {"last": 0.01322, "ask": 0.01324, "bid": 0.01321}, "FLUID/USDT": {"last": 3.79, "ask": 3.7992, "bid": 3.7901}, "WBTC/USDT": {"last": 83677.88, "ask": 83604.11, "bid": 83565.33}, "AFG/USDT": {"last": 0.00298, "ask": 0.002991, "bid": 0.00298}, "CAPS/USDT": {"last": 0.001329, "ask": 0.001335, "bid": 0.001327}, "GALFT/USDT": {"last": 1.648, "ask": 1.649, "bid": 1.647}, "SMILE/USDT": {"last": 0.02127, "ask": 0.0213, "bid": 0.02119}, "DICE/USDT": {"last": 0.002933, "ask": 0.002967, "bid": 0.002922}, "AMI/USDT": {"last": 0.05373, "ask": 0.0538, "bid": 0.05373}, "AURORA/USDT": {"last": 0.072, "ask": 0.0721, "bid": 0.0719}, "DIAM/USDT": {"last": 0.0097, "ask": 0.00971, "bid": 0.00969}, "FIRE/USDT": {"last": 0.07213, "ask": 0.07233, "bid": 0.07184}, "IZI/USDT": {"last": 0.004779, "ask": 0.00478, "bid": 0.004778}, "APEX/USDT": {"last": 0.7175, "ask": 0.7178, "bid": 0.7174}, "AGLA/USDT": {"last": 0.001307, "ask": 0.0013072, "bid": 0.0012976}, "THN/USDT": {"last": 0.001029, "ask": 0.00103, "bid": 0.001026}, "AFC/USDT": {"last": 0.5076, "ask": 0.5078, "bid": 0.5068}, "STAR/USDT": {"last": 0.00683, "ask": 0.006848, "bid": 0.006822}, "SALD/USDT": {"last": 0.0002266, "ask": 0.0002267, "bid": 0.0002242}, "ZIG/USDT": {"last": 0.0692, "ask": 0.0692, "bid": 0.06904}, "GST/USDT": {"last": 0.00652, "ask": 0.00652, "bid": 0.00651}, "JUV/USDT": {"last": 0.9666, "ask": 0.9669, "bid": 0.9659}, "EXVG/USDT": {"last": 0.003591, "ask": 0.003605, "bid": 0.003582}, "SHRAP/USDT": {"last": 0.004952, "ask": 0.00498, "bid": 0.004944}, "COT/USDT": {"last": 0.003777, "ask": 0.003781, "bid": 0.003769}, "MLK/USDT": {"last": 0.1634, "ask": 0.1614, "bid": 0.1512}, "AARK/USDT": {"last": 0.00153, "ask": 0.001538, "bid": 0.001526}, "ETH3L/USDT": {"last": 0.0733, "ask": 0.0735, "bid": 0.0733}, "TOSHI/USDT": {"last": 0.00031202, "ask": 0.00031242, "bid": 0.0003118}, "BBQ/USDT": {"last": 0.0204, "ask": 0.02048, "bid": 0.0204}, "OBX/USDT": {"last": 1.06e-05, "ask": 1.06e-05, "bid": 1.028e-05}, "TST/USDT": {"last": 0.003242, "ask": 0.003245, "bid": 0.003241}, "GUMMY/USDT": {"last": 0.001561, "ask": 0.001561, "bid": 0.001557}, "PUFF/USDT": {"last": 0.07287, "ask": 0.073, "bid": 0.07261}, "LUNA/USDT": {"last": 0.1547, "ask": 0.1549, "bid": 0.1548}, "LL/USDT": {"last": 0.01191, "ask": 0.01194, "bid": 0.01191}, "TIME/USDT": {"last": 11.722, "ask": 11.711, "bid": 11.71}, "CSPR/USDT": {"last": 0.00903, "ask": 0.00902, "bid": 0.00898}, "USDD/USDT": {"last": 1.0, "ask": 1.0, "bid": 0.9999}, "PURSE/USDT": {"last": 3.995e-05, "ask": 3.995e-05, "bid": 3.957e-05}, "BONK/USDT": {"last": 1.177e-05, "ask": 1.177e-05, "bid": 1.176e-05}, "GSTS/USDT": {"last": 0.002237, "ask": 0.002245, "bid": 0.002241}, "ETH3S/USDT": {"last": 0.015239, "ask": 0.015275, "bid": 0.015239}, "VENOM/USDT": {"last": 0.14017, "ask": 0.14019, "bid": 0.14011}, "PEPE/USDT": {"last": 7.01e-06, "ask": 7.01e-06, "bid": 7e-06}, "MODE/USDT": {"last": 0.003287, "ask": 0.003285, "bid": 0.003271}, "PSG/USDT": {"last": 1.9544, "ask": 1.9553, "bid": 1.9535}, "TENET/USDT": {"last": 0.000759, "ask": 0.000778, "bid": 0.000751}, "NFT/USDT": {"last": 4.255e-07, "ask": 4.258e-07, "bid": 4.252e-07}, "PYUSD/USDT": {"last": 0.9997, "ask": 0.9998, "bid": 0.9997}, "FMB/USDT": {"last": 0.003917, "ask": 0.003919, "bid": 0.003914}, "MX/USDT": {"last": 2.7331, "ask": 2.7373, "bid": 2.7326}, "NESS/USDT": {"last": 0.03545, "ask": 0.03546, "bid": 0.03545}, "FET/USDT": {"last": 0.459, "ask": 0.46, "bid": 0.459}, "TEL/USDT": {"last": 0.004673, "ask": 0.00467, "bid": 0.004663}, "SATS/USDT": {"last": 3.79e-08, "ask": 3.79e-08, "bid": 3.78e-08}, "MEE/USDT": {"last": 0.003419, "ask": 0.003425, "bid": 0.003419}, "RAIN/USDT": {"last": 0.0001305, "ask": 0.000136, "bid": 0.0001319}, "GAME/USDT": {"last": 0.01723, "ask": 0.01732, "bid": 0.01723}, "LMWR/USDT": {"last": 0.08364, "ask": 0.0837, "bid": 0.08361}, "CMETH/USDT": {"last": 1687.05, "ask": 1688.74, "bid": 1688.07}, "KARATE/USDT": {"last": 0.0001348, "ask": 0.0001365, "bid": 0.0001355}, "VRTX/USDT": {"last": 0.04609, "ask": 0.04613, "bid": 0.0461}, "GALAXIS/USDT": {"last": 0.0004729, "ask": 0.000473, "bid": 0.0004706}, "PIRATE/USDT": {"last": 0.03773, "ask": 0.03773, "bid": 0.03747}, "PSTAKE/USDT": {"last": 0.01125, "ask": 0.01135, "bid": 0.01124}, "EVER/USDT": {"last": 0.007997, "ask": 0.008011, "bid": 0.008009}, "NYAN/USDT": {"last": 0.01549, "ask": 0.01554, "bid": 0.01548}, "REAL/USDT": {"last": 0.00826, "ask": 0.00829, "bid": 0.00819}, "METH/USDT": {"last": 1690.55, "ask": 1689.68, "bid": 1686.05}, "MNRY/USDT": {"last": 0.006, "ask": 0.00601, "bid": 0.006}, "ZERO/USDT": {"last": 8.25e-05, "ask": 8.25e-05, "bid": 8.22e-05}, "AKI/USDT": {"last": 0.013581, "ask": 0.013595, "bid": 0.013586}, "STETH/USDT": {"last": 1587.83, "ask": 1587.06, "bid": 1586.63}, "SUPRA/USDT": {"last": 0.00501, "ask": 0.00501, "bid": 0.005}, "POKT/USDT": {"last": 0.00969, "ask": 0.0097, "bid": 0.00968}, "ROOT/USDT": {"last": 0.005825, "ask": 0.005839, "bid": 0.005818}, "FLT/USDT": {"last": 0.04386, "ask": 0.04389, "bid": 0.04382}, "STAT/USDT": {"last": 0.0749, "ask": 0.07494, "bid": 0.07485}, "MOJO/USDT": {"last": 0.003131, "ask": 0.003151,