{"MDT/USDT": {"last": 0.02419, "ask": 0.02442, "bid": 0.02436}, "OAS/USDT": {"last": 0.01487, "ask": 0.01489, "bid": 0.01486}, "KNC/USDT": {"last": 0.312, "ask": 0.3138, "bid": 0.3133}, "BOME/USDT": {"last": 0.001104, "ask": 0.001105, "bid": 0.001104}, "PI/USDT": {"last": 0.6247, "ask": 0.6248, "bid": 0.6247}, "AGLD/USDT": {"last": 0.7894, "ask": 0.7908, "bid": 0.7902}, "BONK/USDT": {"last": 1.1829e-05, "ask": 1.1844e-05, "bid": 1.1838e-05}, "RUNECOIN/USDT": {"last": 0.0004347, "ask": 0.0004349, "bid": 0.0004335}, "ZKJ/USDT": {"last": 2.2385, "ask": 2.238, "bid": 2.2379}, "ETC/USDT": {"last": 14.97, "ask": 14.97, "bid": 14.96}, "ASTR/USDT": {"last": 0.02577, "ask": 0.0258, "bid": 0.02578}, "BCH/USDT": {"last": 320.9, "ask": 321.0, "bid": 320.8}, "APT/USDT": {"last": 4.642, "ask": 4.646, "bid": 4.645}, "GAS/USDT": {"last": 3.627, "ask": 3.635, "bid": 3.627}, "TRX/USDT": {"last": 0.25017, "ask": 0.25017, "bid": 0.25016}, "CELO/USDT": {"last": 0.2902, "ask": 0.2903, "bid": 0.2901}, "SAND/USDT": {"last": 0.2472, "ask": 0.2472, "bid": 0.2471}, "LAT/USDT": {"last": 0.004424, "ask": 0.004421, "bid": 0.004419}, "T/USDT": {"last": 0.01426, "ask": 0.0143, "bid": 0.01428}, "RAY/USDT": {"last": 2.0878, "ask": 2.0885, "bid": 2.087}, "FLM/USDT": {"last": 0.0146, "ask": 0.01464, "bid": 0.01463}, "PIXEL/USDT": {"last": 0.02427, "ask": 0.02427, "bid": 0.02426}, "LDO/USDT": {"last": 0.6903, "ask": 0.6902, "bid": 0.6899}, "TRA/USDT": {"last": 0.4515, "ask": 0.4523, "bid": 0.4515}, "NMR/USDT": {"last": 6.889, "ask": 6.899, "bid": 6.891}, "TON/USDT": {"last": 2.852, "ask": 2.852, "bid": 2.851}, "AAVE/USDT": {"last": 134.95, "ask": 135.05, "bid": 135.0}, "S/USDT": {"last": 0.4697, "ask": 0.4701, "bid": 0.4699}, "NEIRO/USDT": {"last": 0.0001646, "ask": 0.0001646, "bid": 0.0001644}, "TRB/USDT": {"last": 23.0, "ask": 23.02, "bid": 23.0}, "DOGE/USDT": {"last": 0.15402, "ask": 0.15404, "bid": 0.15403}, "MORPHO/USDT": {"last": 0.8781, "ask": 0.8777, "bid": 0.8774}, "BICO/USDT": {"last": 0.0976, "ask": 0.0981, "bid": 0.0979}, "ENS/USDT": {"last": 13.967, "ask": 13.954, "bid": 13.951}, "LPT/USDT": {"last": 3.803, "ask": 3.804, "bid": 3.801}, "MOVE/USDT": {"last": 0.27134, "ask": 0.27136, "bid": 0.27124}, "OMI/USDT": {"last": 0.0002002, "ask": 0.0002002, "bid": 0.0001996}, "ARB/USDT": {"last": 0.281, "ask": 0.2812, "bid": 0.2811}, "SONIC/USDT": {"last": 0.24223, "ask": 0.24237, "bid": 0.24226}, "WBTC/USDT": {"last": 83648.3, "ask": 83687.7, "bid": 83329.9}, "POR/USDT": {"last": 0.6576, "ask": 0.6586, "bid": 0.6576}, "NEO/USDT": {"last": 5.428, "ask": 5.43, "bid": 5.427}, "SD/USDT": {"last": 0.4754, "ask": 0.4773, "bid": 0.4766}, "BNT/USDT": {"last": 0.3655, "ask": 0.3658, "bid": 0.3654}, "CHZ/USDT": {"last": 0.03618, "ask": 0.03619, "bid": 0.03617}, "USDC/USDT": {"last": 1.0, "ask": 1.0001, "bid": 1.0}, "DOT/USDT": {"last": 3.535, "ask": 3.535, "bid": 3.534}, "MILO/USDT": {"last": 9.93e-09, "ask": 9.93e-09, "bid": 9.88e-09}, "XAUT/USDT": {"last": 3278.1, "ask": 3278.0, "bid": 3277.9}, "EOS/USDT": {"last": 0.5979, "ask": 0.5981, "bid": 0.598}, "GMX/USDT": {"last": 15.6, "ask": 15.61, "bid": 15.59}, "IOST/USDT": {"last": 0.00347, "ask": 0.003472, "bid": 0.00347}, "STRK/USDT": {"last": 0.1274, "ask": 0.1276, "bid": 0.1275}, "ATH/USDT": {"last": 0.02753, "ask": 0.02754, "bid": 0.02752}, "CFG/USDT": {"last": 0.1309, "ask": 0.1318, "bid": 0.1316}, "BTC/USDT": {"last": 83479.2, "ask": 83479.3, "bid": 83479.2}, "CETUS/USDT": {"last": 0.09483, "ask": 0.09483, "bid": 0.09478}, "PARTI/USDT": {"last": 0.1494, "ask": 0.1494, "bid": 0.1493}, "APE/USDT": {"last": 0.4114, "ask": 0.4116, "bid": 0.4114}, "ZETA/USDT": {"last": 0.2417, "ask": 0.2413, "bid": 0.2411}, "LOOKS/USDT": {"last": 0.01046, "ask": 0.01047, "bid": 0.01045}, "PYUSD/USDT": {"last": 0.9996, "ask": 1.0002, "bid": 0.9996}, "ID/USDT": {"last": 0.1727, "ask": 0.1728, "bid": 0.1726}, "GHST/USDT": {"last": 0.39, "ask": 0.3964, "bid": 0.39}, "TIA/USDT": {"last": 2.441, "ask": 2.44, "bid": 2.438}, "ADA/USDT": {"last": 0.6118, "ask": 0.612, "bid": 0.6118}, "DIA/USDT": {"last": 0.3374, "ask": 0.3391, "bid": 0.3383}, "ALPHA/USDT": {"last": 0.02662, "ask": 0.02668, "bid": 0.02665}, "RSS3/USDT": {"last": 0.05326, "ask": 0.05329, "bid": 0.0532}, "AERGO/USDT": {"last": 0.4446, "ask": 0.44469, "bid": 0.44448}, "CFX/USDT": {"last": 0.06773, "ask": 0.06777, "bid": 0.06776}, "OKT/USDT": {"last": 4.696, "ask": 4.698, "bid": 4.677}, "ERN/USDT": {"last": 1.323, "ask": 1.324, "bid": 1.323}, "PEPE/USDT": {"last": 7.051e-06, "ask": 7.052e-06, "bid": 7.05e-06}, "PENGU/USDT": {"last": 0.004581, "ask": 0.004578, "bid": 0.004575}, "CLV/USDT": {"last": 0.02221, "ask": 0.02223, "bid": 0.02213}, "BTT/USDT": {"last": 6.06e-07, "ask": 6.057e-07, "bid": 6.055e-07}, "DOGS/USDT": {"last": 0.0001122, "ask": 0.0001123, "bid": 0.0001122}, "ICX/USDT": {"last": 0.08804, "ask": 0.08804, "bid": 0.08802}, "BABY/USDT": {"last": 0.0934, "ask": 0.09345, "bid": 0.09339}, "NAVX/USDT": {"last": 0.03741, "ask": 0.0375, "bid": 0.03747}, "WinToken/USDT": {"last": 4.734e-05, "ask": 4.738e-05, "bid": 4.735e-05}, "SATS/USDT": {"last": 3.82e-08, "ask": 3.82e-08, "bid": 3.81e-08}, "ICE/USDT": {"last": 0.003881, "ask": 0.003885, "bid": 0.003881}, "OKB/USDT": {"last": 52.81, "ask": 52.84, "bid": 52.81}, "ZENT/USDT": {"last": 0.00841, "ask": 0.00842, "bid": 0.0084}, "GOG/USDT": {"last": 0.01327, "ask": 0.01327, "bid": 0.0132}, "RPL/USDT": {"last": 3.53, "ask": 3.528, "bid": 3.524}, "BLUR/USDT": {"last": 0.0959, "ask": 0.0961, "bid": 0.0959}, "LUNC/USDT": {"last": 5.722e-05, "ask": 5.733e-05, "bid": 5.728e-05}, "MOODENG/USDT": {"last": 0.02424, "ask": 0.02426, "bid": 0.02423}, "ALCX/USDT": {"last": 8.2, "ask": 8.211, "bid": 8.192}, "KAIA/USDT": {"last": 0.1005, "ask": 0.1005, "bid": 0.1004}, "BERA/USDT": {"last": 3.882, "ask": 3.885, "bid": 3.882}, "SCR/USDT": {"last": 0.2289, "ask": 0.2294, "bid": 0.229}, "ACT/USDT": {"last": 0.0601, "ask": 0.0602, "bid": 0.0601}, "BIO/USDT": {"last": 0.04359, "ask": 0.04361, "bid": 0.04357}, "MAGIC/USDT": {"last": 0.0715, "ask": 0.0716, "bid": 0.0715}, "DYDX/USDT": {"last": 0.5486, "ask": 0.5489, "bid": 0.5487}, "ZRX/USDT": {"last": 0.2356, "ask": 0.2357, "bid": 0.2354}, "DUCK/USDT": {"last": 0.002034, "ask": 0.002035, "bid": 0.002031}, "DAO/USDT": {"last": 0.1309, "ask": 0.1308, "bid": 0.1301}, "GODS/USDT": {"last": 0.10173, "ask": 0.10182, "bid": 0.10171}, "AUCTION/USDT": {"last": 11.933, "ask": 11.923, "bid": 11.916}, "ORBS/USDT": {"last": 0.01923, "ask": 0.01922, "bid": 0.01921}, "VELODROME/USDT": {"last": 0.04183, "ask": 0.04183, "bid": 0.04178}, "G/USDT": {"last": 0.01312, "ask": 0.01314, "bid": 0.01313}, "OL/USDT": {"last": 0.0338, "ask": 0.033908, "bid": 0.033844}, "FXS/USDT": {"last": 1.667, "ask": 1.667, "bid": 1.666}, "GOAT/USDT": {"last": 0.04638, "ask": 0.04638, "bid": 0.04635}, "AIDOGE/USDT": {"last": 1.455e-10, "ask": 1.457e-10, "bid": 1.455e-10}, "SNX/USDT": {"last": 0.6307, "ask": 0.6313, "bid": 0.6311}, "INJ/USDT": {"last": 7.761, "ask": 7.757, "bid": 7.753}, "ATOM/USDT": {"last": 4.018, "ask": 4.02, "bid": 4.018}, "MANA/USDT": {"last": 0.2712, "ask": 0.271, "bid": 0.2708}, "VENOM/USDT": {"last": 0.14013, "ask": 0.14013, "bid": 0.14007}, "UXLINK/USDT": {"last": 0.4691, "ask": 0.4692, "bid": 0.469}, "ORDI/USDT": {"last": 6.191, "ask": 6.193, "bid": 6.191}, "KSM/USDT": {"last": 12.84, "ask": 12.83, "bid": 12.82}, "JOE/USDT": {"last": 0.1601, "ask": 0.1602, "bid": 0.1599}, "CAT/USDT": {"last": 5.227e-06, "ask": 5.232e-06, "bid": 5.225e-06}, "ETH/USDT": {"last": 1592.81, "ask": 1592.97, "bid": 1592.96}, "STORJ/USDT": {"last": 0.2591, "ask": 0.2595, "bid": 0.2593}, "ZK/USDT": {"last": 0.04694, "ask": 0.04697, "bid": 0.04695}, "PEOPLE/USDT": {"last": 0.01041, "ask": 0.01042, "bid": 0.0104}, "BAL/USDT": {"last": 0.954, "ask": 0.955, "bid": 0.954}, "FLOW/USDT": {"last": 0.3433, "ask": 0.3433, "bid": 0.3431}, "ME/USDT": {"last": 0.915, "ask": 0.916, "bid": 0.915}, "WIF/USDT": {"last": 0.3822, "ask": 0.3823, "bid": 0.3822},