{"MDT/USDT": {"last": 0.02407, "ask": 0.02411, "bid": 0.02407}, "OAS/USDT": {"last": 0.01492, "ask": 0.01497, "bid": 0.01493}, "KNC/USDT": {"last": 0.311, "ask": 0.3115, "bid": 0.311}, "BOME/USDT": {"last": 0.001094, "ask": 0.001095, "bid": 0.001094}, "PI/USDT": {"last": 0.6457, "ask": 0.6457, "bid": 0.6456}, "AGLD/USDT": {"last": 0.7835, "ask": 0.7838, "bid": 0.7835}, "BONK/USDT": {"last": 1.1768e-05, "ask": 1.1769e-05, "bid": 1.1763e-05}, "RUNECOIN/USDT": {"last": 0.0004446, "ask": 0.0004455, "bid": 0.0004441}, "ZKJ/USDT": {"last": 2.2401, "ask": 2.2401, "bid": 2.24}, "ETC/USDT": {"last": 14.86, "ask": 14.86, "bid": 14.85}, "ASTR/USDT": {"last": 0.02568, "ask": 0.02568, "bid": 0.02566}, "BCH/USDT": {"last": 319.5, "ask": 319.7, "bid": 319.6}, "APT/USDT": {"last": 4.622, "ask": 4.624, "bid": 4.623}, "GAS/USDT": {"last": 3.64, "ask": 3.64, "bid": 3.636}, "TRX/USDT": {"last": 0.25049, "ask": 0.25048, "bid": 0.25047}, "CELO/USDT": {"last": 0.2887, "ask": 0.2887, "bid": 0.2885}, "SAND/USDT": {"last": 0.2459, "ask": 0.246, "bid": 0.2458}, "LAT/USDT": {"last": 0.004383, "ask": 0.004384, "bid": 0.004382}, "T/USDT": {"last": 0.01427, "ask": 0.01431, "bid": 0.0143}, "RAY/USDT": {"last": 2.064, "ask": 2.0633, "bid": 2.0626}, "FLM/USDT": {"last": 0.01424, "ask": 0.01428, "bid": 0.01426}, "PIXEL/USDT": {"last": 0.02422, "ask": 0.02423, "bid": 0.02419}, "LDO/USDT": {"last": 0.6851, "ask": 0.6851, "bid": 0.6849}, "TRA/USDT": {"last": 0.4515, "ask": 0.4523, "bid": 0.4516}, "NMR/USDT": {"last": 6.839, "ask": 6.871, "bid": 6.865}, "TON/USDT": {"last": 2.855, "ask": 2.855, "bid": 2.854}, "AAVE/USDT": {"last": 134.23, "ask": 134.24, "bid": 134.22}, "S/USDT": {"last": 0.4725, "ask": 0.4725, "bid": 0.4724}, "NEIRO/USDT": {"last": 0.000164, "ask": 0.0001642, "bid": 0.000164}, "TRB/USDT": {"last": 22.97, "ask": 22.98, "bid": 22.96}, "DOGE/USDT": {"last": 0.15353, "ask": 0.15352, "bid": 0.1535}, "MORPHO/USDT": {"last": 0.8771, "ask": 0.8773, "bid": 0.8771}, "BICO/USDT": {"last": 0.0975, "ask": 0.0976, "bid": 0.0974}, "ENS/USDT": {"last": 13.943, "ask": 13.946, "bid": 13.941}, "LPT/USDT": {"last": 3.8, "ask": 3.801, "bid": 3.799}, "MOVE/USDT": {"last": 0.27554, "ask": 0.27574, "bid": 0.27562}, "OMI/USDT": {"last": 0.0002006, "ask": 0.0002005, "bid": 0.0002}, "ARB/USDT": {"last": 0.2797, "ask": 0.2797, "bid": 0.2796}, "SONIC/USDT": {"last": 0.23533, "ask": 0.23546, "bid": 0.23532}, "WBTC/USDT": {"last": 83648.3, "ask": 83757.3, "bid": 83554.1}, "POR/USDT": {"last": 0.6567, "ask": 0.6587, "bid": 0.6577}, "NEO/USDT": {"last": 5.32, "ask": 5.323, "bid": 5.321}, "SD/USDT": {"last": 0.4732, "ask": 0.4733, "bid": 0.4723}, "BNT/USDT": {"last": 0.3638, "ask": 0.3641, "bid": 0.3637}, "CHZ/USDT": {"last": 0.03605, "ask": 0.03607, "bid": 0.03605}, "USDC/USDT": {"last": 1.0001, "ask": 1.0001, "bid": 1.0}, "DOT/USDT": {"last": 3.521, "ask": 3.519, "bid": 3.518}, "MILO/USDT": {"last": 9.94e-09, "ask": 9.94e-09, "bid": 9.93e-09}, "XAUT/USDT": {"last": 3263.3, "ask": 3264.2, "bid": 3263.2}, "EOS/USDT": {"last": 0.5891, "ask": 0.5892, "bid": 0.589}, "GMX/USDT": {"last": 15.45, "ask": 15.48, "bid": 15.46}, "IOST/USDT": {"last": 0.003451, "ask": 0.003453, "bid": 0.003451}, "STRK/USDT": {"last": 0.1269, "ask": 0.1269, "bid": 0.1268}, "ATH/USDT": {"last": 0.02747, "ask": 0.02747, "bid": 0.02745}, "CFG/USDT": {"last": 0.1314, "ask": 0.131, "bid": 0.1308}, "BTC/USDT": {"last": 83633.3, "ask": 83633.3, "bid": 83633.2}, "CETUS/USDT": {"last": 0.09467, "ask": 0.09471, "bid": 0.09468}, "PARTI/USDT": {"last": 0.1467, "ask": 0.1468, "bid": 0.1467}, "APE/USDT": {"last": 0.4094, "ask": 0.4094, "bid": 0.4092}, "ZETA/USDT": {"last": 0.2368, "ask": 0.2369, "bid": 0.2367}, "LOOKS/USDT": {"last": 0.01031, "ask": 0.01031, "bid": 0.01029}, "PYUSD/USDT": {"last": 0.9996, "ask": 1.0002, "bid": 0.9996}, "ID/USDT": {"last": 0.1721, "ask": 0.1725, "bid": 0.1723}, "GHST/USDT": {"last": 0.3994, "ask": 0.3997, "bid": 0.3918}, "TIA/USDT": {"last": 2.435, "ask": 2.436, "bid": 2.434}, "ADA/USDT": {"last": 0.609, "ask": 0.609, "bid": 0.6088}, "DIA/USDT": {"last": 0.3394, "ask": 0.3395, "bid": 0.3385}, "ALPHA/USDT": {"last": 0.02675, "ask": 0.02675, "bid": 0.02673}, "RSS3/USDT": {"last": 0.05337, "ask": 0.05336, "bid": 0.05325}, "AERGO/USDT": {"last": 0.43204, "ask": 0.43197, "bid": 0.4318}, "CFX/USDT": {"last": 0.06746, "ask": 0.06747, "bid": 0.06746}, "OKT/USDT": {"last": 4.69, "ask": 4.691, "bid": 4.678}, "ERN/USDT": {"last": 1.332, "ask": 1.332, "bid": 1.329}, "PEPE/USDT": {"last": 7.009e-06, "ask": 7.007e-06, "bid": 7.005e-06}, "PENGU/USDT": {"last": 0.004524, "ask": 0.004527, "bid": 0.004524}, "CLV/USDT": {"last": 0.02225, "ask": 0.0223, "bid": 0.02223}, "BTT/USDT": {"last": 6.062e-07, "ask": 6.062e-07, "bid": 6.06e-07}, "DOGS/USDT": {"last": 0.0001113, "ask": 0.0001113, "bid": 0.0001112}, "ICX/USDT": {"last": 0.08729, "ask": 0.08745, "bid": 0.08733}, "BABY/USDT": {"last": 0.09191, "ask": 0.092, "bid": 0.09198}, "NAVX/USDT": {"last": 0.03753, "ask": 0.03758, "bid": 0.03755}, "WinToken/USDT": {"last": 4.744e-05, "ask": 4.746e-05, "bid": 4.743e-05}, "SATS/USDT": {"last": 3.79e-08, "ask": 3.79e-08, "bid": 3.78e-08}, "ICE/USDT": {"last": 0.003879, "ask": 0.00388, "bid": 0.003879}, "OKB/USDT": {"last": 53.24, "ask": 53.24, "bid": 53.22}, "ZENT/USDT": {"last": 0.00833, "ask": 0.00834, "bid": 0.00832}, "GOG/USDT": {"last": 0.013, "ask": 0.01301, "bid": 0.013}, "RPL/USDT": {"last": 3.532, "ask": 3.537, "bid": 3.534}, "BLUR/USDT": {"last": 0.0954, "ask": 0.0955, "bid": 0.0954}, "LUNC/USDT": {"last": 5.699e-05, "ask": 5.702e-05, "bid": 5.698e-05}, "MOODENG/USDT": {"last": 0.02425, "ask": 0.02425, "bid": 0.02424}, "ALCX/USDT": {"last": 8.176, "ask": 8.208, "bid": 8.17}, "KAIA/USDT": {"last": 0.1, "ask": 0.1, "bid": 0.0999}, "BERA/USDT": {"last": 3.9, "ask": 3.899, "bid": 3.896}, "SCR/USDT": {"last": 0.2291, "ask": 0.2293, "bid": 0.2289}, "ACT/USDT": {"last": 0.06, "ask": 0.06, "bid": 0.0599}, "BIO/USDT": {"last": 0.04339, "ask": 0.04337, "bid": 0.04334}, "MAGIC/USDT": {"last": 0.0711, "ask": 0.0712, "bid": 0.0711}, "DYDX/USDT": {"last": 0.5446, "ask": 0.5442, "bid": 0.544}, "ZRX/USDT": {"last": 0.2347, "ask": 0.2348, "bid": 0.2346}, "DUCK/USDT": {"last": 0.002075, "ask": 0.002073, "bid": 0.00207}, "DAO/USDT": {"last": 0.1322, "ask": 0.1321, "bid": 0.1314}, "GODS/USDT": {"last": 0.09768, "ask": 0.09776, "bid": 0.09757}, "AUCTION/USDT": {"last": 12.061, "ask": 12.045, "bid": 12.043}, "ORBS/USDT": {"last": 0.01924, "ask": 0.01924, "bid": 0.01922}, "VELODROME/USDT": {"last": 0.04626, "ask": 0.04626, "bid": 0.04598}, "G/USDT": {"last": 0.01315, "ask": 0.01315, "bid": 0.01313}, "OL/USDT": {"last": 0.035936, "ask": 0.035942, "bid": 0.035904}, "FXS/USDT": {"last": 1.658, "ask": 1.659, "bid": 1.658}, "GOAT/USDT": {"last": 0.04607, "ask": 0.04607, "bid": 0.04604}, "AIDOGE/USDT": {"last": 1.35e-10, "ask": 1.35e-10, "bid": 1.347e-10}, "SNX/USDT": {"last": 0.6287, "ask": 0.6286, "bid": 0.6283}, "INJ/USDT": {"last": 7.708, "ask": 7.712, "bid": 7.709}, "ATOM/USDT": {"last": 3.979, "ask": 3.978, "bid": 3.976}, "MANA/USDT": {"last": 0.2686, "ask": 0.2687, "bid": 0.2685}, "VENOM/USDT": {"last": 0.14013, "ask": 0.14013, "bid": 0.14008}, "UXLINK/USDT": {"last": 0.4802, "ask": 0.48, "bid": 0.4799}, "ORDI/USDT": {"last": 6.15, "ask": 6.152, "bid": 6.15}, "KSM/USDT": {"last": 12.77, "ask": 12.77, "bid": 12.76}, "JOE/USDT": {"last": 0.1609, "ask": 0.1606, "bid": 0.1605}, "CAT/USDT": {"last": 5.174e-06, "ask": 5.179e-06, "bid": 5.173e-06}, "ETH/USDT": {"last": 1588.17, "ask": 1588.01, "bid": 1588.0}, "STORJ/USDT": {"last": 0.2604, "ask": 0.2603, "bid": 0.2601}, "ZK/USDT": {"last": 0.04656, "ask": 0.04657, "bid": 0.04654}, "PEOPLE/USDT": {"last": 0.01034, "ask": 0.01035, "bid": 0.01034}, "BAL/USDT": {"last": 0.942, "ask": 0.946, "bid": 0.943}, "FLOW/USDT": {"last": 0.3418, "ask": 0.3418, "bid": 0.3417}, "ME/USDT": {"last": 0.932, "ask": 0.933, "bid": 0.932}, "WIF/USDT": {"last": 0.3885, "ask": 0.3885, "bid": 0.3883}, "IMX/USDT": {"last": 0.4019,